// Copyright (c) Meta Platforms, Inc. and affiliates.
//
// Generated by assets/gen_splash.py from the Jollybot avatar
// (avatar/muse_pixel.c). Do not edit. Like the avatar, this artwork is
// not covered by the Apache License.
#include "dash_splash.h"

const uint16_t dash_splash_palette[16] = {
    0,  // transparent
    DASH_RGB(172, 153, 123),
    DASH_RGB(22, 21, 35),
    DASH_RGB(255, 255, 255),
    DASH_RGB(164, 126, 255),
    DASH_RGB(255, 76, 139),
    DASH_RGB(57, 49, 82),
    DASH_RGB(219, 202, 172),
    DASH_RGB(196, 197, 255),
    DASH_RGB(244, 163, 158),
    DASH_RGB(57, 40, 32),
    DASH_RGB(139, 117, 98),
    DASH_RGB(249, 227, 198),
    DASH_RGB(205, 192, 222),
    DASH_RGB(238, 105, 123),
    DASH_RGB(172, 155, 255),
};

const uint32_t dash_splash_offsets[DASH_SPLASH_FRAMES] = {
    0, 878, 1572, 2262, 2972, 3642, 4256, 4798,
    5199, 5561, 5797, 5977, 6198, 6413, 6648, 6900,
    7240, 7671, 7986, 8226, 8943, 9349, 9968, 10865,
    11529, 12104, 12943, 13737, 14443, 14879, 15757, 16374,
    17131, 17518, 18383,
};

const uint8_t dash_splash_data[18752] = {
    0x00, 0x00, 0x00, 0x00, 0x00, 0x00, 0x00, 0x00, 0x00, 0x00, 0x00, 0x00, 0x00, 0x00, 0x00, 0x00,
    0x00, 0x00, 0x00, 0x00, 0x00, 0x00, 0x00, 0x00, 0x00, 0x00, 0x00, 0x04, 0xf0, 0xa2, 0xaa, 0x18,
    0xaa, 0xaa, 0xaa, 0xaa, 0x22, 0xaa, 0x03, 0xf0, 0x6f, 0xaa, 0xaa, 0x77, 0xa7, 0x77, 0x77, 0x77,
    0x70, 0x08, 0xaa, 0x77, 0xaa, 0xaa, 0x03, 0xf0, 0x2f, 0xaa, 0xaa, 0x7c, 0x7c, 0x7c, 0x77, 0x7c,
    0x70, 0x0d, 0xc7, 0x77, 0x77, 0x77, 0x77, 0x77, 0xa0, 0x03, 0xf1, 0xa0, 0x1f, 0xa7, 0x77, 0x77,
    0x77, 0x77, 0xc7, 0xc7, 0x70, 0x0f, 0x77, 0x77, 0x77, 0x77, 0x77, 0x77, 0x7a, 0xa0, 0x03, 0xef,
    0xa7, 0xa7, 0x77, 0xc7, 0xc7, 0xc7, 0xc7, 0xc0, 0x0f, 0xcc, 0x7c, 0x7c, 0x77, 0x77, 0x77, 0x77,
    0x70, 0x05, 0x77, 0x7a, 0xa0, 0x03, 0xef, 0xa7, 0x77, 0x7c, 0x1c, 0x1c, 0xbb, 0xbb, 0xb0, 0x0f,
    0xbb, 0xbb, 0xbb, 0xbb, 0xbb, 0xb1, 0x71, 0x70, 0x07, 0x77, 0x77, 0x1a, 0xa0, 0x03, 0xdf, 0xa7,
    0x7c, 0x1b, 0xbc, 0x7c, 0x7c, 0x7c, 0x70, 0x0f, 0xc7, 0xc7, 0xc7, 0xc7, 0xc7, 0xc7, 0xc7, 0xc0,
    0x09, 0x7b, 0xb7, 0x77, 0x11, 0xa0, 0x03, 0xcf, 0xa7, 0x77, 0x1b, 0x7c, 0x7c, 0x7c, 0x7c, 0x70,
    0x0f, 0xc7, 0xc7, 0xc7, 0xc7, 0xc7, 0xc7, 0xc7, 0xc0, 0x0a, 0x7c, 0x7c, 0xb7, 0x71, 0x1a, 0x03,
    0xbf, 0xa7, 0x7c, 0x7b, 0xcc, 0xcc, 0xcc, 0xcc, 0xc0, 0x0f, 0xcc, 0xcc, 0xcc, 0xcc, 0xcc, 0xcc,
    0xcc, 0xc0, 0x0c, 0xcc, 0xcc, 0xcc, 0xb7, 0x11, 0x1a, 0x03, 0xbf, 0xa7, 0x77, 0xcb, 0xcc, 0xcc,
    0xcc, 0xcc, 0xc0, 0x0f, 0xcc, 0xcc, 0xcc, 0xcc, 0xcc, 0xcc, 0xcc, 0xc0, 0x0d, 0xcc, 0xcc, 0xcc,
    0xb1, 0x11, 0x11, 0xa0, 0x03, 0xbf, 0xa7, 0x7c, 0x7b, 0xcc, 0xcc, 0xcc, 0xcc, 0xc0, 0x0f, 0xcc,
    0xcc, 0xcc, 0xcc, 0xcc, 0xcc, 0xcc, 0xc0, 0x0d, 0xcc, 0xcc, 0xcc, 0xb7, 0x11, 0x11, 0xa0, 0x03,
    0xbf, 0xa7, 0x77, 0x7b, 0xcc, 0xcc, 0xcc, 0x2c, 0xc0, 0x0f, 0x2c, 0xcc, 0xcc, 0xcc, 0xcc, 0xc2,
    0xcc, 0x20, 0x0d, 0xcc, 0xcc, 0xcc, 0xb7, 0x71, 0x11, 0xa0, 0x03, 0xaf, 0xa7, 0x77, 0x77, 0xbc,
    0xcc, 0xc9, 0xcc, 0x20, 0x0f, 0x2c, 0xcc, 0xcc, 0xcc, 0xcc, 0xcc, 0xc2, 0x20, 0x0e, 0xcc, 0xc9,
    0xcc, 0xcb, 0x77, 0x11, 0x1a, 0x03, 0xaf, 0xa7, 0x77, 0x77, 0x1b, 0xc9, 0x9c, 0x9c, 0xc0, 0x0f,
    0xcc, 0xcc, 0xca, 0xcc, 0xac, 0xcc, 0xcc, 0xc0, 0x0e, 0xcc, 0x99, 0x9c, 0xb7, 0x17, 0x11, 0x1a,
    0x04, 0x7f, 0xaa, 0xa7, 0x77, 0x77, 0x7c, 0x1b, 0xcc, 0x90, 0x0f, 0xcc, 0xc7, 0xcc, 0xc7, 0xca,
    0xa7, 0xcc, 0xc0, 0x0f, 0x7c, 0xcc, 0x7c, 0x9c, 0xb7, 0x11, 0x11, 0x10, 0x05, 0x11, 0xaa, 0xa0,
    0x04, 0x7f, 0xa7, 0xca, 0x77, 0x77, 0x77, 0xc7, 0x71, 0x70, 0x0f, 0xbb, 0xbb, 0xbb, 0xbb, 0xbb,
    0xbb, 0xbb, 0xb0, 0x0f, 0xbb, 0xbb, 0xb1, 0x77, 0x77, 0x11, 0x71, 0x10, 0x05, 0x1a, 0x77, 0xa0,
    0x04, 0x7f, 0xac, 0x77, 0xa7, 0x77, 0x77, 0x7c, 0x77, 0x70, 0x0f, 0x77, 0x77, 0x77, 0x77, 0x77,
    0x77, 0x77, 0x70, 0x0f, 0x77, 0x77, 0x77, 0x77, 0x17, 0x11, 0x11, 0x10, 0x05, 0xac, 0x77, 0xa0,
    0x04, 0x6f, 0xa7, 0x77, 0x7a, 0x77, 0x77, 0x77, 0x77, 0x70, 0x0f, 0x77, 0x77, 0x77, 0x77, 0x77,
    0x77, 0x77, 0x70, 0x0f, 0x77, 0x77, 0x77, 0x77, 0x11, 0x11, 0x11, 0x10, 0x07, 0x1a, 0xc7, 0x71,
    0xa0, 0x04, 0x7f, 0xac, 0x77, 0xa7, 0x77, 0x77, 0x77, 0x77, 0x70, 0x0f, 0x77, 0x77, 0x77, 0x77,
    0x77, 0x77, 0x77, 0x70, 0x0f, 0x77, 0x77, 0x77, 0x17, 0x17, 0x11, 0x11, 0x10, 0x05, 0xa7, 0x77,
    0xa0, 0x04, 0x7f, 0xa7, 0x77, 0x7a, 0x77, 0x77, 0x77, 0x77, 0x70, 0x0f, 0x77, 0x77, 0x77, 0x77,
    0x77, 0x77, 0x77, 0x70, 0x0f, 0x77, 0x77, 0x77, 0x11, 0x11, 0x11, 0x11, 0xa0, 0x05, 0x77, 0x77,
    0xa0, 0x04, 0x7f, 0xa7, 0x77, 0x7a, 0x77, 0x77, 0x77, 0x77, 0x70, 0x0f, 0x77, 0x77, 0x77, 0x77,
    0x77, 0x77, 0x77, 0x70, 0x0f, 0x77, 0x77, 0x17, 0x17, 0x11, 0x11, 0x11, 0xa0, 0x05, 0x77, 0x71,
    0xa0, 0x04, 0x7f, 0xa7, 0x77, 0x7a, 0x77, 0x77, 0x77, 0x77, 0x70, 0x0f, 0x77, 0x77, 0x77, 0x77,
    0x77, 0x77, 0x17, 0x70, 0x0f, 0x77, 0x71, 0x11, 0x11, 0x11, 0x11, 0x11, 0xa0, 0x05, 0x77, 0x11,
    0xa0, 0x04, 0x8f, 0xa7, 0x7a, 0x77, 0x77, 0x77, 0x77, 0x77, 0x70, 0x0f, 0x77, 0x77, 0x77, 0x77,
    0x77, 0x77, 0x77, 0x10, 0x0f, 0x71, 0x71, 0x11, 0x11, 0x11, 0x11, 0x11, 0xa0, 0x03, 0x11, 0xa0,
    0x04, 0x9f, 0xaa, 0xa1, 0x71, 0x77, 0x77, 0x77, 0x71, 0x70, 0x0f, 0x77, 0x77, 0x77, 0x17, 0x17,
    0x17, 0x71, 0x10, 0x0f, 0x11, 0x11, 0x11, 0x11, 0x11, 0x1d, 0x1a, 0xa0, 0x01, 0xa0, 0x03, 0xaf,
    0xa1, 0x11, 0x11, 0x77, 0x77, 0x77, 0x77, 0x70, 0x0f, 0x77, 0x77, 0x77, 0x17, 0x77, 0x11, 0x11,
    0x10, 0x0d, 0x11, 0x11, 0x11, 0x11, 0x11, 0x1d, 0xa0, 0x03, 0xbf, 0xa1, 0x11, 0x11, 0x11, 0x71,
    0x11, 0x17, 0x10, 0x0f, 0x11, 0x17, 0x17, 0x11, 0x11, 0x11, 0x11, 0x10, 0x0c, 0x11, 0x11, 0x11,
    0x1d, 0x1d, 0x1a, 0x03, 0xcf, 0xa1, 0x11, 0x11, 0x11, 0x71, 0x71, 0x71, 0x70, 0x0f, 0x11, 0x17,
    0x11, 0x11, 0x11, 0x11, 0x11, 0x10, 0x0a, 0x11, 0x1d, 0x11, 0x1d, 0x1a, 0x03, 0xdf, 0xaa, 0xaa,
    0x11, 0x11, 0x11, 0x11, 0x11, 0x10, 0x0f, 0x11, 0x11, 0x11, 0x11, 0x11, 0x11, 0x11, 0x10, 0x08,
    0x1d, 0x1d, 0x1a, 0xaa, 0x04, 0xf0, 0x2f, 0xaa, 0xaa, 0xaa, 0xaa, 0x1a, 0x1a, 0x1a, 0x10, 0x0f,
    0xaa, 0x1a, 0x1a, 0xaa, 0xa1, 0xaa, 0xaa, 0xa0, 0x01, 0xa0, 0x04, 0xf0, 0x69, 0xa1, 0x11, 0xa1,
    0xaa, 0xa0, 0x11, 0xa0, 0x29, 0xaa, 0xa1, 0x11, 0x1a, 0xa0, 0x03, 0xf0, 0x67, 0xaa, 0x11, 0x1a,
    0xa0, 0x87, 0xaa, 0x11, 0x1a, 0xa0, 0x07, 0xf0, 0x83, 0xaa, 0xa0, 0x11, 0x20, 0x11, 0x20, 0x13,
    0x22, 0x20, 0x11, 0x20, 0x14, 0x2a, 0xaa, 0x07, 0xf0, 0x51, 0x20, 0x11, 0x20, 0x1f, 0x22, 0x22,
    0x22, 0x22, 0x22, 0x22, 0x22, 0x20, 0x11, 0x20, 0x11, 0x20, 0x11, 0x20, 0x07, 0xf0, 0xc1, 0x20,
    0x13, 0x22, 0x20, 0x11, 0x20, 0x11, 0x20, 0x11, 0x20, 0x11, 0x20, 0x00, 0x00, 0x00, 0x00, 0x00,
    0x00, 0x00, 0x00, 0x00, 0x00, 0x00, 0x00, 0x00, 0x00, 0x00, 0x00, 0x00, 0x00, 0x00, 0x00, 0x00,
    0x00, 0x00, 0x00, 0x00, 0x00, 0x00, 0x05, 0xf0, 0xa2, 0xaa, 0x11, 0xa0, 0x15, 0xaa, 0xaa, 0xa0,
    0x11, 0xa0, 0x03, 0xf0, 0x7f, 0xaa, 0xa7, 0x7a, 0x7a, 0x77, 0x77, 0x7a, 0x70, 0x07, 0xaa, 0xaa,
    0xaa, 0xa0, 0x04, 0xf0, 0x3f, 0xaa, 0xaa, 0x77, 0x77, 0x7c, 0x77, 0x7c, 0x70, 0x0b, 0x77, 0x77,
    0x77, 0x77, 0x77, 0xa0, 0x11, 0xa0, 0x04, 0xf0, 0x1f, 0xaa, 0x77, 0xc7, 0xc7, 0xc7, 0xc7, 0x7c,
    0xc0, 0x0f, 0x7c, 0x77, 0x77, 0x77, 0x77, 0x77, 0x7a, 0x10, 0x02, 0xaa, 0x07, 0xf1, 0xa0, 0x18,
    0xa7, 0x77, 0x77, 0x77, 0x21, 0xc0, 0x11, 0xc0, 0x11, 0xc0, 0x42, 0x77, 0x28, 0x77, 0x77, 0x77,
    0x1a, 0x05, 0xf6, 0xaa, 0x77, 0x7c, 0x31, 0x70, 0x23, 0xcc, 0xc0, 0x41, 0xc0, 0x95, 0x77, 0x71,
    0xa0, 0x06, 0xf0, 0x12, 0x77, 0x14, 0xcb, 0xbb, 0x41, 0x70, 0x11, 0x70, 0xb9, 0xbb, 0xb1, 0x77,
    0x71, 0xa0, 0x0a, 0xf0, 0x11, 0xc0, 0x11, 0xb0, 0xa1, 0x70, 0x61, 0xc0, 0x11, 0xc0, 0x11, 0xc0,
    0x11, 0xc0, 0x12, 0xcb, 0x14, 0x77, 0x1a, 0x08, 0xd2, 0xa7, 0x13, 0x1b, 0xb0, 0x11, 0x70, 0x11,
    0x70, 0x1f, 0x7c, 0x7c, 0x7c, 0x7c, 0x7c, 0x7c, 0x7c, 0x70, 0x05, 0xc7, 0xc7, 0xc0, 0x12, 0xbb,
    0x21, 0x10, 0x0f, 0xf0, 0x23, 0xbc, 0xc0, 0x11, 0xc0, 0x11, 0xc0, 0x11, 0xc0, 0x11, 0xc0, 0x11,
    0xc0, 0x11, 0xc0, 0x11, 0xc0, 0x11, 0xc0, 0x11, 0xc0, 0x11, 0xc0, 0x11, 0xc0, 0x14, 0xcc, 0xcb,
    0x32, 0xa0, 0x0f, 0xf1, 0xc0, 0x21, 0xc0, 0x11, 0xc0, 0x11, 0xc0, 0x11, 0xc0, 0x11, 0xc0, 0x11,
    0xc0, 0x11, 0xc0, 0x11, 0xc0, 0x11, 0xc0, 0x11, 0xc0, 0x11, 0xc0, 0x11, 0xc0, 0x11, 0xc0, 0x11,
    0xc0, 0x06, 0xb2, 0x0a, 0x11, 0x70, 0x12, 0xcb, 0xf0, 0xd2, 0xb7, 0x32, 0xa0, 0x08, 0xb2, 0x0a,
    0x23, 0x71, 0xb0, 0x51, 0x20, 0x21, 0x20, 0xa1, 0x20, 0x21, 0x20, 0x52, 0xb7, 0x33, 0xa0, 0x00,
    0x09, 0xb2, 0x0a, 0x11, 0x70, 0x12, 0x7b, 0x31, 0x90, 0x22, 0x22, 0xc2, 0x22, 0x11, 0x90, 0x42,
    0xb1, 0x42, 0xa0, 0x0c, 0xf0, 0x12, 0x7b, 0x21, 0x90, 0x12, 0x9c, 0x21, 0xc0, 0x31, 0xa0, 0x21,
    0xa0, 0x31, 0xc0, 0x21, 0x90, 0x11, 0x90, 0x33, 0xb1, 0x10, 0x32, 0xa0, 0x0a, 0x91, 0xa0, 0x61,
    0xc0, 0x11, 0xb0, 0x52, 0xcc, 0x52, 0xaa, 0x52, 0xcc, 0x11, 0x90, 0x11, 0xc0, 0x15, 0xb7, 0x11,
    0x10, 0x41, 0xa0, 0x0d, 0x84, 0xac, 0x7a, 0x47, 0x77, 0x1c, 0xbb, 0x70, 0x11, 0x70, 0x11, 0x70,
    0x11, 0x70, 0x11, 0x70, 0x13, 0x7c, 0x70, 0x11, 0x70, 0x11, 0x70, 0x11, 0x70, 0x16, 0xbb, 0x17,
    0x11, 0x11, 0x10, 0x24, 0xac, 0x7a, 0x08, 0x71, 0x00, 0x11, 0xc0, 0x21, 0xa0, 0x3a, 0x77, 0xc7,
    0x77, 0x77, 0x71, 0x1e, 0x77, 0x17, 0x77, 0x17, 0x77, 0x17, 0x77, 0x14, 0x77, 0x71, 0x54, 0xac,
    0x77, 0x11, 0x00, 0x0b, 0x72, 0x0a, 0x11, 0x70, 0x11, 0xa0, 0x41, 0x70, 0x21, 0x70, 0x1f, 0x77,
    0x77, 0x77, 0x77, 0x77, 0x77, 0x77, 0x70, 0x06, 0x77, 0x77, 0x77, 0x22, 0x11, 0x21, 0x10, 0x13,
    0xa7, 0x70, 0x12, 0xa0, 0x07, 0x72, 0x0a, 0x13, 0xc7, 0xa0, 0x51, 0x70, 0xf0, 0x91, 0x10, 0x73,
    0xa7, 0x70, 0x12, 0xa0, 0x06, 0x63, 0x00, 0xa0, 0x21, 0x70, 0x11, 0xa0, 0xf0, 0xe1, 0x10, 0x68,
    0xa7, 0x77, 0x1a, 0x00, 0x08, 0x72, 0x0a, 0x21, 0x70, 0x11, 0xa0, 0xf0, 0xc1, 0x10, 0x41, 0x10,
    0x33, 0xa7, 0x70, 0x13, 0x1a, 0x00, 0x06, 0x72, 0x0a, 0x32, 0x7a, 0xf0, 0xc2, 0x11, 0x72, 0xa7,
    0x23, 0x1a, 0x00, 0x07, 0x73, 0x00, 0xa0, 0x22, 0x7a, 0xf0, 0xa1, 0x10, 0x12, 0x71, 0x72, 0xa7,
    0x14, 0x1a, 0x00, 0x07, 0x75, 0x00, 0x0a, 0xa0, 0xf0, 0x51, 0x10, 0x52, 0x11, 0x11, 0x70, 0x81,
    0xd0, 0x15, 0xaa, 0x00, 0x00, 0x08, 0x83, 0x00, 0x00, 0x11, 0x10, 0x21, 0x10, 0xf0, 0x71, 0x10,
    0x11, 0x10, 0x81, 0xd0, 0x33, 0x00, 0x00, 0x09, 0x92, 0x00, 0x21, 0x10, 0x21, 0x10, 0x51, 0x70,
    0x71, 0x70, 0x21, 0x10, 0x12, 0x11, 0xb1, 0xd0, 0x42, 0x00, 0x0a, 0xa3, 0x00, 0xa0, 0x41, 0x10,
    0x11, 0x10, 0x11, 0x10, 0x11, 0x10, 0x31, 0x10, 0x31, 0x70, 0x12, 0x11, 0xc1, 0xd0, 0x32, 0xa0,
    0x07, 0xb3, 0x00, 0xa0, 0x51, 0x10, 0x41, 0x10, 0x41, 0x10, 0xf0, 0x11, 0xd0, 0x33, 0xa0, 0x00,
    0x07, 0xc3, 0x0a, 0xa0, 0x71, 0x10, 0x11, 0x10, 0x11, 0x10, 0x31, 0x10, 0xf0, 0x32, 0xa0, 0x06,
    0xd2, 0x00, 0x21, 0xa0, 0xf0, 0x91, 0xd0, 0x41, 0xa0, 0x12, 0x00, 0x09, 0xf0, 0x21, 0x00, 0x31,
    0x10, 0x31, 0xa0, 0x23, 0x1a, 0x10, 0x12, 0x11, 0x13, 0x1a, 0x10, 0x13, 0xd1, 0xa0, 0x51, 0x00,
    0x06, 0xf0, 0xa1, 0x10, 0x32, 0x0a, 0x12, 0xaa, 0x22, 0x1a, 0x13, 0xaa, 0x10, 0x00, 0x00, 0x00,
    0x00, 0x00, 0x00, 0x00, 0x00, 0x00, 0x00, 0x00, 0x00, 0x00, 0x00, 0x00, 0x00, 0x00, 0x00, 0x00,
    0x00, 0x00, 0x00, 0x00, 0x00, 0x00, 0x00, 0x00, 0x06, 0xf0, 0x91, 0x20, 0x31, 0x20, 0x31, 0x20,
    0x31, 0x20, 0x31, 0x20, 0x04, 0xf0, 0x91, 0xa0, 0x23, 0xaa, 0xa0, 0x16, 0xaa, 0xaa, 0xaa, 0x03,
    0xf0, 0x6f, 0xaa, 0xa7, 0xaa, 0x77, 0x7a, 0x77, 0x77, 0x70, 0x05, 0x7a, 0xaa, 0xa0, 0x03, 0xf0,
    0x4f, 0xaa, 0x77, 0x77, 0x77, 0x77, 0x77, 0x77, 0x70, 0x0a, 0x77, 0x77, 0x77, 0x7a, 0xaa, 0x04,
    0xf0, 0x11, 0x20, 0x2f, 0xa7, 0xc7, 0x77, 0x77, 0xc7, 0x77, 0xc7, 0x70, 0x0c, 0x77, 0x77, 0x77,
    0x77, 0x77, 0xaa, 0x06, 0xf0, 0x28, 0xaa, 0x7c, 0xcc, 0x7c, 0x12, 0xcc, 0x14, 0x7c, 0xcc, 0x21,
    0x70, 0x1a, 0x77, 0x77, 0x77, 0x77, 0x1a, 0x05, 0xf0, 0x16, 0xa7, 0x77, 0x77, 0x71, 0xc0, 0x31,
    0xc0, 0x95, 0x77, 0x71, 0xa0, 0x05, 0xf3, 0xa7, 0x70, 0x51, 0x10, 0x1d, 0x1b, 0xbb, 0xbb, 0xbb,
    0xbb, 0xbb, 0xb0, 0x11, 0x10, 0x43, 0x77, 0x70, 0x08, 0xf0, 0x12, 0x7c, 0x13, 0xcb, 0xb0, 0x51,
    0x70, 0x11, 0x70, 0x11, 0x70, 0xa3, 0xbb, 0x10, 0x22, 0x7a, 0x0c, 0xf0, 0x11, 0xc0, 0x12, 0xcb,
    0x41, 0xc0, 0x21, 0x70, 0x11, 0x70, 0x61, 0xc0, 0x11, 0xc0, 0x11, 0xc0, 0x11, 0xc0, 0x12, 0xb1,
    0x13, 0x71, 0xa0, 0x04, 0xe2, 0xa7, 0x12, 0xcb, 0x1f, 0xcc, 0xcc, 0xcc, 0xcc, 0xcc, 0xcc, 0xcc,
    0xc0, 0x0c, 0xcc, 0xcc, 0xcc, 0xcc, 0xcc, 0xb1, 0x0e, 0xf0, 0x41, 0xc0, 0x11, 0xc0, 0x11, 0xc0,
    0x11, 0xc0, 0x11, 0xc0, 0x11, 0xc0, 0x11, 0xc0, 0x11, 0xc0, 0x11, 0xc0, 0x11, 0xc0, 0x11, 0xc0,
    0x11, 0xc0, 0x11, 0xc0, 0x10, 0xc3, 0x20, 0xa0, 0x12, 0x7c, 0x21, 0xc0, 0x11, 0xc0, 0x11, 0xc0,
    0x11, 0xc0, 0x11, 0xc0, 0x11, 0xc0, 0x11, 0xc0, 0x11, 0xc0, 0x11, 0xc0, 0x11, 0xc0, 0x11, 0xc0,
    0x11, 0xc0, 0x11, 0xc0, 0x11, 0x10, 0x04, 0xf0, 0x22, 0x1b, 0xf0, 0xb2, 0xb7, 0x08, 0xc2, 0x0a,
    0x14, 0x77, 0xcb, 0x51, 0x20, 0x21, 0x20, 0x81, 0x20, 0x21, 0x20, 0x52, 0xb1, 0x11, 0x10, 0x07,
    0xc2, 0x0a, 0x32, 0xcb, 0x41, 0x90, 0x12, 0x22, 0xa2, 0x22, 0x21, 0x90, 0x33, 0xb7, 0x10, 0x0b,
    0xc2, 0x2a, 0x23, 0x7c, 0xb0, 0x33, 0x99, 0x90, 0x11, 0xc0, 0x31, 0xa0, 0x21, 0xa0, 0x31, 0xc0,
    0x12, 0x99, 0x11, 0x90, 0x23, 0xb1, 0x10, 0x22, 0xa0, 0x09, 0xf0, 0x13, 0xc7, 0xb0, 0x21, 0xc0,
    0x13, 0x9c, 0xc0, 0x52, 0xaa, 0x52, 0xcc, 0x52, 0xb7, 0x11, 0x10, 0x22, 0xa0, 0x10, 0xa1, 0xa0,
    0x11, 0xa0, 0x44, 0xc1, 0xbb, 0x11, 0x70, 0x11, 0x70, 0x11, 0x70, 0x11, 0x70, 0x11, 0x70, 0x13,
    0x7c, 0x70, 0x11, 0x70, 0x11, 0x70, 0x11, 0x70, 0x15, 0x7b, 0xb7, 0x10, 0x21, 0x10, 0x11, 0xa0,
    0x11, 0xa0, 0x08, 0xa1, 0xc0, 0x11, 0xa0, 0x49, 0x7c, 0x77, 0x1b, 0xbb, 0xb0, 0x11, 0x70, 0x32,
    0x7c, 0x21, 0x70, 0x28, 0xbb, 0xbb, 0x77, 0x77, 0x53, 0xac, 0x70, 0x10, 0x82, 0x0a, 0x11, 0xc0,
    0x11, 0xa0, 0x44, 0x77, 0x77, 0x11, 0x70, 0x11, 0x70, 0x11, 0x70, 0x11, 0x70, 0x11, 0x70, 0x11,
    0x70, 0x11, 0x70, 0x11, 0x70, 0x11, 0x70, 0x13, 0x77, 0x70, 0x11, 0x10, 0x46, 0xac, 0x77, 0xa0,
    0x09, 0x82, 0x0a, 0x13, 0xc7, 0xa0, 0xb2, 0x77, 0x21, 0x70, 0x31, 0x70, 0x31, 0x70, 0x51, 0x10,
    0x63, 0xa7, 0x70, 0x12, 0xa0, 0x07, 0x82, 0x0a, 0x12, 0xc7, 0x11, 0xa0, 0xf0, 0xe1, 0x10, 0x43,
    0xa7, 0x70, 0x22, 0xa0, 0x08, 0x83, 0x0a, 0x70, 0x11, 0x70, 0x11, 0xa0, 0xf0, 0xb1, 0x10, 0x41,
    0x10, 0x23, 0xa7, 0x70, 0x22, 0xa0, 0x06, 0x82, 0x0a, 0x32, 0x7a, 0xf0, 0xa2, 0x11, 0x72, 0xa7,
    0x14, 0x11, 0xa0, 0x06, 0x83, 0x00, 0xa0, 0x22, 0x7a, 0xf0, 0xc1, 0x10, 0x62, 0xa7, 0x14, 0x1a,
    0x00, 0x06, 0x83, 0x00, 0xa0, 0x22, 0x7a, 0xf0, 0x41, 0x10, 0x61, 0x70, 0x77, 0xa7, 0x11, 0xa0,
    0x00, 0x05, 0x94, 0x00, 0xaa, 0xf0, 0xd1, 0x10, 0x21, 0x10, 0x64, 0xaa, 0x00, 0x06, 0xa2, 0x00,
    0x21, 0x10, 0xf0, 0x62, 0x11, 0x31, 0x10, 0xa2, 0x00, 0x06, 0xb4, 0x0a, 0x11, 0x21, 0x10, 0x31,
    0x10, 0xb1, 0x10, 0x12, 0x11, 0xe2, 0xa0, 0x06, 0xb2, 0x0a, 0x21, 0x10, 0x11, 0x10, 0x92, 0x11,
    0xf0, 0x72, 0xa0, 0x05, 0xc2, 0x0a, 0x21, 0x10, 0xf0, 0x21, 0x70, 0xf2, 0xa0, 0x06, 0xf0, 0x61,
    0x70, 0x51, 0x70, 0x31, 0x10, 0xf0, 0x22, 0xa0, 0x05, 0xd1, 0x00, 0x61, 0x10, 0xf0, 0xc1, 0xa0,
    0x21, 0x00, 0x04, 0xf0, 0xf0, 0xf1, 0xa0, 0x21, 0x00, 0x07, 0xf0, 0x61, 0xa0, 0x13, 0x11, 0x10,
    0x32, 0x1a, 0x31, 0xa0, 0x22, 0xa1, 0x61, 0x00, 0x05, 0xf0, 0x83, 0xaa, 0xa0, 0x32, 0xa0, 0x31,
    0x00, 0x22, 0x1a, 0x04, 0xf0, 0x71, 0x10, 0xf0, 0x31, 0x10, 0x04, 0xf0, 0x71, 0xa0, 0xf0, 0x31,
    0xa0, 0x00, 0x00, 0x00, 0x00, 0x00, 0x00, 0x00, 0x00, 0x00, 0x00, 0x00, 0x00, 0x00, 0x00, 0x00,
    0x00, 0x00, 0x00, 0x00, 0x00, 0x00, 0x07, 0xf0, 0x51, 0x20, 0x31, 0x20, 0x31, 0x20, 0x31, 0x20,
    0x31, 0x20, 0x31, 0x20, 0x00, 0x03, 0xf0, 0xd1, 0xa0, 0x33, 0xaa, 0xa0, 0x02, 0xf0, 0xae, 0xaa,
    0xac, 0xaa, 0xa7, 0x77, 0xaa, 0xaa, 0x06, 0xf0, 0x11, 0x20, 0x3f, 0x2a, 0xaa, 0xa7, 0x7c, 0x77,
    0x77, 0x77, 0x70, 0x07, 0x77, 0x77, 0xaa, 0xa0, 0x21, 0x20, 0x31, 0x20, 0x04, 0xf0, 0x5f, 0xa7,
    0xc7, 0x77, 0xcc, 0x77, 0x77, 0x77, 0x70, 0x08, 0x77, 0x77, 0x77, 0x7a, 0x11, 0xa0, 0x05, 0xf0,
    0x36, 0xaa, 0x7c, 0x77, 0x13, 0x77, 0xc0, 0x22, 0x7c, 0x59, 0x77, 0x77, 0x77, 0xa1, 0xa0, 0x06,
    0xf0, 0x35, 0xa7, 0xcc, 0xc0, 0x11, 0xc0, 0x13, 0xcc, 0xc0, 0x21, 0xc0, 0x96, 0x77, 0x77, 0x1a,
    0x05, 0xc1, 0x20, 0x43, 0xa7, 0xc0, 0x31, 0xc0, 0xf0, 0x55, 0x11, 0x1a, 0x20, 0x07, 0xf0, 0x13,
    0xa7, 0x70, 0x21, 0x70, 0x11, 0x10, 0x1f, 0xbb, 0xbb, 0xbb, 0xbb, 0xbb, 0xbb, 0xbb, 0x10, 0x11,
    0x10, 0x42, 0x1a, 0x07, 0xf2, 0xa7, 0x23, 0xc1, 0xb0, 0x51, 0x70, 0x11, 0x70, 0x11, 0x70, 0x11,
    0x70, 0x81, 0xb0, 0x09, 0xf0, 0x11, 0xc0, 0x21, 0xb0, 0x31, 0x70, 0x1f, 0x7c, 0x7c, 0x7c, 0x7c,
    0x7c, 0x7c, 0x7c, 0x70, 0x01, 0xc0, 0x11, 0xc0, 0x11, 0xb0, 0x22, 0x1a, 0x0d, 0xc1, 0x20, 0x45,
    0x71, 0xb7, 0xc0, 0x11, 0xc0, 0x11, 0xc0, 0x11, 0xc0, 0x11, 0xc0, 0x11, 0xc0, 0x11, 0xc0, 0x11,
    0xc0, 0x11, 0xc0, 0x11, 0xc0, 0x14, 0xc7, 0xcb, 0x71, 0x20, 0x0e, 0xe2, 0xa7, 0x51, 0xc0, 0x11,
    0xc0, 0x11, 0xc0, 0x11, 0xc0, 0x11, 0xc0, 0x11, 0xc0, 0x11, 0xc0, 0x11, 0xc0, 0x11, 0xc0, 0x11,
    0xc0, 0x11, 0xc0, 0x11, 0xc0, 0x31, 0x10, 0x04, 0xe2, 0x0a, 0x13, 0x71, 0xb0, 0xf0, 0x92, 0xb7,
    0x06, 0xf0, 0x23, 0xcc, 0xb0, 0xf0, 0x92, 0xb1, 0x11, 0x10, 0x12, 0xa0, 0x07, 0xf0, 0x32, 0x1b,
    0xf0, 0x92, 0xb1, 0x11, 0x10, 0x12, 0xa0, 0x11, 0x20, 0x08, 0xd2, 0x0a, 0x14, 0x77, 0x7b, 0x41,
    0x20, 0x21, 0x20, 0x81, 0x20, 0x21, 0x20, 0x42, 0xb1, 0x14, 0x11, 0xa0, 0x09, 0xd2, 0x0a, 0x32,
    0x1b, 0x21, 0x90, 0x14, 0xc2, 0x2c, 0x85, 0xc2, 0x2c, 0x90, 0x32, 0xb7, 0x11, 0x10, 0x22, 0xa0,
    0x51, 0x80, 0x0b, 0xd2, 0x0a, 0x11, 0x70, 0x12, 0x7b, 0x11, 0x90, 0x32, 0xcc, 0x31, 0xa0, 0x21,
    0xa0, 0x33, 0xcc, 0x90, 0x43, 0xb7, 0x10, 0x32, 0xa0, 0x51, 0x80, 0x09, 0xf0, 0x23, 0x71, 0xb0,
    0x41, 0xc0, 0x54, 0xca, 0xac, 0x51, 0xc0, 0x21, 0xc0, 0x12, 0xb7, 0x61, 0x20, 0x25, 0x88, 0x38,
    0x80, 0x0d, 0xa2, 0xaa, 0x11, 0xa0, 0x21, 0x70, 0x14, 0xc7, 0xbb, 0x11, 0xc0, 0x11, 0x70, 0x31,
    0x70, 0x13, 0xcc, 0x70, 0x31, 0x70, 0x35, 0x7b, 0xb7, 0x70, 0x41, 0xa0, 0x12, 0xaa, 0x31, 0x80,
    0x06, 0xb2, 0x77, 0x11, 0xa0, 0x2f, 0x77, 0x77, 0x71, 0xbb, 0xbb, 0xbb, 0xbb, 0xb0, 0x0d, 0xbb,
    0xbb, 0xbb, 0xbb, 0xb7, 0x17, 0x10, 0x44, 0xa7, 0x77, 0x41, 0x80, 0x0a, 0x94, 0x0a, 0xcc, 0x11,
    0xa0, 0x11, 0x70, 0x45, 0x77, 0x77, 0x70, 0x23, 0x77, 0x70, 0x13, 0x77, 0x70, 0x16, 0x77, 0x77,
    0x77, 0x11, 0x10, 0x11, 0x10, 0x36, 0xa7, 0x77, 0xa0, 0x07, 0x92, 0x0a, 0x21, 0x70, 0x11, 0xa0,
    0xf0, 0xf0, 0x24, 0xa7, 0x77, 0x12, 0xa0, 0x07, 0x95, 0x0a, 0x7c, 0x70, 0x11, 0xa0, 0x21, 0x70,
    0xf0, 0xc1, 0x10, 0x13, 0xa7, 0x70, 0x22, 0xa0, 0x06, 0x93, 0x0a, 0x70, 0x22, 0x7a, 0xf0, 0xc1,
    0x10, 0x42, 0xa7, 0x23, 0x1a, 0x00, 0x06, 0x92, 0x0a, 0x32, 0x7a, 0xf0, 0xf0, 0x22, 0xa7, 0x23,
    0x1a, 0x00, 0x07, 0x93, 0x00, 0xa0, 0x22, 0x7a, 0xf0, 0x91, 0x70, 0x11, 0x10, 0x52, 0xa7, 0x14,
    0x1a, 0x00, 0x05, 0xa3, 0x0a, 0xa0, 0xf0, 0xb1, 0x10, 0x41, 0x10, 0x63, 0xaa, 0x00, 0x04, 0xa4,
    0x00, 0x0a, 0xf0, 0x93, 0x11, 0x10, 0x94, 0xaa, 0x00, 0x06, 0xb2, 0x00, 0x21, 0x10, 0xf0, 0x62,
    0x11, 0x11, 0x10, 0xa2, 0x00, 0x07, 0xc2, 0x0a, 0x21, 0x10, 0xf0, 0x11, 0x10, 0x11, 0x10, 0xc1,
    0xd0, 0x12, 0xa0, 0x04, 0xc2, 0x0a, 0xd1, 0x10, 0xf0, 0x72, 0xa0, 0x09, 0xc2, 0x0a, 0x41, 0x10,
    0x21, 0x10, 0x12, 0x11, 0x11, 0x10, 0x11, 0x70, 0x11, 0x10, 0xf1, 0xd0, 0x23, 0xa0, 0x00, 0x09,
    0xd2, 0x0a, 0x31, 0x10, 0x21, 0x70, 0x31, 0x10, 0x11, 0x70, 0x11, 0x10, 0x11, 0x10, 0x21, 0x10,
    0xd3, 0xa0, 0x00, 0x05, 0xd3, 0x00, 0xa0, 0x51, 0x10, 0xf0, 0x71, 0xd0, 0x32, 0xa0, 0x04, 0xe3,
    0x0a, 0xa0, 0xf0, 0xf1, 0xa0, 0x11, 0x00, 0x04, 0xf2, 0x00, 0xf0, 0x81, 0xd0, 0x52, 0xa0, 0x07,
    0xf0, 0x81, 0xa0, 0x31, 0xa0, 0x14, 0xa1, 0xaa, 0x11, 0x10, 0x21, 0x10, 0x81, 0x00, 0x06, 0xf0,
    0x81, 0x10, 0x31, 0x10, 0x14, 0x0a, 0x00, 0x11, 0xa0, 0x21, 0xa0, 0x03, 0xf0, 0xb1, 0x10, 0xa1,
    0x10, 0x03, 0xf0, 0xb1, 0xa0, 0xa1, 0xa0, 0x00, 0x00, 0x00, 0x00, 0x00, 0x00, 0x00, 0x00, 0x00,
    0x00, 0x00, 0x00, 0x00, 0x00, 0x00, 0x00, 0x00, 0x06, 0xf0, 0x91, 0x20, 0x31, 0x20, 0x31, 0x20,
    0x31, 0x20, 0x31, 0x20, 0x00, 0x00, 0x00, 0x05, 0xf0, 0x11, 0x20, 0x97, 0xaa, 0xaa, 0xaa, 0xa0,
    0x13, 0xaa, 0xa0, 0x71, 0x20, 0x03, 0xf0, 0x7f, 0xaa, 0xaa, 0x77, 0xc7, 0x77, 0x7a, 0x77, 0x70,
    0x02, 0xaa, 0x03, 0xf0, 0x7f, 0xa7, 0x7c, 0x7c, 0x77, 0x77, 0x77, 0x77, 0x70, 0x05, 0x77, 0xaa,
    0xa0, 0x04, 0xf0, 0x58, 0xaa, 0x77, 0xcc, 0xcc, 0x13, 0x77, 0x70, 0x39, 0x77, 0x77, 0x77, 0x7a,
    0xa0, 0x04, 0xc1, 0x20, 0x76, 0xa7, 0x77, 0x7c, 0x51, 0xc0, 0x76, 0x77, 0x77, 0x7a, 0x05, 0xf0,
    0x33, 0xaa, 0xc0, 0x31, 0xc0, 0x61, 0xc0, 0xa4, 0x71, 0x1a, 0x07, 0xf0, 0x41, 0x70, 0x31, 0xc0,
    0x11, 0xc0, 0xf0, 0x21, 0x70, 0x12, 0x1a, 0x05, 0xf0, 0x22, 0xa7, 0x81, 0x10, 0x15, 0x1c, 0x1c,
    0x10, 0x11, 0x10, 0x07, 0xf0, 0x12, 0xa7, 0x24, 0x11, 0xbb, 0x31, 0x70, 0x31, 0x70, 0x83, 0xbb,
    0x10, 0x91, 0x20, 0x05, 0xf0, 0x51, 0xb0, 0x21, 0x70, 0x1f, 0x7c, 0x7c, 0x7c, 0x7c, 0x7c, 0x7c,
    0x7c, 0x70, 0x04, 0xc7, 0xcb, 0x0d, 0xf3, 0x0a, 0xc0, 0x22, 0xbc, 0x11, 0xc0, 0x11, 0xc0, 0x11,
    0xc0, 0x11, 0xc0, 0x11, 0xc0, 0x11, 0xc0, 0x11, 0xc0, 0x11, 0xc0, 0x11, 0xc0, 0x14, 0xc7, 0xb1,
    0x22, 0x1a, 0x0e, 0xf0, 0x61, 0xc0, 0x11, 0xc0, 0x11, 0xc0, 0x11, 0xc0, 0x11, 0xc0, 0x11, 0xc0,
    0x11, 0xc0, 0x11, 0xc0, 0x11, 0xc0, 0x11, 0xc0, 0x11, 0xc0, 0x11, 0xc0, 0x11, 0x10, 0x10, 0x81,
    0x20, 0x91, 0x70, 0x11, 0xc0, 0x11, 0xc0, 0x11, 0xc0, 0x11, 0xc0, 0x11, 0xc0, 0x11, 0xc0, 0x11,
    0xc0, 0x11, 0xc0, 0x11, 0xc0, 0x11, 0xc0, 0x11, 0xc0, 0x11, 0xc0, 0x21, 0x10, 0x11, 0x10, 0x04,
    0xe3, 0x0a, 0x70, 0xf0, 0xe1, 0x10, 0x12, 0xa0, 0x04, 0xe2, 0xa7, 0x11, 0xc0, 0xf0, 0xe3, 0x1a,
    0x00, 0x08, 0xf0, 0x31, 0x70, 0x51, 0x20, 0x21, 0x20, 0x81, 0x20, 0x21, 0x20, 0x52, 0x71, 0x12,
    0xa0, 0x07, 0x81, 0x20, 0xd2, 0x99, 0x12, 0x22, 0xa2, 0x22, 0x11, 0x90, 0x41, 0x70, 0xa1, 0x20,
    0x0b, 0xf0, 0x61, 0x90, 0x12, 0x9c, 0x21, 0xc0, 0x21, 0xa0, 0x21, 0xa0, 0x21, 0xc0, 0x21, 0x90,
    0x11, 0x90, 0x32, 0x71, 0x12, 0xa0, 0x06, 0xf0, 0x32, 0x71, 0x52, 0xcc, 0x42, 0xaa, 0x42, 0xcc,
    0xa2, 0xa0, 0x0a, 0xf0, 0x25, 0x7c, 0x1b, 0xc0, 0x11, 0xc0, 0x61, 0xc0, 0x21, 0xc0, 0x51, 0xc0,
    0x11, 0xc0, 0x12, 0xb7, 0x11, 0x70, 0x13, 0x1a, 0x00, 0x0e, 0x81, 0x20, 0x22, 0xaa, 0x11, 0xa0,
    0x37, 0x77, 0x1b, 0x7c, 0x70, 0x11, 0x70, 0x11, 0x70, 0x13, 0x7c, 0x70, 0x11, 0x70, 0x11, 0x70,
    0x11, 0x70, 0x11, 0x70, 0x13, 0xb7, 0x10, 0x41, 0xa0, 0x12, 0xaa, 0x07, 0xa1, 0x00, 0x13, 0xc7,
    0xa0, 0x5f, 0x77, 0x7b, 0xbb, 0xbb, 0xbb, 0xbb, 0xbb, 0xb0, 0x09, 0xbb, 0xbb, 0xbb, 0x17, 0x70,
    0x11, 0x10, 0x33, 0xa7, 0x70, 0x11, 0x00, 0x08, 0xa2, 0x0a, 0x22, 0x7a, 0x6f, 0x77, 0x77, 0x77,
    0x77, 0x77, 0x77, 0x77, 0x70, 0x04, 0x77, 0x77, 0x11, 0x70, 0x21, 0x10, 0x22, 0xa7, 0x22, 0xa0,
    0x08, 0xa2, 0x0a, 0x22, 0x7a, 0x21, 0x70, 0x71, 0x70, 0xf0, 0x41, 0x10, 0x12, 0xa7, 0x22, 0xa0,
    0x07, 0x81, 0x20, 0x12, 0x0a, 0x32, 0x7a, 0xf0, 0xb1, 0x10, 0x32, 0xa7, 0x32, 0xa0, 0x07, 0xa3,
    0x0a, 0x70, 0x22, 0x7a, 0xf0, 0x91, 0x10, 0x21, 0x10, 0x22, 0xa7, 0x32, 0xa0, 0x06, 0xa2, 0x0a,
    0x32, 0x7a, 0xf0, 0x83, 0x11, 0x10, 0x42, 0xa7, 0x14, 0x11, 0xa0, 0x06, 0xa3, 0x00, 0xa0, 0x22,
    0x1a, 0xf0, 0xa1, 0x10, 0x42, 0xa7, 0x23, 0xa0, 0x00, 0x04, 0xb3, 0x0a, 0xa0, 0xf0, 0xb2, 0x17,
    0x74, 0x1a, 0xa2, 0x04, 0xb3, 0x00, 0x00, 0xf0, 0x81, 0x10, 0xc3, 0xa0, 0x00, 0x07, 0xd1, 0x00,
    0x11, 0x10, 0xf0, 0x31, 0x70, 0x11, 0x10, 0xb1, 0xd0, 0x12, 0x00, 0x05, 0xd2, 0x0a, 0xf0, 0x51,
    0x10, 0xb1, 0xd0, 0x12, 0xa0, 0x05, 0xd3, 0x0a, 0x10, 0x11, 0x10, 0xf0, 0xf0, 0x12, 0xa0, 0x05,
    0xd2, 0x0a, 0x11, 0x10, 0x61, 0x10, 0xf0, 0xa2, 0xa0, 0x08, 0xd2, 0x0a, 0x41, 0x10, 0x13, 0x71,
    0x70, 0x31, 0x70, 0x11, 0x10, 0x11, 0x10, 0xf0, 0x12, 0xa0, 0x04, 0xe2, 0x0a, 0x81, 0x10, 0x51,
    0x10, 0x11, 0x10, 0x00, 0x04, 0xf1, 0x00, 0x11, 0xa0, 0xf0, 0xf1, 0x00, 0x04, 0xf0, 0x23, 0x0a,
    0xa0, 0xf0, 0x92, 0xa1, 0x07, 0xf0, 0x32, 0x00, 0x64, 0x11, 0xa1, 0x12, 0x11, 0x22, 0xa1, 0x41,
    0x10, 0x22, 0x0a, 0x05, 0xf0, 0xb4, 0xaa, 0x1a, 0x12, 0xaa, 0x22, 0x1a, 0x41, 0xa0, 0x03, 0xf0,
    0xd1, 0xa0, 0x61, 0xa0, 0x00, 0x00, 0x00, 0x00, 0x00, 0x00, 0x00, 0x00, 0x00, 0x00, 0x00, 0x00,
    0x00, 0x00, 0x00, 0x00, 0x00, 0x00, 0x04, 0xf0, 0x51, 0x20, 0xf0, 0x81, 0x20, 0x00, 0x03, 0xf0,
    0xe1, 0xa0, 0x51, 0xa0, 0x02, 0xf0, 0x9f, 0xaa, 0xaa, 0xa7, 0xaa, 0xaa, 0xa7, 0xaa, 0xa0, 0x04,
    0xf0, 0x7f, 0xaa, 0x77, 0x77, 0x7c, 0x77, 0x77, 0x77, 0x70, 0x04, 0x77, 0xaa, 0x71, 0x20, 0x04,
    0xf0, 0x67, 0xa7, 0x77, 0x7c, 0xc0, 0x51, 0x70, 0x36, 0x77, 0x77, 0xaa, 0x04, 0xf0, 0x53, 0xa7,
    0x70, 0xf0, 0x15, 0x77, 0x71, 0xa0, 0x04, 0xf0, 0x62, 0x7c, 0xf0, 0x43, 0x71, 0xa0, 0x07, 0xf0,
    0x34, 0xaa, 0x7c, 0x11, 0xc0, 0x11, 0x70, 0xf0, 0x32, 0x1a, 0x61, 0x20, 0x06, 0xf0, 0x41, 0x70,
    0x11, 0xc0, 0x11, 0xc0, 0x41, 0xc0, 0xe4, 0x77, 0x1a, 0x05, 0xf0, 0x22, 0xa7, 0x31, 0x10, 0x1f,
    0x1b, 0xbb, 0xbb, 0xbb, 0xbb, 0xbb, 0xbb, 0xb0, 0x02, 0x11, 0x0a, 0xf0, 0x12, 0xa7, 0x32, 0x1b,
    0x41, 0x70, 0x11, 0x70, 0x11, 0x70, 0x14, 0x7c, 0x7c, 0x11, 0xc0, 0x12, 0xcb, 0x42, 0x1a, 0x0c,
    0x81, 0x20, 0x72, 0x2a, 0x33, 0xb7, 0xc0, 0x11, 0xc0, 0x11, 0xc0, 0x11, 0xc0, 0x11, 0xc0, 0x11,
    0xc0, 0x11, 0xc0, 0x11, 0xc0, 0x14, 0xc7, 0xcb, 0x32, 0xa0, 0x0c, 0xf0, 0x61, 0xc0, 0x11, 0xc0,
    0x11, 0xc0, 0x11, 0xc0, 0x11, 0xc0, 0x11, 0xc0, 0x11, 0xc0, 0x11, 0xc0, 0x11, 0xc0, 0x11, 0xc0,
    0x11, 0xc0, 0x0e, 0xf0, 0x21, 0x70, 0x41, 0xc0, 0x11, 0xc0, 0x11, 0xc0, 0x11, 0xc0, 0x11, 0xc0,
    0x11, 0xc0, 0x11, 0xc0, 0x11, 0xc0, 0x11, 0xc0, 0x11, 0xc0, 0x11, 0xc0, 0x21, 0x10, 0x05, 0xf2,
    0x0a, 0x22, 0x1b, 0xf0, 0x72, 0xb7, 0x22, 0xa0, 0x05, 0xf0, 0x41, 0xc0, 0xf0, 0x91, 0x10, 0xb1,
    0x20, 0x04, 0xf0, 0x41, 0x10, 0xf0, 0x92, 0x77, 0x07, 0xe2, 0x2a, 0x22, 0x7c, 0x41, 0x20, 0x21,
    0x20, 0x81, 0x20, 0x21, 0x20, 0x41, 0x10, 0x06, 0xe4, 0x0a, 0x77, 0x12, 0x1b, 0x25, 0x9c, 0x22,
    0xc0, 0x84, 0xc2, 0x29, 0x32, 0xb7, 0x32, 0x1a, 0x08, 0xf0, 0x24, 0x77, 0xcb, 0x33, 0x9c, 0xc0,
    0x31, 0xa0, 0x21, 0xa0, 0x33, 0xc9, 0x90, 0x32, 0xb1, 0x32, 0xa0, 0x06, 0xf0, 0x43, 0x7b, 0xc0,
    0x84, 0xca, 0xac, 0x71, 0xc0, 0x12, 0xb7, 0xc1, 0x80, 0x07, 0xe2, 0x2a, 0x32, 0xcb, 0x11, 0xc0,
    0x82, 0xcc, 0x71, 0xc0, 0x22, 0xb1, 0x32, 0xa0, 0x0b, 0xc2, 0xaa, 0x53, 0x77, 0xb0, 0x11, 0x70,
    0x31, 0x70, 0x31, 0x70, 0x31, 0x70, 0x31, 0x70, 0x22, 0xb1, 0x21, 0x10, 0x32, 0xaa, 0x35, 0x88,
    0x38, 0x80, 0x07, 0xb1, 0x00, 0x13, 0x77, 0xa0, 0x46, 0x77, 0x1b, 0xbb, 0xc5, 0xbb, 0xb7, 0x10,
    0x53, 0xac, 0x70, 0x11, 0x20, 0x25, 0x02, 0x80, 0x00, 0x07, 0xc1, 0x70, 0x11, 0xc0, 0x11, 0xa0,
    0x6f, 0x77, 0x7c, 0x77, 0x77, 0x77, 0x77, 0x77, 0x70, 0x04, 0x77, 0x77, 0x11, 0x10, 0x24, 0x1a,
    0x77, 0x06, 0xd1, 0xc0, 0x12, 0x7a, 0xf0, 0xb1, 0x10, 0x32, 0xa7, 0x81, 0x00, 0x04, 0xf2, 0x7a,
    0xf0, 0xf2, 0xac, 0x21, 0x10, 0x04, 0xf0, 0xf0, 0xa2, 0x11, 0x82, 0x11, 0x04, 0xb2, 0x0a, 0xf0,
    0xf0, 0x73, 0x1a, 0x00, 0x04, 0xb2, 0x0a, 0xf0, 0xc1, 0x70, 0xa2, 0xa0, 0x06, 0xc2, 0x0a, 0xf0,
    0xa1, 0x10, 0x11, 0x70, 0x21, 0x10, 0x43, 0x1a, 0x00, 0x04, 0xc3, 0x20, 0xa0, 0xf0, 0xf0, 0x43,
    0xa0, 0x00, 0x04, 0xe2, 0x0a, 0xf0, 0x91, 0x10, 0x91, 0x00, 0x04, 0xf0, 0xf0, 0x42, 0x11, 0x51,
    0x10, 0x04, 0xf0, 0x21, 0x10, 0xf1, 0x10, 0xe2, 0xa0, 0x06, 0xf0, 0x31, 0x10, 0x51, 0x10, 0xf0,
    0x61, 0xd0, 0x12, 0xa0, 0x09, 0xe2, 0x0a, 0x31, 0x10, 0x11, 0x70, 0x11, 0x70, 0x31, 0x70, 0x11,
    0x10, 0x11, 0x10, 0xd1, 0xd0, 0x22, 0xa0, 0x04, 0xe2, 0x0a, 0xf0, 0xd1, 0xd0, 0x22, 0xa0, 0x08,
    0xf0, 0x51, 0x10, 0x11, 0x10, 0x11, 0x70, 0x31, 0x10, 0x11, 0x70, 0x11, 0x70, 0xe2, 0xa0, 0x04,
    0xf2, 0x0a, 0xa1, 0x10, 0xe1, 0xd0, 0x42, 0xa0, 0x06, 0xf0, 0x11, 0x00, 0x11, 0xa0, 0xf0, 0x71,
    0xd0, 0x42, 0xa0, 0x05, 0xf0, 0x31, 0x00, 0x11, 0xa0, 0xf0, 0x91, 0xa0, 0x08, 0xf0, 0x51, 0x00,
    0x22, 0x1a, 0x31, 0x10, 0x61, 0x10, 0x21, 0xa0, 0x13, 0xaa, 0x10, 0x21, 0x00, 0x06, 0xf0, 0x82,
    0xa1, 0x31, 0xa0, 0x61, 0xa0, 0x21, 0x10, 0x12, 0x11, 0x00, 0x00, 0x00, 0x00, 0x00, 0x00, 0x00,
    0x00, 0x00, 0x00, 0x00, 0x00, 0x00, 0x00, 0x00, 0x04, 0xf0, 0xd1, 0x20, 0x31, 0x20, 0x31, 0x20,
    0x00, 0x00, 0x00, 0x02, 0xf0, 0x11, 0x20, 0x05, 0xf0, 0xe1, 0xa0, 0x31, 0xa0, 0x11, 0xa0, 0x11,
    0xa0, 0x02, 0xf0, 0x9f, 0xaa, 0xaa, 0xac, 0xaa, 0xa7, 0xa7, 0xa7, 0xa0, 0x03, 0xf0, 0x7d, 0xaa,
    0x77, 0x77, 0xcc, 0x77, 0x77, 0x70, 0x15, 0x77, 0x7a, 0xa0, 0x06, 0xc1, 0x20, 0x83, 0xa7, 0x70,
    0x11, 0xc0, 0x11, 0xc0, 0x11, 0x70, 0x94, 0x77, 0xaa, 0x04, 0xf0, 0x52, 0xa7, 0x31, 0xc0, 0xf3,
    0x77, 0xa0, 0x04, 0xf0, 0x31, 0x20, 0xc1, 0xc0, 0xa3, 0x71, 0xa0, 0x04, 0xf0, 0x34, 0xaa, 0xcc,
    0x31, 0x70, 0x51, 0xc0, 0x02, 0xf0, 0x31, 0x00, 0x05, 0xf0, 0x21, 0xa0, 0x51, 0x10, 0x1f, 0xbb,
    0xbb, 0xbb, 0xbb, 0xbb, 0xbb, 0xbb, 0x10, 0x52, 0xa0, 0x03, 0xf0, 0x6f, 0x7b, 0x77, 0x77, 0x77,
    0x77, 0x77, 0x77, 0x70, 0x07, 0x77, 0x77, 0x7b, 0x10, 0x06, 0xf0, 0x12, 0x0a, 0x32, 0xbc, 0xf0,
    0x33, 0x7b, 0x10, 0x22, 0xa0, 0x05, 0xf0, 0x52, 0xbc, 0xf0, 0x52, 0x7b, 0xc1, 0x20, 0x02, 0xf0,
    0x41, 0xc0, 0x05, 0xe1, 0x20, 0xf0, 0xf0, 0x22, 0xa0, 0x11, 0x20, 0x04, 0xf0, 0x41, 0x70, 0xf0,
    0xb1, 0x10, 0x06, 0xf0, 0x51, 0xb0, 0xf0, 0x71, 0xb0, 0x11, 0x70, 0x12, 0xa2, 0x07, 0xf2, 0x0a,
    0x13, 0x7c, 0xb0, 0x41, 0x20, 0x21, 0x20, 0x61, 0x20, 0x21, 0x20, 0x41, 0xb0, 0x08, 0xf2, 0x0a,
    0x31, 0xb0, 0x31, 0x90, 0x11, 0x20, 0xa1, 0x20, 0x12, 0xc9, 0x21, 0xb0, 0x61, 0x20, 0x08, 0xf0,
    0x41, 0x70, 0x52, 0x9c, 0x31, 0xa0, 0x21, 0xa0, 0x32, 0xcc, 0x21, 0x90, 0x62, 0xa0, 0x04, 0xe3,
    0x00, 0xa0, 0x51, 0xc0, 0x74, 0xca, 0xac, 0x41, 0xc0, 0x07, 0xe3, 0x00, 0xa0, 0x11, 0xc0, 0x41,
    0xc0, 0x72, 0xcc, 0x61, 0xc0, 0x51, 0x10, 0xb1, 0x00, 0x0e, 0xd2, 0xaa, 0x21, 0x70, 0x14, 0x71,
    0xb7, 0x11, 0x70, 0x11, 0x70, 0x11, 0x70, 0x11, 0x70, 0x11, 0x70, 0x11, 0x70, 0x11, 0x70, 0x11,
    0x70, 0x11, 0x70, 0x12, 0xb7, 0x43, 0x1a, 0xa0, 0x09, 0xd3, 0x7c, 0xa0, 0x53, 0x7b, 0xb0, 0xf0,
    0x14, 0xbb, 0x77, 0x11, 0x10, 0x23, 0xa7, 0x70, 0x41, 0x00, 0x11, 0x80, 0x11, 0x00, 0x07, 0xd1,
    0xc0, 0x12, 0x7a, 0x5f, 0x77, 0x17, 0x1b, 0xbb, 0xbb, 0xbb, 0xbb, 0xb0, 0x04, 0x11, 0x71, 0x12,
    0x71, 0x11, 0x10, 0x13, 0xa7, 0x70, 0x06, 0xb2, 0x0a, 0x51, 0x70, 0xf0, 0xa1, 0x10, 0x62, 0xa0,
    0x41, 0x00, 0x05, 0xb3, 0x0a, 0x70, 0x22, 0x7a, 0xf0, 0xd2, 0xa7, 0x32, 0xa0, 0x06, 0xb2, 0x0a,
    0x32, 0x7a, 0xf0, 0x81, 0x10, 0x43, 0xa7, 0x70, 0x22, 0xa0, 0x07, 0xb2, 0x0a, 0x32, 0x7a, 0xf0,
    0x91, 0x10, 0x32, 0xa7, 0x32, 0xa2, 0x31, 0x20, 0x06, 0xc2, 0x0a, 0x22, 0x7a, 0xf0, 0x91, 0x10,
    0x32, 0xa7, 0x13, 0x1a, 0x00, 0x06, 0xc2, 0x0a, 0x22, 0x7a, 0xf0, 0x81, 0x70, 0x42, 0xa1, 0x13,
    0x1a, 0x00, 0x04, 0xd3, 0x0a, 0xa0, 0xf0, 0xf0, 0x23, 0xaa, 0x00, 0x06, 0xe1, 0x00, 0xf0, 0x61,
    0x10, 0x12, 0x11, 0x11, 0x10, 0x71, 0x00, 0x04, 0xf0, 0xf0, 0x51, 0x10, 0xc2, 0xa0, 0x04, 0xe3,
    0x0a, 0x10, 0xf0, 0xf0, 0x12, 0xa0, 0x01, 0xe3, 0x0a, 0x10, 0x05, 0xc1, 0x20, 0x12, 0x0a, 0xe1,
    0x10, 0x41, 0x70, 0xb2, 0xa2, 0x03, 0xf2, 0x0a, 0xf0, 0xf2, 0xa0, 0x03, 0xf0, 0x51, 0x10, 0x71,
    0x10, 0x04, 0xf2, 0x0a, 0x41, 0x10, 0x51, 0x10, 0xf1, 0xd0, 0x04, 0xf0, 0x21, 0xa0, 0xf0, 0xd2,
    0xa0, 0x05, 0xf0, 0x21, 0x00, 0x81, 0x70, 0xf0, 0x31, 0xa0, 0x05, 0xf0, 0x51, 0x10, 0xf0, 0x71,
    0xa0, 0x12, 0x00, 0x06, 0xf0, 0x51, 0xa0, 0x41, 0xa0, 0xc1, 0x10, 0x11, 0x10, 0x12, 0xa0, 0x04,
    0xf0, 0xa1, 0x10, 0xc1, 0xa0, 0x11, 0xa0, 0x00, 0x00, 0x00, 0x00, 0x00, 0x00, 0x00, 0x00, 0x00,
    0x00, 0x00, 0x00, 0x00, 0x00, 0x00, 0x03, 0xf0, 0x91, 0x20, 0xf1, 0x20, 0x00, 0x00, 0x00, 0x05,
    0xf0, 0xb1, 0xa0, 0x27, 0xaa, 0xaa, 0xaa, 0xa0, 0x11, 0xa0, 0xa1, 0x20, 0x03, 0xf0, 0x8e, 0xaa,
    0xa7, 0xaa, 0x77, 0x77, 0x77, 0x7a, 0x21, 0xa0, 0x08, 0xf0, 0x71, 0x20, 0x24, 0x77, 0x77, 0x13,
    0x77, 0x70, 0x11, 0x70, 0x11, 0x70, 0x22, 0x7a, 0x11, 0x20, 0x03, 0xf0, 0xb1, 0xc0, 0xc3, 0x77,
    0xa0, 0x04, 0xf0, 0xf0, 0xb1, 0x70, 0xa1, 0x20, 0x03, 0xf0, 0x41, 0xa0, 0x41, 0xc0, 0x05, 0xf0,
    0x81, 0xc0, 0xf0, 0x41, 0x70, 0x21, 0x20, 0x00, 0x03, 0x81, 0x20, 0xff, 0x1b, 0xbb, 0xbb, 0xbb,
    0xbb, 0xbb, 0xbb, 0xb0, 0x11, 0x10, 0x03, 0xf0, 0x6f, 0x1b, 0xb7, 0x7c, 0x77, 0x7c, 0x77, 0x7c,
    0x70, 0x06, 0x77, 0xc7, 0xbb, 0x0c, 0xe1, 0x20, 0x54, 0x1b, 0x7c, 0x11, 0xc0, 0x11, 0xc0, 0x11,
    0xc0, 0x11, 0xc0, 0x11, 0xc0, 0x11, 0xc0, 0x11, 0xc0, 0x11, 0xc0, 0x12, 0xcb, 0x71, 0x20, 0x0b,
    0xf0, 0x81, 0xc0, 0x11, 0xc0, 0x11, 0xc0, 0x11, 0xc0, 0x11, 0xc0, 0x11, 0xc0, 0x11, 0xc0, 0x11,
    0xc0, 0x11, 0xc0, 0x11, 0xc0, 0x0d, 0xf0, 0x42, 0x71, 0x11, 0xc0, 0x11, 0xc0, 0x11, 0xc0, 0x11,
    0xc0, 0x11, 0xc0, 0x11, 0xc0, 0x11, 0xc0, 0x11, 0xc0, 0x11, 0xc0, 0x11, 0xc0, 0x12, 0xc7, 0x04,
    0xf0, 0x41, 0x70, 0xf0, 0xb2, 0xa0, 0x00, 0x00, 0x01, 0xf2, 0x0a, 0x00, 0x01, 0xa1, 0x20, 0x03,
    0xf0, 0xf0, 0xf1, 0x10, 0x05, 0xf0, 0x51, 0x10, 0xf0, 0x71, 0x70, 0x11, 0x10, 0x05, 0xe1, 0xa0,
    0x52, 0x7b, 0xf0, 0x52, 0xb7, 0x42, 0x1a, 0x07, 0xa1, 0x20, 0x31, 0x70, 0x53, 0x77, 0xb0, 0xf0,
    0x32, 0xb1, 0x52, 0xa7, 0x62, 0x80, 0x08, 0xf2, 0x7a, 0x11, 0x70, 0x36, 0x71, 0xbb, 0xbb, 0x86,
    0xbb, 0xbb, 0x77, 0x11, 0x10, 0x32, 0xa7, 0x61, 0x80, 0x21, 0x00, 0x07, 0xd1, 0x70, 0x13, 0xc7,
    0xa0, 0x61, 0x70, 0x1d, 0x77, 0x17, 0x17, 0x17, 0x77, 0x17, 0x70, 0x11, 0x70, 0x52, 0xac, 0x82,
    0x80, 0x04, 0xf0, 0x12, 0x7a, 0xf0, 0xd2, 0xa7, 0x04, 0xf0, 0xf0, 0xf0, 0x51, 0x10, 0x04, 0xf0,
    0xf0, 0xe1, 0x10, 0x51, 0x10, 0x04, 0xc2, 0x2a, 0xf0, 0xf0, 0x53, 0x1a, 0x00, 0x00, 0x04, 0xd2,
    0x0a, 0xf0, 0xa1, 0x10, 0x73, 0x1a, 0x00, 0x04, 0xe1, 0x00, 0xf0, 0xb1, 0x10, 0x71, 0x00, 0x01,
    0xf2, 0x0a, 0x03, 0xf3, 0x0a, 0x10, 0xf0, 0x51, 0x10, 0x04, 0xf2, 0x0a, 0xf0, 0x51, 0x10, 0x81,
    0xd0, 0x03, 0xf2, 0x0a, 0xf0, 0x41, 0x10, 0x02, 0xf2, 0x0a, 0xc1, 0x10, 0x02, 0xf0, 0x31, 0x10,
    0x01, 0xf2, 0x0a, 0x04, 0xf0, 0x12, 0x0a, 0xf0, 0xd2, 0xa0, 0x02, 0xf0, 0x11, 0x00, 0x00, 0x02,
    0xf0, 0x51, 0xa0, 0x02, 0xf0, 0x51, 0x00, 0x00, 0x00, 0x00, 0x00, 0x00, 0x00, 0x00, 0x00, 0x00,
    0x00, 0x00, 0x00, 0x00, 0x00, 0x00, 0x00, 0x00, 0x00, 0x00, 0x03, 0xf0, 0xe1, 0xa0, 0x11, 0xa0,
    0x03, 0xf0, 0xd2, 0xa7, 0x11, 0x00, 0x05, 0xf0, 0x81, 0x00, 0x41, 0x70, 0x21, 0xa0, 0x53, 0x7a,
    0x00, 0x03, 0xf0, 0x73, 0xaa, 0x70, 0xd2, 0x7a, 0x06, 0xf0, 0x63, 0xa7, 0x70, 0x11, 0xc0, 0x11,
    0xc0, 0x11, 0x70, 0xc1, 0xa0, 0x04, 0xf0, 0x52, 0xa7, 0x91, 0xc0, 0xa2, 0x1a, 0x05, 0xf0, 0x41,
    0x00, 0x21, 0xc0, 0x51, 0x70, 0xe2, 0x1a, 0x04, 0xe1, 0x20, 0x34, 0xaa, 0x7c, 0xf0, 0x61, 0x10,
    0x04, 0xf0, 0x31, 0x00, 0xf0, 0xa2, 0x1a, 0x06, 0xf0, 0x32, 0xa7, 0x41, 0xb0, 0xe1, 0xb0, 0xf0,
    0x11, 0x20, 0x07, 0xf0, 0x31, 0x70, 0x42, 0x7c, 0x31, 0xc0, 0x31, 0xc0, 0x31, 0xc0, 0x31, 0xc0,
    0x03, 0xf0, 0xf0, 0xf2, 0xa2, 0x00, 0x02, 0xf0, 0x41, 0xc0, 0x00, 0x04, 0xa1, 0x20, 0xf0, 0xf0,
    0x52, 0xa0, 0x04, 0xf0, 0x41, 0xc0, 0xf0, 0xa1, 0x70, 0x05, 0xe1, 0x20, 0xa1, 0x20, 0x21, 0x20,
    0x61, 0x20, 0x21, 0x20, 0x06, 0xf0, 0x81, 0x90, 0x14, 0xc2, 0x2c, 0x65, 0xc2, 0x2c, 0x90, 0x42,
    0x11, 0x12, 0xa0, 0x08, 0xf3, 0xa7, 0x70, 0x41, 0x90, 0x32, 0xcc, 0x21, 0xa0, 0x21, 0xa0, 0x23,
    0xcc, 0x90, 0x82, 0xa0, 0x51, 0x20, 0x06, 0xf2, 0x0a, 0x31, 0x70, 0x41, 0xc0, 0x44, 0xca, 0xac,
    0x71, 0xc0, 0x12, 0x11, 0x06, 0xe1, 0x20, 0x61, 0xb0, 0x12, 0xcc, 0x62, 0xcc, 0x62, 0xcc, 0x11,
    0xb0, 0x01, 0xf2, 0xa7, 0x07, 0xf0, 0x11, 0xa0, 0xf0, 0xd1, 0x10, 0x11, 0xa0, 0x61, 0x20, 0x11,
    0x00, 0x04, 0xf0, 0xd8, 0xbb, 0xbb, 0xbb, 0xbb, 0xf0, 0x43, 0x00, 0x00, 0x06, 0xf0, 0xd1, 0x70,
    0x11, 0x70, 0x11, 0x70, 0x31, 0x70, 0xa1, 0x70, 0x03, 0xf0, 0xb1, 0x70, 0xe1, 0x10, 0x03, 0xf0,
    0xf0, 0xb2, 0x11, 0x04, 0xc2, 0x0a, 0xf0, 0xf0, 0x62, 0xa0, 0x03, 0xf0, 0xf0, 0xa1, 0x70, 0x04,
    0xf0, 0xf0, 0xb1, 0x70, 0x51, 0x10, 0x05, 0xf1, 0xa0, 0xf0, 0xf0, 0x21, 0xa0, 0x11, 0x20, 0x01,
    0xf1, 0x00, 0x00, 0x00, 0x04, 0xf0, 0x21, 0x10, 0xf0, 0x11, 0x70, 0x04, 0xf0, 0xf0, 0x51, 0x70,
    0xb2, 0xa0, 0x00, 0x02, 0xf0, 0x51, 0x10, 0x06, 0xf0, 0x61, 0x10, 0x11, 0x10, 0x31, 0x10, 0x11,
    0x70, 0x31, 0x70, 0x02, 0xf0, 0x12, 0xa1, 0x03, 0xf0, 0xf0, 0xf1, 0xa0, 0x03, 0xf0, 0xf0, 0xe3,
    0xa0, 0x00, 0x02, 0xf0, 0x51, 0x10, 0x03, 0xf0, 0x51, 0xa0, 0x23, 0xa1, 0x10, 0x02, 0xf0, 0x83,
    0x1a, 0xa0, 0x00, 0x00, 0x00, 0x00, 0x00, 0x00, 0x00, 0x00, 0x00, 0x00, 0x00, 0x00, 0x00, 0x00,
    0x00, 0x02, 0xf0, 0x51, 0x20, 0x00, 0x04, 0xf0, 0xb1, 0x20, 0x31, 0x20, 0x31, 0x20, 0x02, 0xf0,
    0xf1, 0xa0, 0x03, 0xf0, 0xc1, 0xa0, 0x22, 0x77, 0x04, 0xf0, 0xc1, 0x70, 0x31, 0x70, 0x81, 0xa0,
    0x04, 0xf0, 0x31, 0x20, 0xf0, 0xc1, 0x20, 0x02, 0xf0, 0x91, 0xc0, 0x00, 0x00, 0x04, 0xf0, 0xf0,
    0xf0, 0x51, 0x20, 0x00, 0x04, 0xf0, 0x71, 0x10, 0xf0, 0x81, 0x20, 0x00, 0x03, 0xa1, 0x20, 0x62,
    0x0a, 0x11, 0x70, 0x00, 0x01, 0xe1, 0x20, 0x04, 0xf0, 0x51, 0xc0, 0xf0, 0x71, 0x10, 0x05, 0xf0,
    0x51, 0x10, 0xf0, 0x71, 0x10, 0xa1, 0x20, 0x04, 0xf0, 0x51, 0xc0, 0xf0, 0x71, 0x10, 0x06, 0x41,
    0x20, 0xb2, 0x2a, 0x21, 0x10, 0xf0, 0x71, 0x70, 0x61, 0x20, 0x04, 0xf0, 0x42, 0x77, 0xf0, 0x71,
    0x10, 0x04, 0xf2, 0x0a, 0x31, 0x10, 0xf0, 0x71, 0x10, 0x04, 0xf0, 0xf0, 0xf0, 0x22, 0xa0, 0x04,
    0x41, 0x20, 0xf0, 0xf0, 0xf1, 0x20, 0x06, 0xf0, 0xa1, 0x70, 0x31, 0x70, 0x31, 0x70, 0x31, 0x70,
    0x31, 0x70, 0x04, 0xf0, 0x81, 0xb0, 0xf0, 0x11, 0xb0, 0x04, 0xc2, 0x0a, 0xa1, 0x70, 0xe1, 0x10,
    0xa2, 0xa0, 0x05, 0xf0, 0xf0, 0xf0, 0x51, 0x10, 0x42, 0x82, 0x00, 0x01, 0xa1, 0x20, 0x00, 0x00,
    0x04, 0xd2, 0x0a, 0xf0, 0xf0, 0x42, 0xa0, 0x04, 0xf0, 0x11, 0xa0, 0xf0, 0xf1, 0xa0, 0x04, 0xf0,
    0xf0, 0xf0, 0x21, 0xd0, 0x01, 0x81, 0x20, 0x00, 0x00, 0x00, 0x04, 0xf0, 0xf0, 0xf0, 0x71, 0x20,
    0x00, 0x00, 0x00, 0x02, 0xf0, 0x31, 0xa0, 0x02, 0xf0, 0x32, 0x0a, 0x00, 0x00, 0x00, 0x00, 0x00,
    0x00, 0x00, 0x00, 0x00, 0x00, 0x00, 0x00, 0x00, 0x00, 0x00, 0x00, 0x00, 0x00, 0x03, 0xf0, 0xf0,
    0xe1, 0x20, 0x00, 0x03, 0xf0, 0xf0, 0x81, 0x20, 0x05, 0xf0, 0xf0, 0x31, 0xa0, 0x11, 0xa0, 0x11,
    0xa0, 0x04, 0xf0, 0xf0, 0x31, 0x70, 0x12, 0x7a, 0x03, 0xf0, 0xf0, 0x61, 0x70, 0x00, 0x00, 0x00,
    0x00, 0x00, 0x00, 0x02, 0xf0, 0xca, 0x77, 0x77, 0x77, 0x77, 0x77, 0x00, 0x03, 0xf0, 0x22, 0xa7,
    0x11, 0x10, 0x00, 0x04, 0xf0, 0xf0, 0xf0, 0x51, 0x20, 0x00, 0x00, 0x02, 0xf0, 0x41, 0x70, 0x00,
    0x00, 0x04, 0xf0, 0xf0, 0xd1, 0x70, 0x41, 0x20, 0x00, 0x00, 0x04, 0xf0, 0xf0, 0xf0, 0x31, 0xa0,
    0x04, 0xf1, 0x70, 0xf0, 0xf0, 0x21, 0x70, 0x05, 0xf0, 0x12, 0x7a, 0x51, 0x70, 0x11, 0x10, 0xc1,
    0x70, 0x04, 0xf0, 0xf0, 0xf0, 0xa1, 0x00, 0x04, 0xa1, 0x80, 0xf0, 0xf0, 0x91, 0x10, 0x05, 0xc2,
    0x0a, 0xf0, 0xf0, 0x62, 0xa0, 0x21, 0x20, 0x04, 0xf0, 0x22, 0x7a, 0xf0, 0xb2, 0xa7, 0x04, 0xf0,
    0x22, 0x7a, 0xf0, 0xb2, 0xa7, 0x00, 0x00, 0x00, 0x00, 0x00, 0x04, 0xe1, 0x20, 0x31, 0x10, 0xf0,
    0xd2, 0xa0, 0x00, 0x00, 0x00, 0x00, 0x02, 0xf0, 0x21, 0xa0, 0x02, 0xf0, 0x12, 0x20, 0x00, 0x00,
    0x00, 0x00, 0x00, 0x00, 0x00, 0x00, 0x00, 0x00, 0x00, 0x00, 0x00, 0x00, 0x00, 0x00, 0x00, 0x00,
    0x00, 0x00, 0x00, 0x02, 0xf0, 0x71, 0x20, 0x04, 0xf0, 0xf0, 0x21, 0xa0, 0x11, 0xa0, 0x04, 0xf0,
    0x92, 0xaa, 0x61, 0x70, 0x11, 0x70, 0x03, 0xf0, 0xa1, 0x70, 0xd1, 0xa0, 0x03, 0xf0, 0xa1, 0xc0,
    0xd1, 0x70, 0x00, 0x02, 0xf0, 0x31, 0x20, 0x00, 0x00, 0x04, 0xf0, 0xf0, 0x11, 0x10, 0x31, 0x10,
    0x05, 0xe1, 0x20, 0x81, 0xb0, 0x21, 0x70, 0xa1, 0x70, 0x21, 0xb0, 0x00, 0x05, 0xf0, 0x22, 0x0a,
    0xf0, 0xf0, 0x51, 0x20, 0x00, 0x00, 0x00, 0x04, 0xf0, 0xf0, 0xd1, 0x70, 0x41, 0x20, 0x04, 0xf0,
    0xf0, 0xf0, 0x12, 0xa0, 0x00, 0x00, 0x00, 0x04, 0xf0, 0x61, 0xb0, 0xf0, 0x51, 0xb0, 0x04, 0xf0,
    0x41, 0x70, 0xf0, 0xc2, 0xa2, 0x04, 0xf0, 0x62, 0x1b, 0xf0, 0x32, 0xb7, 0x04, 0xf0, 0x71, 0x10,
    0xf0, 0x31, 0x70, 0x05, 0x91, 0x80, 0xf0, 0x11, 0xc0, 0xa1, 0x10, 0x82, 0xa7, 0x02, 0x41, 0x20,
    0x33, 0x88, 0x80, 0x05, 0x92, 0x80, 0x12, 0x0a, 0xf0, 0xf0, 0x62, 0xa0, 0x04, 0xf0, 0x22, 0x7a,
    0xf0, 0xb2, 0xa7, 0x04, 0xf0, 0xf0, 0xf0, 0x41, 0x10, 0x00, 0x04, 0xf0, 0xf0, 0xb1, 0x10, 0x61,
    0x10, 0x05, 0xa1, 0x20, 0x31, 0x20, 0xf0, 0xf0, 0x41, 0x00, 0x00, 0x04, 0xf0, 0xf0, 0xf0, 0x11,
    0xd0, 0x04, 0xf0, 0xf0, 0xf0, 0x22, 0xa0, 0x00, 0x00, 0x00, 0x00, 0x04, 0xf0, 0x12, 0x0a, 0x71,
    0x10, 0x71, 0x10, 0x00, 0x00, 0x00, 0x02, 0xf0, 0x61, 0xa0, 0x02, 0xf0, 0x61, 0x70, 0x00, 0x00,
    0x00, 0x00, 0x00, 0x00, 0x00, 0x00, 0x00, 0x00, 0x00, 0x00, 0x00, 0x00, 0x00, 0x00, 0x00, 0x00,
    0x03, 0xf0, 0xf0, 0xc1, 0x20, 0x02, 0xf0, 0xa3, 0xaa, 0xa0, 0x04, 0xc1, 0x20, 0xa1, 0xa0, 0x13,
    0x77, 0x70, 0x93, 0x7a, 0xa0, 0x03, 0xf0, 0xf1, 0xc0, 0x72, 0x77, 0x01, 0xe1, 0x20, 0x00, 0x04,
    0x81, 0x20, 0xf0, 0xf0, 0x71, 0x20, 0x00, 0x00, 0x04, 0xf0, 0xc1, 0x10, 0x11, 0x10, 0x31, 0x10,
    0x04, 0xf0, 0xa1, 0x70, 0xc1, 0x70, 0xb1, 0x20, 0x00, 0x04, 0xf0, 0x11, 0x20, 0xf0, 0xe1, 0x60,
    0x00, 0x02, 0x41, 0x20, 0x81, 0x60, 0x01, 0xd1, 0x60, 0x01, 0xb5, 0x66, 0x86, 0x60, 0x03, 0xd1,
    0x60, 0xb4, 0x22, 0x22, 0x64, 0x22, 0x22, 0x04, 0xa1, 0x20, 0x21, 0x60, 0xb4, 0xc2, 0x2c, 0x64,
    0xc2, 0x2c, 0x03, 0xf0, 0xb2, 0xcc, 0x82, 0xcc, 0x00, 0x00, 0x01, 0xa1, 0x20, 0x00, 0x04, 0xf0,
    0x91, 0xb0, 0xe1, 0xb0, 0x21, 0x70, 0x05, 0x91, 0x00, 0x52, 0xcc, 0x81, 0x70, 0x1b, 0x17, 0x17,
    0x17, 0x17, 0x17, 0x70, 0x11, 0x70, 0x05, 0x83, 0x20, 0x00, 0x12, 0x2a, 0xf0, 0xf0, 0x62, 0xa0,
    0x01, 0x91, 0x00, 0x00, 0x02, 0xf0, 0x21, 0x80, 0x04, 0xf0, 0x13, 0x88, 0x80, 0xf0, 0xe1, 0x10,
    0x04, 0xf0, 0x21, 0x80, 0xf0, 0x61, 0x10, 0x00, 0x00, 0x00, 0x00, 0x04, 0xf0, 0xf0, 0xf0, 0x51,
    0x20, 0x00, 0x02, 0xf0, 0x41, 0x10, 0x00, 0x04, 0xf0, 0xf0, 0xf0, 0x12, 0xa0, 0x02, 0xf0, 0x11,
    0x00, 0x00, 0x00, 0x00, 0x00, 0x00, 0x00, 0x00, 0x00, 0x00, 0x00, 0x00, 0x00, 0x00, 0x00, 0x00,
    0x00, 0x00, 0x00, 0x00, 0x00, 0x00, 0x00, 0x02, 0xf0, 0xe1, 0xa0, 0x03, 0xf0, 0xd2, 0xa7, 0x81,
    0xa0, 0x04, 0xf0, 0x71, 0x20, 0x51, 0x70, 0x91, 0x70, 0x02, 0xf0, 0x82, 0xa7, 0x04, 0xf0, 0x81,
    0x70, 0xf0, 0x12, 0x7a, 0x03, 0xf0, 0xf0, 0xb1, 0x70, 0x00, 0x02, 0xf0, 0xd1, 0xc0, 0x01, 0xa1,
    0x20, 0x04, 0xf0, 0xa1, 0x10, 0x1b, 0xbb, 0xbb, 0xbb, 0xbb, 0xbb, 0x10, 0x11, 0x10, 0x03, 0xf0,
    0x91, 0x70, 0xe1, 0x70, 0x00, 0x05, 0xf0, 0xf0, 0xf0, 0x11, 0x20, 0x11, 0x20, 0x00, 0x02, 0xa1,
    0x20, 0x22, 0x06, 0x01, 0xe4, 0x66, 0x0a, 0x04, 0xb3, 0x00, 0x00, 0x11, 0x00, 0x94, 0x22, 0x22,
    0x64, 0x22, 0x22, 0x01, 0xd1, 0x00, 0x04, 0xd1, 0x00, 0xf0, 0xf0, 0xa1, 0x20, 0x00, 0x05, 0x61,
    0x20, 0x51, 0x20, 0x81, 0xb0, 0xf0, 0x51, 0xb0, 0x03, 0xf0, 0xf0, 0xd1, 0x70, 0x05, 0xf0, 0xf0,
    0xf0, 0x91, 0x20, 0x51, 0x20, 0x04, 0xd1, 0xa0, 0xf0, 0xf0, 0x61, 0xa0, 0x05, 0xf0, 0x81, 0x10,
    0x11, 0xb0, 0xc1, 0xb0, 0x11, 0x10, 0x05, 0xf0, 0xc1, 0x70, 0x11, 0x70, 0x31, 0x70, 0x11, 0x70,
    0x01, 0xa1, 0x20, 0x04, 0xf0, 0x22, 0x7a, 0xf0, 0xb2, 0xa7, 0x02, 0xf0, 0x11, 0x80, 0x02, 0xf0,
    0x12, 0x87, 0x04, 0xd4, 0x08, 0x83, 0xf0, 0x81, 0x10, 0x82, 0xa2, 0x02, 0xf0, 0x12, 0x8a, 0x04,
    0xf0, 0x11, 0x80, 0xf0, 0x71, 0x10, 0x00, 0x00, 0x03, 0xf0, 0xf0, 0x31, 0x10, 0x00, 0x03, 0xf0,
    0x41, 0x10, 0xf1, 0x10, 0x03, 0xf0, 0xf0, 0xe1, 0xd0, 0x00, 0x00, 0x00, 0x00, 0x00, 0x00, 0x00,
    0x00, 0x00, 0x00, 0x00, 0x00, 0x00, 0x00, 0x00, 0x00, 0x00, 0x00, 0x00, 0x00, 0x00, 0x00, 0x00,
    0x00, 0x00, 0x04, 0xf0, 0xc2, 0xaa, 0x21, 0xa0, 0x31, 0xa0, 0x04, 0xf0, 0xc2, 0x77, 0x21, 0x70,
    0x32, 0x7a, 0x04, 0xf0, 0xe1, 0xc0, 0x61, 0x70, 0x51, 0x20, 0x00, 0x04, 0xf0, 0xc1, 0xc0, 0xf0,
    0x71, 0x20, 0x00, 0x02, 0xf0, 0x81, 0xc0, 0x00, 0x02, 0xf0, 0x11, 0x20, 0x03, 0xf0, 0xa2, 0xbb,
    0xa2, 0xbb, 0x03, 0xf0, 0xf0, 0xb2, 0x11, 0x00, 0x00, 0x00, 0x05, 0xe1, 0x20, 0x61, 0xb0, 0xf0,
    0x51, 0xb0, 0xc1, 0x60, 0x06, 0xd3, 0x00, 0x00, 0x51, 0xb0, 0x42, 0x22, 0x82, 0x22, 0x41, 0xb0,
    0xb3, 0x66, 0x60, 0x07, 0x61, 0x20, 0x51, 0x20, 0x11, 0x20, 0xb1, 0x30, 0x91, 0x30, 0xf0, 0x31,
    0x60, 0x00, 0x04, 0xf0, 0xf0, 0xf0, 0xf1, 0x20, 0x05, 0x91, 0x60, 0xb1, 0xb0, 0xf0, 0x51, 0xb0,
    0x61, 0x20, 0x04, 0x83, 0x66, 0x60, 0xf0, 0xf0, 0xb1, 0x20, 0x01, 0x91, 0x60, 0x00, 0x05, 0xf0,
    0x11, 0xa0, 0x41, 0x70, 0xf0, 0xa1, 0xa0, 0x05, 0x61, 0x20, 0x51, 0x20, 0xa1, 0x70, 0x23, 0xbb,
    0xb0, 0x63, 0xbb, 0xb0, 0x04, 0xf0, 0xf0, 0x11, 0x70, 0xc1, 0x10, 0x03, 0xf0, 0xf0, 0xa1, 0x10,
    0x00, 0x05, 0xf0, 0x11, 0x70, 0xf0, 0xf0, 0x51, 0x80, 0x03, 0xf0, 0x11, 0x70, 0x51, 0x80, 0x02,
    0xe5, 0xa7, 0x77, 0xa0, 0x31, 0x80, 0x05, 0xf4, 0xa7, 0x1a, 0x15, 0x88, 0x38, 0x80, 0xf0, 0x52,
    0xa7, 0x11, 0xa0, 0x05, 0xf2, 0x0a, 0x51, 0x80, 0xf0, 0xa1, 0x00, 0x51, 0x20, 0x02, 0xf0, 0x71,
    0x80, 0x01, 0xe1, 0x20, 0x00, 0x00, 0x00, 0x02, 0xf0, 0x12, 0x2a, 0x03, 0xf0, 0xf0, 0x41, 0x10,
    0x02, 0xf0, 0xe1, 0x10, 0x00, 0x00, 0x02, 0xf0, 0xb1, 0x10, 0x00, 0x00, 0x00, 0x00, 0x00, 0x00,
    0x00, 0x00, 0x00, 0x00, 0x00, 0x00, 0x00, 0x00, 0x00, 0x00, 0x00, 0x00, 0x00, 0x00, 0x03, 0xf0,
    0x31, 0x20, 0xe2, 0xaa, 0x03, 0xf0, 0xf0, 0x32, 0x77, 0x04, 0xf0, 0xf0, 0xa1, 0xa0, 0xb1, 0x20,
    0x04, 0xf0, 0x72, 0xa7, 0x41, 0xc0, 0xb2, 0x7a, 0x02, 0xf0, 0x51, 0x20, 0x00, 0x01, 0xe1, 0x20,
    0x00, 0x05, 0xf0, 0xf1, 0x10, 0x31, 0x10, 0xf0, 0x41, 0x20, 0x03, 0xf0, 0x82, 0x1b, 0xe1, 0xb0,
    0x04, 0xf0, 0x72, 0xb7, 0xf0, 0x12, 0x7b, 0x04, 0xf0, 0x71, 0xc0, 0xf0, 0x31, 0x70, 0x00, 0x03,
    0xf0, 0xf0, 0xd1, 0x70, 0x05, 0xf0, 0xb2, 0x22, 0x82, 0x22, 0xf0, 0x11, 0x20, 0x07, 0xf0, 0xa2,
    0x23, 0x11, 0x20, 0x62, 0x23, 0x11, 0x20, 0x41, 0x70, 0x51, 0x20, 0x06, 0xf0, 0x61, 0xb0, 0x41,
    0x20, 0x91, 0x20, 0x51, 0xb0, 0x91, 0x20, 0x08, 0xf0, 0x61, 0xb0, 0x31, 0xc0, 0x21, 0xc0, 0x61,
    0xc0, 0x21, 0xc0, 0x31, 0xb0, 0x41, 0x20, 0x07, 0xf0, 0x61, 0xb0, 0x12, 0x99, 0x12, 0xcc, 0x82,
    0xcc, 0x12, 0x99, 0x11, 0xb0, 0x06, 0xd1, 0x20, 0xb1, 0x90, 0x41, 0xa0, 0x21, 0xa0, 0x71, 0x90,
    0x11, 0x70, 0x06, 0x83, 0x00, 0x20, 0x52, 0x2a, 0x41, 0xc0, 0x74, 0xca, 0xac, 0x41, 0xc0, 0x61,
    0x10, 0x04, 0x91, 0x00, 0xd1, 0xc0, 0x72, 0xcc, 0x61, 0xc0, 0x0b, 0xf0, 0x53, 0x71, 0xb0, 0x11,
    0x70, 0x11, 0x70, 0x11, 0x70, 0x11, 0x70, 0x11, 0x70, 0x11, 0x70, 0x11, 0x70, 0x11, 0x70, 0x13,
    0x7b, 0x10, 0x05, 0xf0, 0x72, 0x7b, 0xf0, 0x12, 0xb1, 0x12, 0x11, 0x08, 0xf0, 0x12, 0x7a, 0x41,
    0x70, 0x11, 0x10, 0x46, 0xbb, 0xbb, 0xbb, 0x41, 0x70, 0x62, 0xa7, 0x41, 0x20, 0x00, 0x06, 0xf0,
    0x22, 0x7a, 0xf0, 0x81, 0x10, 0x22, 0xa7, 0x71, 0x20, 0x05, 0xe1, 0x70, 0xf0, 0xf0, 0x41, 0x10,
    0x11, 0x80, 0x05, 0xf0, 0x61, 0x80, 0xf0, 0x31, 0x10, 0x92, 0x88, 0x04, 0xf0, 0x62, 0x87, 0xf0,
    0xd1, 0x80, 0x03, 0xf0, 0x43, 0x88, 0x30, 0x11, 0x80, 0x05, 0xe1, 0x00, 0x51, 0x70, 0x13, 0x77,
    0x70, 0xf0, 0x91, 0x00, 0x04, 0xf0, 0x62, 0x87, 0xf1, 0x10, 0x91, 0x20, 0x05, 0xf0, 0x71, 0x70,
    0xf0, 0x21, 0x10, 0x62, 0xa0, 0x04, 0xf0, 0xf0, 0xf0, 0x22, 0xa2, 0x00, 0x00, 0x00, 0x00, 0x04,
    0xf0, 0xa1, 0x10, 0xf0, 0x52, 0xa0, 0x00, 0x00, 0x00, 0x00, 0x03, 0xf0, 0xf0, 0x81, 0xd0, 0x00,
    0x00, 0x00, 0x00, 0x00, 0x00, 0x00, 0x00, 0x00, 0x00, 0x00, 0x00, 0x00, 0x03, 0xf0, 0xf0, 0x21,
    0x20, 0x00, 0x00, 0x00, 0x02, 0xf0, 0x11, 0x20, 0x00, 0x07, 0xf0, 0xb1, 0xa0, 0x11, 0x00, 0x11,
    0xa0, 0x11, 0xa0, 0x41, 0xa0, 0x81, 0x20, 0x07, 0xf0, 0x82, 0xaa, 0x11, 0x70, 0x11, 0xa0, 0x11,
    0x70, 0x11, 0x70, 0x52, 0x0a, 0x04, 0xf0, 0x31, 0x20, 0x41, 0x00, 0xe2, 0xa7, 0x05, 0xf0, 0x81,
    0xa0, 0x21, 0xc0, 0x31, 0x70, 0x92, 0xa0, 0x05, 0xf0, 0x62, 0xa7, 0x52, 0xc7, 0xc1, 0xa0, 0x11,
    0x20, 0x04, 0xf0, 0x52, 0xa7, 0xf0, 0x52, 0x7a, 0x03, 0xf0, 0xf0, 0xd2, 0x1a, 0x04, 0xf0, 0x42,
    0xa7, 0x41, 0x70, 0x51, 0xc0, 0x08, 0xf0, 0x31, 0x20, 0x71, 0x10, 0x11, 0x10, 0x31, 0x10, 0x31,
    0x10, 0x11, 0x10, 0x91, 0x20, 0x03, 0xf0, 0x32, 0xa7, 0x6c, 0x77, 0xc7, 0x77, 0xc7, 0x77, 0xc7,
    0x03, 0xf0, 0x22, 0xa7, 0x21, 0x70, 0x05, 0xf0, 0x22, 0x2a, 0x21, 0xb0, 0xf0, 0x51, 0xb0, 0x08,
    0xc1, 0x20, 0x42, 0xa7, 0x51, 0xc0, 0x31, 0xc0, 0x31, 0xc0, 0x31, 0xc0, 0x31, 0xc0, 0x42, 0x1a,
    0x00, 0x04, 0xf0, 0xf0, 0xf0, 0xa2, 0x06, 0x04, 0xd1, 0x20, 0xf0, 0xf0, 0xa2, 0x00, 0x05, 0xf0,
    0xf0, 0xf1, 0x70, 0x81, 0x60, 0x13, 0x86, 0x60, 0x04, 0xf3, 0x20, 0xa0, 0xf0, 0xc1, 0x10, 0xa1,
    0x60, 0x06, 0xf0, 0x12, 0xa7, 0x51, 0xc0, 0xe1, 0x90, 0x11, 0xc0, 0xf1, 0x60, 0x05, 0xf0, 0x12,
    0x0a, 0xf0, 0x41, 0x90, 0x31, 0xc0, 0x06, 0xf0, 0x12, 0xa7, 0x11, 0x70, 0xf0, 0x31, 0x90, 0x11,
    0xc0, 0x05, 0xf1, 0x20, 0x21, 0xc0, 0x11, 0xc0, 0xf0, 0x81, 0x70, 0x04, 0xe1, 0xa0, 0x61, 0x70,
    0xf0, 0xc1, 0xa0, 0x04, 0xe1, 0xc0, 0xf0, 0xf0, 0x41, 0x70, 0x06, 0xf1, 0xc0, 0x92, 0x71, 0xa2,
    0x71, 0x11, 0x70, 0x21, 0x10, 0x31, 0xc0, 0x00, 0x04, 0xf0, 0xf0, 0xa1, 0x70, 0x11, 0x70, 0x05,
    0xf0, 0xf0, 0xf0, 0x41, 0x70, 0x11, 0x00, 0x05, 0xc1, 0x20, 0x72, 0x87, 0xf0, 0xc2, 0x1a, 0x11,
    0x00, 0x06, 0xd2, 0x0a, 0x52, 0x87, 0xf0, 0x51, 0x10, 0x62, 0xa8, 0x11, 0x80, 0x08, 0xf0, 0x31,
    0x80, 0x12, 0x38, 0x11, 0x70, 0xf0, 0x21, 0x70, 0x51, 0x10, 0x31, 0x80, 0x05, 0xf0, 0x12, 0xaa,
    0x22, 0x87, 0xf0, 0x92, 0xaa, 0x05, 0xf0, 0x21, 0x70, 0x22, 0x87, 0xf0, 0x91, 0x10, 0x03, 0xf0,
    0xf0, 0x51, 0x10, 0x00, 0x03, 0xf0, 0xf0, 0x81, 0x70, 0x04, 0xf0, 0xf0, 0x51, 0x70, 0x11, 0x70,
    0x02, 0xf0, 0x12, 0x0a, 0x06, 0xf0, 0x12, 0xa1, 0x21, 0x10, 0x11, 0x10, 0x51, 0x10, 0x11, 0x70,
    0x05, 0xf0, 0x12, 0x0a, 0x31, 0x10, 0x11, 0x10, 0x31, 0x10, 0x00, 0x05, 0xf0, 0x22, 0x0a, 0x31,
    0x70, 0x51, 0x70, 0x31, 0x10, 0x04, 0xf0, 0xf0, 0xf0, 0x11, 0x00, 0x03, 0xf0, 0xf0, 0xf1, 0xa0,
    0x05, 0xf0, 0x52, 0xa1, 0xf0, 0x41, 0xa0, 0x21, 0x00, 0x06, 0xf0, 0x52, 0x0a, 0x12, 0x1a, 0x81,
    0xa0, 0x11, 0xa0, 0x33, 0xaa, 0x70, 0x05, 0xf0, 0x82, 0xa1, 0x81, 0x00, 0x11, 0x10, 0x32, 0x11,
    0x00, 0x00, 0x00, 0x00, 0x00, 0x00, 0x00, 0x00, 0x00, 0x00, 0x00, 0x03, 0xf0, 0xd1, 0x20, 0x71,
    0x20, 0x00, 0x03, 0xf0, 0xf1, 0x20, 0x31, 0x20, 0x00, 0x03, 0xf0, 0xf1, 0x20, 0x31, 0x20, 0x03,
    0xf0, 0xd2, 0xaa, 0x11, 0xa0, 0x06, 0xf0, 0xa1, 0xa0, 0x22, 0x77, 0x11, 0x70, 0x41, 0xa0, 0x11,
    0xa0, 0x04, 0xf0, 0xa1, 0x70, 0x21, 0x70, 0x73, 0x77, 0x70, 0x03, 0xf0, 0xf0, 0x81, 0x70, 0x02,
    0xf0, 0xe1, 0xc0, 0x00, 0x00, 0x04, 0xf0, 0xf0, 0xc1, 0x70, 0x71, 0x20, 0x03, 0xf0, 0xf0, 0xf1,
    0x20, 0x03, 0xf0, 0xf0, 0xe2, 0x1a, 0x05, 0xf0, 0x81, 0xb0, 0x11, 0x70, 0xc1, 0x70, 0x11, 0xb0,
    0x06, 0xa1, 0x20, 0xc1, 0xc0, 0x31, 0xc0, 0x31, 0xc0, 0x31, 0xc0, 0x31, 0xc0, 0x06, 0xf0, 0x81,
    0xc0, 0x31, 0xc0, 0x31, 0xc0, 0x31, 0xc0, 0x31, 0xc0, 0x07, 0xf1, 0x60, 0x41, 0xc0, 0x11, 0xc0,
    0x31, 0xc0, 0x31, 0xc0, 0x31, 0xc0, 0x31, 0xc0, 0x04, 0xf0, 0xf0, 0xf0, 0x21, 0x20, 0x04, 0xf0,
    0xf0, 0xf0, 0xb1, 0x20, 0x04, 0xf0, 0xf0, 0xf0, 0xb1, 0x00, 0x05, 0xf0, 0x12, 0x2a, 0xf0, 0xf0,
    0x65, 0x20, 0x00, 0x00, 0x04, 0xf0, 0xf0, 0xd1, 0x70, 0xb2, 0x60, 0x04, 0xf0, 0xf0, 0xf1, 0x10,
    0x82, 0x66, 0x04, 0x91, 0x00, 0xf0, 0xf0, 0xf1, 0x60, 0x05, 0xf0, 0x51, 0x70, 0xf0, 0xf0, 0x71,
    0x20, 0x00, 0x03, 0xf2, 0xa7, 0xf0, 0xf2, 0x1a, 0x04, 0xf1, 0x70, 0x81, 0xb0, 0xe1, 0xb0, 0x81,
    0x70, 0x04, 0xf0, 0x91, 0x70, 0x2a, 0x71, 0x71, 0x71, 0x71, 0x71, 0xa1, 0x70, 0x00, 0x03, 0xf0,
    0xf0, 0xa1, 0x10, 0x04, 0xf0, 0xf0, 0xf0, 0x51, 0x80, 0x04, 0xf0, 0x51, 0x70, 0xf0, 0xe2, 0x80,
    0x05, 0xf0, 0x51, 0x70, 0x31, 0x80, 0xf0, 0x83, 0x88, 0x30, 0x05, 0xa1, 0x20, 0x78, 0xa7, 0x77,
    0x78, 0x88, 0xf0, 0x51, 0x10, 0x32, 0x80, 0x05, 0xf0, 0x51, 0x70, 0x31, 0x80, 0xf0, 0xa1, 0x80,
    0x04, 0xf0, 0x51, 0x70, 0xf0, 0xa1, 0xd0, 0x00, 0x05, 0xf0, 0x21, 0x10, 0xf0, 0x41, 0x10, 0xc1,
    0x20, 0x00, 0x03, 0xf0, 0xf0, 0x41, 0x10, 0x00, 0x00, 0x00, 0x00, 0x03, 0xf0, 0xf0, 0xf1, 0xa0,
    0x04, 0xf0, 0x11, 0x00, 0xf0, 0xc2, 0xa0, 0x00, 0x00, 0x00, 0x00, 0x00, 0x00, 0x00, 0x00, 0x00,
    0x00, 0x00, 0x00, 0x00, 0x00, 0x00, 0x00, 0x00, 0x00, 0x00, 0x00, 0x03, 0xf0, 0xc1, 0xa0, 0x71,
    0xa0, 0x03, 0xf0, 0xc1, 0x70, 0x71, 0x70, 0x00, 0x02, 0xf0, 0x82, 0xa7, 0x04, 0xf0, 0x81, 0x70,
    0xf0, 0x12, 0x7a, 0x03, 0xf0, 0xf0, 0xb1, 0x70, 0x00, 0x00, 0x00, 0x03, 0xf0, 0x91, 0x10, 0x1c,
    0xbb, 0xbb, 0xbb, 0xbb, 0xbb, 0xbb, 0x07, 0xf0, 0x91, 0xc0, 0x11, 0xc0, 0x31, 0xc0, 0x31, 0xc0,
    0x32, 0xc7, 0x11, 0x10, 0x02, 0xf0, 0x22, 0x0a, 0x02, 0xf0, 0x11, 0x60, 0x02, 0xf0, 0x11, 0x60,
    0x02, 0xf0, 0x11, 0x60, 0x00, 0x00, 0x00, 0x04, 0xf0, 0xf0, 0xf0, 0xa1, 0x00, 0x04, 0xf0, 0xf0,
    0xf0, 0x93, 0x20, 0x20, 0x00, 0x04, 0xf0, 0xf0, 0xf0, 0xd1, 0x00, 0x04, 0xf0, 0x61, 0x10, 0xf0,
    0x52, 0x71, 0x00, 0x06, 0xf0, 0x31, 0x70, 0x41, 0x10, 0x11, 0xb0, 0xc1, 0xb0, 0x12, 0x77, 0x03,
    0xf0, 0xf0, 0x81, 0x70, 0x04, 0xf0, 0x22, 0x7a, 0xf0, 0xb2, 0xac, 0x00, 0x04, 0xf0, 0xf0, 0xf0,
    0x42, 0xfa, 0x04, 0xf0, 0xf0, 0xf0, 0x42, 0x8a, 0x05, 0xf0, 0x82, 0xf7, 0xf0, 0x71, 0xf0, 0x14,
    0x38, 0xf0, 0x06, 0xa1, 0x00, 0x32, 0x2a, 0x61, 0xf0, 0x12, 0xf7, 0xf0, 0x73, 0xa8, 0x20, 0x04,
    0xf0, 0x82, 0xf7, 0xf0, 0x92, 0xf0, 0x00, 0x00, 0x04, 0xf0, 0xf0, 0xf0, 0x51, 0x00, 0x04, 0xf0,
    0xf0, 0x61, 0x10, 0x81, 0xd0, 0x00, 0x02, 0xf0, 0x31, 0x10, 0x05, 0xf0, 0xf0, 0x51, 0x10, 0xa2,
    0xa0, 0x41, 0x00, 0x00, 0x00, 0x00, 0x02, 0xf0, 0x32, 0x0a, 0x03, 0xf0, 0xf0, 0xf1, 0x00, 0x00,
    0x00, 0x03, 0xf0, 0xf0, 0x51, 0xa0, 0x03, 0xf0, 0xd1, 0x00, 0x61, 0x00, 0x00, 0x00, 0x00, 0x00,
    0x00, 0x00, 0x00, 0x00, 0x00, 0x00, 0x03, 0xf0, 0x91, 0x20, 0xf1, 0x20, 0x00, 0x03, 0xf0, 0xb1,
    0x20, 0xb1, 0x20, 0x00, 0x06, 0xf0, 0xb4, 0x2a, 0xaa, 0x11, 0xa0, 0x31, 0xa0, 0x21, 0x20, 0x91,
    0x20, 0x02, 0xf0, 0xae, 0xaa, 0x77, 0x7a, 0x7a, 0xaa, 0x7a, 0xaa, 0x05, 0xf0, 0x84, 0xaa, 0x77,
    0x22, 0xc7, 0x13, 0x77, 0x70, 0x14, 0x77, 0x7a, 0x04, 0xf0, 0x91, 0x70, 0x33, 0xcc, 0xc0, 0x82,
    0x7a, 0x05, 0xf0, 0x72, 0xa7, 0x31, 0xc0, 0xc2, 0x1a, 0x41, 0x20, 0x06, 0xf0, 0x62, 0xa7, 0x21,
    0xc0, 0x11, 0xc0, 0x11, 0x70, 0xb2, 0x1a, 0x04, 0xf0, 0x52, 0xa7, 0x91, 0xc0, 0xa2, 0x1a, 0x04,
    0xf0, 0x71, 0xc0, 0xf0, 0x52, 0x1a, 0x05, 0xf0, 0x43, 0xa7, 0xc0, 0x31, 0x70, 0xf0, 0xf1, 0x20,
    0x05, 0xf0, 0x21, 0x20, 0x22, 0xcc, 0x11, 0xc0, 0x1d, 0x1b, 0xbb, 0xbb, 0xbb, 0xbb, 0xbb, 0xb0,
    0x06, 0xf0, 0x32, 0xa7, 0x2f, 0x1b, 0x77, 0x77, 0x77, 0x77, 0x77, 0x77, 0x70, 0x02, 0x77, 0x11,
    0xb0, 0x12, 0x17, 0x06, 0xf0, 0x21, 0x60, 0x33, 0x7b, 0x70, 0xf0, 0x12, 0xcb, 0x12, 0x77, 0x08,
    0xf0, 0x12, 0x66, 0x23, 0x1b, 0x70, 0x21, 0xc0, 0x31, 0xc0, 0x31, 0xc0, 0x31, 0xc0, 0x32, 0xcb,
    0x09, 0xf0, 0x13, 0x0a, 0x70, 0x61, 0xc0, 0x31, 0xc0, 0x31, 0xc0, 0x31, 0xc0, 0x31, 0xc0, 0x23,
    0x11, 0xa0, 0x21, 0x20, 0x05, 0xf2, 0x02, 0x22, 0xc1, 0xf0, 0xf0, 0x11, 0x20, 0x02, 0xf0, 0x11,
    0x00, 0x04, 0xb4, 0xaa, 0xaa, 0xb2, 0xcc, 0x82, 0xcc, 0xb4, 0xaa, 0xaa, 0x06, 0xb5, 0xa7, 0x77,
    0xa0, 0x92, 0xc2, 0x11, 0xc0, 0x62, 0xc2, 0x11, 0xc0, 0x95, 0xa1, 0x11, 0xa0, 0x04, 0xb7, 0xa7,
    0x77, 0x7a, 0x70, 0x82, 0xcc, 0x82, 0xcc, 0x87, 0x1a, 0x17, 0x17, 0xa0, 0x07, 0xb6, 0xa7, 0x77,
    0x77, 0x31, 0x70, 0x43, 0x9c, 0xc0, 0x82, 0xcc, 0x11, 0x90, 0x41, 0x10, 0x26, 0x77, 0x77, 0x7a,
    0x09, 0xc7, 0xa7, 0x77, 0x7c, 0xa0, 0x41, 0x90, 0x12, 0x99, 0x35, 0xaa, 0xaa, 0xa0, 0x21, 0x90,
    0x21, 0x90, 0x41, 0xa0, 0x15, 0x77, 0x77, 0xa0, 0x31, 0x60, 0x06, 0xc7, 0xa7, 0x77, 0xcc, 0xa0,
    0x41, 0xc0, 0x63, 0xca, 0xe0, 0x41, 0xc0, 0x77, 0xa7, 0x77, 0x77, 0xa0, 0x31, 0x00, 0x07, 0xd6,
    0xaa, 0x77, 0xca, 0x21, 0x70, 0x21, 0xc0, 0x61, 0xc0, 0x61, 0xc0, 0x31, 0x10, 0x26, 0xa7, 0x77,
    0xaa, 0x0a, 0xf1, 0xa0, 0x12, 0xaa, 0x14, 0x77, 0xb7, 0x31, 0x70, 0x31, 0x70, 0x31, 0x70, 0x31,
    0x70, 0x11, 0xb0, 0x32, 0xaa, 0x11, 0xa0, 0x05, 0xe3, 0x20, 0xa0, 0x55, 0x77, 0xbb, 0xb0, 0xa6,
    0xbb, 0xb1, 0x77, 0x34, 0xa0, 0x20, 0xa1, 0x00, 0x07, 0xd5, 0x20, 0x00, 0xa0, 0x53, 0x77, 0x70,
    0x12, 0x77, 0x13, 0x77, 0x70, 0x13, 0x77, 0x70, 0x12, 0x77, 0x83, 0x02, 0x00, 0x09, 0xd5, 0x02,
    0x0a, 0x70, 0x81, 0x70, 0x11, 0x70, 0x11, 0x70, 0x11, 0x70, 0x11, 0x70, 0x11, 0x70, 0x51, 0x10,
    0x35, 0x1a, 0x20, 0x20, 0x06, 0xd4, 0x00, 0x0a, 0x11, 0x70, 0x51, 0xc0, 0x11, 0x70, 0xf0, 0x36,
    0x1a, 0x20, 0x00, 0x06, 0x41, 0x00, 0x84, 0x02, 0x0a, 0x11, 0x70, 0xf0, 0x72, 0x11, 0x26, 0x11,
    0xaf, 0x02, 0x04, 0xd4, 0x00, 0x0a, 0x11, 0x70, 0xf0, 0xb6, 0x11, 0xa8, 0x00, 0x06, 0xc5, 0x00,
    0x20, 0xa0, 0x11, 0x70, 0xf0, 0x61, 0x70, 0x44, 0x1f, 0x83, 0x11, 0xf0, 0x07, 0xe3, 0x00, 0xa0,
    0x11, 0x70, 0x32, 0xf7, 0xf1, 0x10, 0x11, 0x70, 0x33, 0x11, 0xa0, 0x13, 0x00, 0x00, 0x06, 0xf2,
    0x0a, 0x11, 0x70, 0x33, 0x77, 0x70, 0xf0, 0x51, 0x10, 0x13, 0xaf, 0x00, 0x07, 0xf1, 0x00, 0x12,
    0x77, 0x41, 0x70, 0xd1, 0x10, 0x21, 0x10, 0x42, 0x11, 0x12, 0x00, 0x06, 0xf0, 0xf0, 0x61, 0x10,
    0x41, 0x10, 0x61, 0x00, 0x51, 0x00, 0x05, 0xf0, 0x21, 0x10, 0xf0, 0x42, 0x11, 0x72, 0xa0, 0x06,
    0x81, 0x00, 0x51, 0x00, 0x31, 0x10, 0xf0, 0x11, 0x10, 0xa2, 0xa0, 0x05, 0xf0, 0x12, 0x0a, 0xf0,
    0x21, 0x70, 0x21, 0x10, 0x09, 0xf0, 0x12, 0x0a, 0x11, 0x10, 0x41, 0x10, 0x51, 0x10, 0x12, 0x11,
    0x31, 0x10, 0x61, 0xd0, 0x51, 0x00, 0x05, 0xf0, 0x51, 0x10, 0x81, 0x10, 0x11, 0x10, 0xe2, 0xa0,
    0x06, 0xc1, 0x00, 0x32, 0x2a, 0x31, 0x10, 0x11, 0x10, 0x11, 0x10, 0x42, 0x11, 0x03, 0xf0, 0x71,
    0x10, 0x51, 0x10, 0x05, 0xf0, 0x22, 0x0a, 0xf0, 0x81, 0xd0, 0x21, 0xa0, 0x05, 0xf0, 0x32, 0x0a,
    0x21, 0x10, 0x71, 0x10, 0xd3, 0xa0, 0x00, 0x03, 0xf0, 0xf0, 0xa1, 0xd0, 0x05, 0xf0, 0x51, 0xa0,
    0xf0, 0x51, 0xa0, 0x12, 0xa0, 0x06, 0xf0, 0x44, 0x00, 0xaa, 0x11, 0xa0, 0x81, 0xa0, 0x12, 0xad,
    0x25, 0xaa, 0x7a, 0x00, 0x03, 0xf0, 0x7f, 0x1a, 0x1a, 0xaa, 0xaa, 0xaa, 0xa0, 0xa1, 0xa0, 0x05,
    0xaa, 0x11, 0x10, 0x06, 0xf0, 0x81, 0x10, 0x12, 0x11, 0x24, 0x00, 0x00, 0x11, 0x00, 0x22, 0x11,
    0x03, 0xf0, 0x67, 0x0a, 0xaa, 0xaa, 0x00, 0x87, 0x0a, 0xaa, 0xaa, 0x00, 0x03, 0xf0, 0x75, 0x00,
    0x02, 0x00, 0xa5, 0x20, 0x00, 0x00, 0x00, 0x03, 0xf0, 0xf0, 0x91, 0x00, 0x00, 0x00, 0x00, 0x00,
    0x00, 0x00, 0x00, 0x02, 0xf1, 0x50, 0x11, 0x50, 0x01, 0xe5, 0x53, 0x55, 0x50, 0x01, 0xe5, 0x55,
    0x55, 0x50, 0x01, 0xf3, 0x55, 0x50, 0x04, 0xf0, 0x11, 0x50, 0xd1, 0xa0, 0x13, 0xaa, 0xa0, 0x05,
    0xf0, 0xf1, 0x70, 0x13, 0x77, 0x70, 0xd1, 0x50, 0x11, 0x50, 0x04, 0xf0, 0xf0, 0xa1, 0xa0, 0x65,
    0x53, 0x55, 0x50, 0x05, 0xf0, 0x72, 0xa7, 0xf0, 0x12, 0x7a, 0x55, 0x55, 0x55, 0x50, 0x04, 0xf0,
    0xa1, 0xc0, 0xe1, 0x70, 0x73, 0x55, 0x50, 0x04, 0xf0, 0x91, 0xc0, 0xf0, 0x91, 0x50, 0x00, 0x00,
    0x08, 0xf0, 0x31, 0xa0, 0x61, 0xc0, 0x21, 0x10, 0x11, 0x10, 0x11, 0x10, 0x11, 0x10, 0x11, 0x10,
    0x05, 0xf0, 0x83, 0x1b, 0xb0, 0x1a, 0x77, 0x77, 0x77, 0x77, 0x77, 0x12, 0xbb, 0x42, 0x1a, 0x04,
    0xf0, 0x72, 0xb7, 0xf0, 0x12, 0x7b, 0x05, 0xf0, 0x21, 0x00, 0x32, 0x1c, 0xf0, 0x31, 0x70, 0x00,
    0x00, 0x00, 0x00, 0x03, 0xf0, 0xb2, 0x22, 0x82, 0x22, 0x05, 0xf0, 0x12, 0xa7, 0x74, 0x2c, 0xc2,
    0x64, 0x2c, 0xc2, 0x72, 0x1a, 0x07, 0xf0, 0x12, 0x7a, 0x62, 0x99, 0x21, 0xc0, 0x61, 0xc0, 0x22,
    0x99, 0x63, 0xa1, 0x70, 0x06, 0xf0, 0x13, 0xcc, 0xa0, 0x41, 0x90, 0x65, 0xaa, 0xaa, 0xa0, 0x21,
    0x90, 0x72, 0xa7, 0x0a, 0xf0, 0x81, 0xc0, 0x21, 0xc0, 0x31, 0xc0, 0x11, 0xe0, 0x11, 0xc0, 0x21,
    0xc0, 0x21, 0xc0, 0x51, 0x70, 0x81, 0x00, 0x09, 0xc2, 0x0a, 0x21, 0x70, 0x12, 0xca, 0x51, 0xc0,
    0x53, 0xca, 0xc0, 0x51, 0xc0, 0x42, 0xa7, 0x21, 0xc0, 0x12, 0xa0, 0x10, 0xd1, 0x00, 0x11, 0xa0,
    0x31, 0xa0, 0x21, 0xb0, 0x11, 0x70, 0x11, 0x70, 0x11, 0x70, 0x11, 0x70, 0x11, 0x70, 0x11, 0x70,
    0x11, 0x70, 0x11, 0x70, 0x12, 0x7b, 0x21, 0xa0, 0x31, 0xa0, 0x11, 0x20, 0x07, 0xf1, 0x20, 0x21,
    0x70, 0x32, 0x7b, 0xf0, 0x12, 0xb1, 0x31, 0x10, 0x21, 0x00, 0x04, 0xf0, 0x92, 0x11, 0x1a, 0xbb,
    0xbb, 0xbb, 0xbb, 0xbb, 0x12, 0x17, 0x00, 0x00, 0x03, 0xf0, 0xf0, 0xb1, 0x10, 0x05, 0xf0, 0xf0,
    0xf0, 0x11, 0x40, 0x11, 0x20, 0x05, 0xf0, 0xf0, 0xf0, 0x11, 0x80, 0x11, 0x00, 0x05, 0xf0, 0x51,
    0x40, 0xf0, 0x83, 0x48, 0x30, 0x13, 0x40, 0x20, 0x05, 0xf0, 0x71, 0x70, 0xf0, 0x81, 0x80, 0x11,
    0x00, 0x05, 0xf0, 0xf0, 0xb1, 0x10, 0x41, 0x40, 0x11, 0x20, 0x00, 0x00, 0x00, 0x00, 0x04, 0xf0,
    0xe1, 0x10, 0xf0, 0x12, 0xa0, 0x04, 0xf0, 0xf0, 0xf0, 0x12, 0xa0, 0x00, 0x02, 0xf0, 0xc1, 0x10,
    0x00, 0x00, 0x02, 0xf0, 0x91, 0x10, 0x03, 0xf0, 0xf0, 0xd1, 0xa0, 0x05, 0xf0, 0x41, 0x00, 0x11,
    0xa0, 0xf0, 0x52, 0xa0, 0x05, 0xf0, 0x81, 0xa0, 0x15, 0xaa, 0xaa, 0xa0, 0x21, 0xa0, 0x42, 0xaa,
    0x06, 0xf0, 0x81, 0x10, 0x13, 0x11, 0x10, 0x11, 0x00, 0x21, 0x00, 0x42, 0x11, 0x00, 0x00, 0x00,
    0x00, 0x00, 0x00, 0x00, 0x00, 0x00, 0x00, 0x00, 0x00, 0x03, 0xe4, 0x50, 0x50, 0x61, 0x00, 0xf1,
    0x00, 0x02, 0xd3, 0x53, 0x50, 0x21, 0x00, 0x04, 0xd1, 0x50, 0x41, 0x00, 0xf0, 0x41, 0x00, 0x02,
    0xe1, 0x50, 0x21, 0x00, 0x04, 0xf2, 0x52, 0xa9, 0x02, 0x02, 0x02, 0x02, 0x00, 0x21, 0x00, 0x91,
    0x00, 0x03, 0xf0, 0xab, 0x00, 0xaa, 0xaa, 0xaa, 0xaa, 0xa0, 0x12, 0x00, 0x05, 0xf0, 0x81, 0x00,
    0x12, 0xaa, 0x21, 0x70, 0x74, 0xaa, 0x00, 0x04, 0xf0, 0x72, 0x0a, 0x61, 0x70, 0x83, 0xaa, 0x00,
    0x03, 0xf0, 0xa1, 0x70, 0xe1, 0x10, 0x05, 0xf0, 0x92, 0x77, 0x11, 0x70, 0x11, 0xc0, 0xb2, 0xa0,
    0x04, 0xf0, 0x52, 0x2a, 0xf0, 0x52, 0xa0, 0x04, 0xf0, 0x71, 0x70, 0xf0, 0x52, 0xa0, 0x09, 0xf0,
    0x34, 0x20, 0xa7, 0x61, 0x70, 0x11, 0x70, 0x11, 0x70, 0x11, 0x70, 0x11, 0x70, 0x61, 0x70, 0xc1,
    0x00, 0x08, 0xf0, 0x22, 0x0a, 0x47, 0x7c, 0x7c, 0xcc, 0x10, 0x11, 0x10, 0x11, 0x10, 0x11, 0x10,
    0x13, 0x17, 0x70, 0x42, 0xa2, 0x04, 0xf0, 0x32, 0x2a, 0x24, 0x11, 0xbb, 0xc6, 0xbb, 0x17, 0x71,
    0x05, 0xf0, 0x62, 0xcb, 0xf0, 0x31, 0xb0, 0x12, 0x11, 0x06, 0xf0, 0x13, 0x2a, 0x70, 0x12, 0x71,
    0xf0, 0x51, 0x10, 0x31, 0x60, 0x05, 0xf0, 0x22, 0x2a, 0xf0, 0xa3, 0x7a, 0x00, 0x21, 0x00, 0x05,
    0xf0, 0x42, 0x7c, 0xf0, 0xf0, 0x11, 0x00, 0x00, 0x04, 0xb4, 0x02, 0x02, 0xb2, 0xcc, 0x82, 0xcc,
    0xb4, 0x02, 0x02, 0x06, 0xc3, 0xaa, 0xa0, 0x12, 0x0a, 0x74, 0xc2, 0x2c, 0x64, 0xc2, 0x2c, 0x72,
    0xa0, 0x13, 0xaa, 0xa0, 0x08, 0xf0, 0x12, 0xa7, 0x62, 0xc2, 0x21, 0x20, 0x61, 0x20, 0x22, 0x2c,
    0x64, 0x1a, 0x11, 0x11, 0x10, 0x07, 0xf0, 0x13, 0x7a, 0x70, 0x11, 0xc0, 0x22, 0xc9, 0x55, 0xcc,
    0xcc, 0xc0, 0x21, 0xc0, 0x64, 0x71, 0xa1, 0x0b, 0xb2, 0xa7, 0xa1, 0x90, 0x21, 0x90, 0x31, 0xa0,
    0x11, 0xa0, 0x11, 0xa0, 0x21, 0x90, 0x21, 0x90, 0x51, 0x10, 0x42, 0x7a, 0x71, 0x00, 0x09, 0xc2,
    0xa7, 0x21, 0xc0, 0x12, 0xa7, 0x42, 0x99, 0x53, 0xae, 0xa0, 0x42, 0x99, 0x42, 0x1a, 0x21, 0x70,
    0x12, 0x7a, 0x0f, 0x91, 0x60, 0x33, 0xa7, 0x70, 0x21, 0x70, 0x22, 0xbc, 0x11, 0xc0, 0x11, 0xc0,
    0x11, 0xc0, 0x11, 0xc0, 0x11, 0xa0, 0x11, 0xc0, 0x11, 0xc0, 0x11, 0xc0, 0x13, 0xcc, 0xb0, 0x21,
    0x70, 0x23, 0x7c, 0xa0, 0x05, 0xe5, 0xaa, 0xcc, 0xa0, 0x32, 0xb7, 0xf0, 0x12, 0xcb, 0x35, 0xac,
    0x7a, 0xa0, 0x05, 0xf0, 0x21, 0xa0, 0x4f, 0x1b, 0xbc, 0x7c, 0x7c, 0x7c, 0x7c, 0x7c, 0x70, 0x04,
    0xc7, 0xbb, 0x61, 0xa0, 0x0a, 0xf0, 0x12, 0xa7, 0x71, 0x10, 0x11, 0x10, 0x11, 0x10, 0x11, 0x10,
    0x11, 0x10, 0x11, 0x10, 0x11, 0x10, 0x82, 0xa0, 0x02, 0xf0, 0x12, 0x2a, 0x05, 0xf0, 0x91, 0x70,
    0x11, 0xc0, 0xe1, 0x70, 0x42, 0x1a, 0x04, 0xf0, 0xf0, 0xb1, 0x70, 0x42, 0xa0, 0x04, 0xf0, 0xf0,
    0xf2, 0x41, 0x21, 0x20, 0x06, 0xc1, 0x20, 0x71, 0x70, 0xf0, 0x41, 0x10, 0x31, 0x10, 0x13, 0x1a,
    0x20, 0x06, 0xf0, 0xf0, 0x91, 0x70, 0x11, 0x10, 0x13, 0x48, 0x30, 0x11, 0x40, 0x04, 0xf0, 0xf0,
    0xb1, 0x70, 0x32, 0x81, 0x05, 0xf0, 0xf0, 0x71, 0x70, 0x21, 0x70, 0x41, 0x40, 0x04, 0xf0, 0xf0,
    0x61, 0x70, 0xb1, 0x20, 0x04, 0xf0, 0xf0, 0x71, 0x70, 0x82, 0x1a, 0x03, 0xe1, 0x20, 0x31, 0x70,
    0xd1, 0x10, 0x05, 0xf0, 0x12, 0xa1, 0xb1, 0x70, 0x51, 0x10, 0x21, 0x70, 0x07, 0xf0, 0x41, 0x70,
    0x41, 0x70, 0x51, 0x70, 0x11, 0x70, 0xb1, 0x10, 0x51, 0x20, 0x02, 0xf0, 0x51, 0x70, 0x06, 0xf0,
    0x61, 0x70, 0x11, 0x70, 0x11, 0x70, 0x11, 0x70, 0x22, 0x77, 0x00, 0x04, 0xf0, 0x22, 0xa1, 0xf0,
    0xb1, 0x10, 0x06, 0xf0, 0x32, 0xa1, 0x21, 0x70, 0x11, 0x70, 0x51, 0x70, 0xd3, 0x1a, 0xa0, 0x03,
    0xf0, 0xf0, 0xd1, 0x10, 0x04, 0xf0, 0x43, 0xa1, 0x10, 0xf0, 0x44, 0xd1, 0xaa, 0x05, 0xf0, 0x51,
    0xa0, 0x27, 0x11, 0x11, 0x11, 0x10, 0x22, 0x11, 0x17, 0x11, 0x1d, 0x1d, 0xa0, 0x03, 0xf0, 0x76,
    0x7a, 0xaa, 0xaa, 0x1d, 0xa1, 0x1a, 0xa1, 0xa1, 0xaa, 0xaa, 0x70, 0x04, 0xf0, 0xc1, 0x10, 0x22,
    0xaa, 0x21, 0xa0, 0x07, 0xf0, 0x61, 0xa0, 0x12, 0x11, 0x21, 0xa0, 0x81, 0xa0, 0x22, 0x11, 0x11,
    0xa0, 0x03, 0xf0, 0x82, 0xaa, 0xe2, 0xaa, 0x00, 0x03, 0xf0, 0xf0, 0x91, 0x20, 0x00, 0x00, 0x00,
    0x00, 0x02, 0xd1, 0x50, 0x11, 0x50, 0x01, 0xc5, 0x53, 0x55, 0x50, 0x01, 0xc5, 0x55, 0x55, 0x50,
    0x06, 0xd1, 0x50, 0x12, 0x50, 0x31, 0x20, 0x31, 0x20, 0xf1, 0x20, 0x31, 0x20, 0x01, 0xd5, 0x05,
    0x00, 0x00, 0x08, 0xd5, 0x00, 0x00, 0x00, 0x41, 0x20, 0x71, 0xa0, 0x11, 0xa0, 0x51, 0x20, 0x31,
    0x20, 0x51, 0x50, 0x11, 0x50, 0x03, 0xe3, 0x00, 0x00, 0xaa, 0xaa, 0xa7, 0xa7, 0xaa, 0xaa, 0xa5,
    0x53, 0x55, 0x50, 0x05, 0xf1, 0x00, 0x6f, 0x2a, 0xaa, 0xa7, 0x77, 0x77, 0x77, 0x77, 0x70, 0x04,
    0xaa, 0xaa, 0x11, 0x20, 0x45, 0x55, 0x55, 0x50, 0x04, 0xf0, 0x8f, 0xa7, 0x77, 0x77, 0x7c, 0x77,
    0x77, 0x77, 0x70, 0x03, 0x71, 0xa0, 0x81, 0x50, 0x06, 0xe1, 0x20, 0x75, 0xa7, 0x7c, 0x70, 0x21,
    0xc0, 0x75, 0x77, 0x71, 0xa0, 0x52, 0x00, 0x12, 0x00, 0x04, 0xf0, 0x66, 0xa7, 0x7c, 0xcc, 0xc3,
    0x77, 0xa0, 0x55, 0x00, 0x00, 0x00, 0x07, 0xf0, 0x53, 0xa7, 0x70, 0x21, 0xc0, 0x31, 0x70, 0x11,
    0xc0, 0x83, 0x77, 0xa0, 0x53, 0x20, 0x00, 0x07, 0xf0, 0x52, 0xa7, 0x22, 0xcc, 0x11, 0xc0, 0x11,
    0x70, 0xb3, 0x77, 0xa0, 0x51, 0x00, 0x06, 0xa1, 0x20, 0x51, 0x20, 0x32, 0xa7, 0x11, 0xc0, 0x41,
    0x70, 0xd3, 0x71, 0xa0, 0x0a, 0xf0, 0x35, 0xaa, 0xcc, 0xc0, 0x21, 0x70, 0x11, 0x10, 0x11, 0x10,
    0x11, 0x10, 0x11, 0x10, 0x11, 0x10, 0x11, 0x10, 0x52, 0x1a, 0x07, 0xf0, 0x47, 0xa7, 0xc1, 0xbb,
    0x70, 0x11, 0x70, 0x31, 0x70, 0x72, 0xbb, 0x32, 0x1a, 0xa1, 0x20, 0x08, 0xf0, 0x21, 0x20, 0x11,
    0x70, 0x12, 0x1b, 0x41, 0x70, 0x1a, 0x7c, 0x7c, 0x7c, 0x7c, 0x7c, 0x12, 0xcb, 0x22, 0x1a, 0x0a,
    0xf0, 0x23, 0xa7, 0x70, 0x15, 0xb7, 0xc7, 0xc0, 0x11, 0xc0, 0x11, 0xc0, 0x11, 0xc0, 0x11, 0xc0,
    0x11, 0xc0, 0x17, 0xc7, 0xc7, 0xcb, 0x70, 0x21, 0x60, 0x0b, 0xf0, 0x63, 0xbc, 0xc0, 0x11, 0xc0,
    0x11, 0xc0, 0x11, 0xc0, 0x11, 0xc0, 0x11, 0xc0, 0x11, 0xc0, 0x11, 0xc0, 0x11, 0xc0, 0x14, 0xcb,
    0x77, 0x0e, 0xf0, 0x53, 0x1b, 0xc0, 0x11, 0xc0, 0x11, 0xc0, 0x11, 0xc0, 0x11, 0xc0, 0x11, 0xc0,
    0x11, 0xc0, 0x11, 0xc0, 0x11, 0xc0, 0x11, 0xc0, 0x11, 0xb0, 0x22, 0x1a, 0x71, 0x20, 0x05, 0xf0,
    0x22, 0xa7, 0xf0, 0xb2, 0x1a, 0x21, 0x20, 0x05, 0x61, 0x20, 0x53, 0xaa, 0xa0, 0x42, 0xc1, 0xf0,
    0xd4, 0xaa, 0xa2, 0x04, 0xb5, 0xa7, 0x77, 0xa0, 0xa2, 0x22, 0x82, 0x22, 0xa5, 0xa1, 0x11, 0xa0,
    0x06, 0xb7, 0xa7, 0x77, 0x7a, 0x70, 0x71, 0x20, 0x21, 0x20, 0x61, 0x20, 0x21, 0x20, 0x77, 0x1a,
    0x17, 0x17, 0xa0, 0x06, 0xb1, 0x00, 0x14, 0x77, 0x77, 0x74, 0x99, 0xcc, 0x84, 0xcc, 0x99, 0x74,
    0x17, 0x77, 0x11, 0x00, 0x09, 0x91, 0x60, 0x12, 0x0a, 0x32, 0x7a, 0x21, 0x70, 0x24, 0x99, 0x99,
    0x11, 0xc0, 0x16, 0xaa, 0xaa, 0xac, 0x14, 0x99, 0x99, 0x57, 0xa7, 0x77, 0x7a, 0x20, 0x07, 0x85,
    0x66, 0x60, 0xa0, 0x33, 0xcc, 0xa0, 0x11, 0x70, 0xa3, 0xae, 0xa0, 0x41, 0x90, 0x54, 0x1a, 0x77,
    0x32, 0xa0, 0x0a, 0x91, 0x60, 0x13, 0x02, 0xa0, 0x53, 0x77, 0x10, 0x14, 0xcc, 0xcc, 0x32, 0xcc,
    0x12, 0xcc, 0x24, 0xcc, 0xcc, 0x11, 0x10, 0x31, 0x70, 0x24, 0xca, 0x02, 0x08, 0xc3, 0x02, 0xa0,
    0x62, 0x7b, 0x12, 0xc7, 0x31, 0x70, 0x13, 0xcc, 0x70, 0x33, 0x7c, 0xc0, 0x13, 0xb7, 0x10, 0x53,
    0xa0, 0x00, 0x0b, 0x91, 0x00, 0x37, 0x02, 0xaa, 0xaa, 0x70, 0x14, 0x71, 0x1b, 0x11, 0x70, 0x11,
    0x70, 0x11, 0x70, 0x11, 0x70, 0x11, 0x70, 0x11, 0x70, 0x15, 0x7b, 0x17, 0x70, 0x17, 0x1a, 0xaa,
    0xa0, 0x20, 0x06, 0xe5, 0x02, 0xa7, 0x70, 0x31, 0x70, 0x12, 0x77, 0x1c, 0x17, 0x77, 0x17, 0x77,
    0x17, 0x77, 0x12, 0x77, 0x26, 0x11, 0xa2, 0x00, 0x0c, 0xf0, 0x11, 0x20, 0x54, 0x77, 0x77, 0x11,
    0x70, 0x11, 0x70, 0x11, 0x70, 0x11, 0x70, 0x11, 0x70, 0x11, 0x70, 0x12, 0x77, 0x21, 0x10, 0x21,
    0x10, 0x0a, 0xd1, 0x00, 0xb1, 0x70, 0x11, 0x70, 0x11, 0x70, 0x11, 0x70, 0x11, 0x70, 0x11, 0x70,
    0x11, 0x70, 0x31, 0x10, 0x42, 0x1a, 0x05, 0x61, 0x00, 0x92, 0xa7, 0xf0, 0xd2, 0xa0, 0x41, 0x00,
    0x03, 0xf0, 0xb1, 0x70, 0xe1, 0x10, 0x05, 0xf0, 0xf0, 0xb1, 0x10, 0x42, 0x1a, 0x61, 0x00, 0x05,
    0xf0, 0xf0, 0xc1, 0x10, 0x12, 0x41, 0x31, 0x00, 0x04, 0xc1, 0x00, 0xf0, 0xd1, 0x70, 0x13, 0x48,
    0x40, 0x04, 0xf0, 0xf0, 0x91, 0x10, 0x35, 0x14, 0x11, 0xa0, 0x06, 0xf0, 0xf0, 0x61, 0x10, 0x12,
    0x11, 0x11, 0x10, 0x32, 0x1d, 0x07, 0xf0, 0x21, 0x10, 0xf0, 0x21, 0x10, 0x11, 0x10, 0x21, 0x10,
    0x41, 0x10, 0x05, 0xa1, 0x00, 0x61, 0x10, 0xf0, 0x13, 0x11, 0x10, 0x93, 0xa0, 0x00, 0x05, 0xf0,
    0xf0, 0x31, 0x10, 0x31, 0x10, 0x82, 0xa0, 0x04, 0xe1, 0x00, 0x13, 0x2a, 0x10, 0x51, 0x10, 0x83,
    0x11, 0x70, 0x04, 0xf0, 0x14, 0x0a, 0x11, 0x91, 0x10, 0x81, 0x10, 0x09, 0xe1, 0x00, 0x42, 0x11,
    0x11, 0x10, 0x11, 0x10, 0x32, 0x11, 0x12, 0x11, 0x21, 0x10, 0x81, 0xd0, 0x51, 0x00, 0x06, 0xf0,
    0x54, 0x11, 0x11, 0x11, 0x10, 0x11, 0x10, 0x61, 0x10, 0x81, 0xd0, 0x07, 0xf0, 0x22, 0x0a, 0x21,
    0x10, 0x11, 0x10, 0x13, 0x11, 0x10, 0x22, 0x11, 0xa1, 0xd0, 0x07, 0xf0, 0x22, 0x0a, 0x31, 0x70,
    0x51, 0x70, 0x31, 0x10, 0x81, 0xd0, 0x32, 0xa0, 0x05, 0xf0, 0x23, 0x00, 0xa0, 0xf0, 0x51, 0xd0,
    0x33, 0xa0, 0x00, 0x09, 0xf0, 0x32, 0x0a, 0x21, 0x10, 0x11, 0x10, 0x11, 0x10, 0x11, 0x10, 0x11,
    0x10, 0x81, 0xd0, 0x34, 0xaa, 0x00, 0x04, 0xf0, 0x45, 0x0a, 0xaa, 0xa0, 0xe1, 0xd0, 0x24, 0xaa,
    0x00, 0x03, 0xf0, 0x4b, 0x00, 0xa7, 0x7a, 0xaa, 0xaa, 0xa0, 0x1e, 0xaa, 0xaa, 0xaa, 0xaa, 0xaa,
    0x7a, 0x00, 0x06, 0xf0, 0x51, 0x00, 0x11, 0x10, 0x58, 0xa0, 0xa0, 0x00, 0x0a, 0x21, 0x10, 0x12,
    0x11, 0x04, 0xf0, 0x75, 0x11, 0x11, 0x10, 0x26, 0x00, 0x00, 0x00, 0x16, 0xa1, 0x11, 0x11, 0x04,
    0xf0, 0x68, 0x0a, 0xaa, 0xaa, 0x00, 0x12, 0x00, 0x29, 0x00, 0x0a, 0xaa, 0xaa, 0x00, 0x03, 0xf0,
    0x67, 0x00, 0x00, 0x00, 0x00, 0x87, 0x00, 0x00, 0x00, 0x00, 0x03, 0xf0, 0x82, 0x00, 0xe2, 0x00,
    0x04, 0xf0, 0x51, 0x00, 0xf0, 0x81, 0x00, 0x04, 0xf0, 0xf0, 0x71, 0x00, 0x11, 0x00, 0x00, 0x00,
    0x00, 0x02, 0xd1, 0x50, 0x11, 0x50, 0x02, 0xc3, 0x53, 0x50, 0x11, 0x50, 0x01, 0xd1, 0x50, 0x02,
    0xc1, 0x00, 0x31, 0x00, 0x02, 0xd1, 0x00, 0x11, 0x00, 0x05, 0xe1, 0x00, 0xf0, 0xf0, 0x21, 0x50,
    0x11, 0x50, 0x07, 0xf0, 0x31, 0x20, 0x83, 0xaa, 0xa0, 0x11, 0xa0, 0x14, 0xaa, 0xaa, 0x92, 0x53,
    0x11, 0x50, 0x07, 0xf0, 0x96, 0xaa, 0xa7, 0x77, 0x11, 0x70, 0x16, 0x77, 0x77, 0xaa, 0x71, 0x50,
    0x11, 0x50, 0x21, 0x00, 0x05, 0xc1, 0x20, 0xb3, 0x77, 0x70, 0x21, 0xc0, 0x72, 0x77, 0xb2, 0x00,
    0x05, 0xf0, 0x72, 0xa7, 0x42, 0xcc, 0x93, 0x77, 0xa0, 0x72, 0x00, 0x05, 0xf0, 0x53, 0x2a, 0x70,
    0x42, 0xcc, 0xb1, 0x70, 0x82, 0x02, 0x04, 0xf0, 0xc1, 0xc0, 0x11, 0x70, 0xb2, 0x7a, 0x04, 0xe1,
    0x20, 0x81, 0xc0, 0xf0, 0x32, 0x1a, 0x04, 0xf0, 0x71, 0xc0, 0xf0, 0x52, 0x1a, 0x0a, 0xf0, 0x34,
    0xaa, 0x7c, 0x41, 0x10, 0x11, 0x10, 0x11, 0x10, 0x11, 0x10, 0x11, 0x10, 0x11, 0x10, 0x11, 0x10,
    0x91, 0x20, 0x09, 0xf0, 0x31, 0x00, 0x42, 0xbb, 0x12, 0x77, 0x11, 0x70, 0x13, 0x7c, 0x70, 0x13,
    0x7c, 0x70, 0x12, 0xbb, 0x32, 0x1a, 0x07, 0xf0, 0x32, 0xa7, 0x23, 0xbc, 0x70, 0x21, 0xc0, 0x31,
    0xc0, 0x31, 0xc0, 0x34, 0xc7, 0xb1, 0x08, 0xf0, 0x22, 0xa7, 0x23, 0xbc, 0xc0, 0x31, 0xc0, 0x31,
    0xc0, 0x31, 0xc0, 0x31, 0xc0, 0x13, 0x7b, 0x70, 0x0d, 0xc1, 0x20, 0x42, 0x0a, 0x31, 0xc0, 0x11,
    0xc0, 0x11, 0xc0, 0x11, 0xc0, 0x11, 0xc0, 0x11, 0xc0, 0x11, 0xc0, 0x11, 0xc0, 0x11, 0xc0, 0x11,
    0xc0, 0x52, 0x26, 0x04, 0xf0, 0x22, 0xa7, 0xf0, 0xb2, 0x1a, 0x02, 0xf0, 0x41, 0xc0, 0x04, 0xc3,
    0xaa, 0xa0, 0xf0, 0xf0, 0x43, 0xaa, 0xa0, 0x04, 0xd3, 0x77, 0xa0, 0xa2, 0x22, 0x82, 0x22, 0xa3,
    0xa1, 0x10, 0x05, 0xb2, 0x0a, 0x23, 0x7a, 0x70, 0x74, 0x2c, 0xc2, 0x64, 0x2c, 0xc2, 0x77, 0x1a,
    0x77, 0x7a, 0x00, 0x08, 0xb2, 0x0a, 0x32, 0x7a, 0x62, 0x99, 0x21, 0xc0, 0x61, 0xc0, 0x22, 0x99,
    0x63, 0xa1, 0x70, 0x13, 0x7a, 0x20, 0x09, 0x91, 0x60, 0xa1, 0x70, 0x21, 0x90, 0x21, 0x90, 0x35,
    0xaa, 0xaa, 0xa0, 0x21, 0x90, 0x21, 0x90, 0x31, 0x10, 0x21, 0x70, 0x0b, 0x81, 0x60, 0x11, 0x60,
    0x63, 0xca, 0x70, 0x31, 0xc0, 0x21, 0xc0, 0x31, 0xc0, 0x11, 0xe0, 0x11, 0xc0, 0x21, 0xc0, 0x21,
    0xc0, 0x42, 0xa1, 0x09, 0x81, 0x00, 0x11, 0x00, 0x12, 0x0a, 0x71, 0x10, 0x22, 0xcc, 0x53, 0xca,
    0xc0, 0x42, 0xcc, 0x21, 0x70, 0x54, 0xcc, 0xa0, 0x0e, 0x91, 0x00, 0x32, 0x0a, 0x62, 0x7b, 0x11,
    0x70, 0x11, 0x70, 0x11, 0x70, 0x11, 0x70, 0x11, 0x70, 0x11, 0x70, 0x11, 0x70, 0x11, 0x70, 0x12,
    0x7b, 0x72, 0xa2, 0x41, 0x40, 0x04, 0xe5, 0x0a, 0xaa, 0xc0, 0x33, 0x7b, 0xb0, 0xe3, 0xbb, 0x10,
    0x35, 0x1a, 0xaa, 0x20, 0x06, 0xf1, 0x00, 0x12, 0x77, 0x33, 0x77, 0x70, 0x1f, 0x17, 0x17, 0x17,
    0x17, 0x17, 0x17, 0x17, 0x70, 0x41, 0x10, 0x12, 0x02, 0x05, 0xf3, 0x00, 0xa0, 0x91, 0x70, 0x31,
    0x70, 0x31, 0x70, 0xa2, 0x1a, 0x05, 0x41, 0x00, 0xb2, 0xa7, 0xf0, 0x71, 0x10, 0x11, 0x10, 0x04,
    0xf0, 0xb1, 0x70, 0xf0, 0x42, 0xa0, 0x04, 0xf0, 0xf0, 0xa2, 0x11, 0x42, 0x1a, 0x00, 0x01, 0xa1,
    0x00, 0x04, 0xf0, 0xf0, 0x91, 0x10, 0x32, 0x41, 0x05, 0xf0, 0xf0, 0x82, 0x11, 0x34, 0x11, 0x1d,
    0x71, 0x00, 0x04, 0xf0, 0xf0, 0xa1, 0x10, 0x31, 0x10, 0x06, 0xf0, 0x21, 0x10, 0xf0, 0xf0, 0x21,
    0x00, 0x51, 0x00, 0x05, 0xf0, 0xf0, 0x31, 0x10, 0x41, 0x10, 0x72, 0xa0, 0x04, 0xf0, 0x31, 0x10,
    0xf1, 0x70, 0x21, 0x10, 0x04, 0xf0, 0x12, 0x0a, 0x11, 0x10, 0xf2, 0x71, 0x05, 0xf0, 0x41, 0x10,
    0x92, 0x11, 0xd1, 0xd0, 0x71, 0x00, 0x03, 0xf0, 0x51, 0x10, 0xa1, 0x10, 0x06, 0xf0, 0x61, 0x10,
    0x11, 0x10, 0x22, 0x11, 0x12, 0x71, 0x21, 0x70, 0x02, 0xf0, 0xd1, 0x10, 0x05, 0xf0, 0x11, 0x00,
    0xf0, 0xd1, 0xa0, 0x21, 0x00, 0x07, 0xf0, 0x32, 0x0a, 0x21, 0x10, 0x11, 0x10, 0x31, 0x10, 0x11,
    0x10, 0xd2, 0xa0, 0x03, 0xf0, 0xf0, 0xd1, 0xa0, 0x04, 0xf0, 0x44, 0x0a, 0xaa, 0xf0, 0x34, 0xaa,
    0x00, 0x06, 0xf0, 0x52, 0x00, 0x26, 0xaa, 0xaa, 0xaa, 0x22, 0xaa, 0x16, 0xad, 0xaa, 0xaa, 0x11,
    0x00, 0x06, 0xf0, 0x85, 0x11, 0x11, 0x10, 0x12, 0x0a, 0x12, 0x00, 0x11, 0x10, 0x14, 0x11, 0x11,
    0x02, 0xf0, 0xf1, 0x00, 0x05, 0xf0, 0x75, 0xaa, 0xaa, 0xa0, 0x11, 0x00, 0x61, 0x00, 0x15, 0xaa,
    0xaa, 0xa0, 0x03, 0xf0, 0x75, 0x00, 0x00, 0x00, 0xa5, 0x00, 0x00, 0x00, 0x00, 0x00, 0x02, 0xf0,
    0xa1, 0x00, 0x02, 0xf0, 0xf1, 0x00, 0x00, 0x00, 0x00, 0x00, 0x00, 0x00, 0x00, 0x00, 0x04, 0xf0,
    0xf0, 0xf0, 0x14, 0x50, 0x50, 0x08, 0xf0, 0x31, 0x00, 0x81, 0x00, 0x21, 0x20, 0x13, 0x00, 0x20,
    0x11, 0x00, 0x83, 0x53, 0x50, 0x21, 0x00, 0x08, 0xf0, 0x91, 0x00, 0x21, 0xa0, 0x21, 0xa0, 0x13,
    0xaa, 0xa0, 0x11, 0xa0, 0x81, 0x50, 0x41, 0x00, 0x06, 0xc1, 0x00, 0xb1, 0xa0, 0x41, 0x70, 0xa1,
    0x20, 0x51, 0x50, 0x21, 0x00, 0x05, 0xf0, 0x72, 0x0a, 0x42, 0x77, 0xa2, 0xa0, 0x52, 0x50, 0x05,
    0xf0, 0x53, 0x00, 0xa0, 0x42, 0x77, 0xb2, 0xa0, 0x81, 0x00, 0x03, 0xf0, 0xf0, 0xb1, 0xa0, 0x02,
    0xe1, 0x00, 0x81, 0x70, 0x00, 0x0a, 0xf0, 0x31, 0x20, 0x71, 0x70, 0x11, 0x70, 0x11, 0x70, 0x11,
    0x70, 0x11, 0x70, 0x11, 0x70, 0x11, 0x70, 0x91, 0x00, 0x04, 0xf0, 0x8f, 0x7c, 0x1b, 0xbb, 0xbb,
    0xbb, 0xbb, 0xbb, 0xb0, 0x12, 0x17, 0x32, 0xa0, 0x06, 0xf0, 0x72, 0x1b, 0x31, 0x70, 0x31, 0x70,
    0x31, 0x70, 0x33, 0x7b, 0x70, 0x09, 0xf0, 0x22, 0x2a, 0x23, 0x1b, 0x70, 0x31, 0x70, 0x31, 0x70,
    0x31, 0x70, 0x31, 0x70, 0x12, 0xb7, 0x12, 0xa2, 0x0c, 0xc1, 0x00, 0x91, 0x70, 0x11, 0x70, 0x11,
    0x70, 0x11, 0x70, 0x11, 0x70, 0x11, 0x70, 0x11, 0x70, 0x11, 0x70, 0x11, 0x70, 0x11, 0x70, 0x61,
    0x00, 0x04, 0xf0, 0x22, 0x0a, 0xf0, 0xb2, 0xa0, 0x04, 0xf0, 0xf0, 0xf0, 0x91, 0x00, 0x04, 0xc3,
    0x00, 0x00, 0xf0, 0xf0, 0x43, 0x20, 0x00, 0x05, 0x61, 0x00, 0x63, 0xaa, 0x00, 0xa2, 0xcc, 0x82,
    0xcc, 0xa3, 0x2a, 0xa0, 0x05, 0xb2, 0xa7, 0x23, 0xa0, 0xa0, 0x74, 0xc2, 0x2c, 0x64, 0xc2, 0x2c,
    0x77, 0xa2, 0xa1, 0x11, 0xa0, 0x09, 0x91, 0x60, 0x12, 0xa7, 0x32, 0xa7, 0x62, 0xc2, 0x21, 0x20,
    0x61, 0x20, 0x22, 0x2c, 0x63, 0x1a, 0x10, 0x13, 0x17, 0xa0, 0x08, 0xb2, 0xa7, 0xa1, 0xc0, 0x21,
    0xc0, 0x35, 0xcc, 0xcc, 0xc0, 0x21, 0xc0, 0x21, 0xc0, 0x61, 0x10, 0x32, 0x7a, 0x0b, 0x71, 0x60,
    0x11, 0x80, 0x11, 0x60, 0x71, 0xc0, 0x31, 0x90, 0x21, 0x90, 0x31, 0xa0, 0x11, 0xa0, 0x11, 0xa0,
    0x21, 0x90, 0x21, 0x90, 0x07, 0xc2, 0xa7, 0x71, 0xb0, 0x22, 0x99, 0x53, 0xae, 0xa0, 0x42, 0x99,
    0x21, 0xb0, 0x54, 0x77, 0x7a, 0x0e, 0x91, 0x60, 0x32, 0xa7, 0x61, 0x10, 0x21, 0xc0, 0x11, 0xc0,
    0x11, 0xc0, 0x11, 0xc0, 0x11, 0xa0, 0x11, 0xc0, 0x11, 0xc0, 0x11, 0xc0, 0x11, 0xc0, 0x82, 0xca,
    0x41, 0x00, 0x09, 0xe1, 0xa0, 0x13, 0xcc, 0xa0, 0x31, 0xb0, 0x11, 0xc0, 0xe1, 0xc0, 0x11, 0xb0,
    0x33, 0xa7, 0x70, 0x11, 0xa0, 0x51, 0x40, 0x05, 0xf0, 0x21, 0xa0, 0x6f, 0xbb, 0xbb, 0x7c, 0x7c,
    0x7c, 0x7c, 0xbb, 0xb0, 0x02, 0xb1, 0x61, 0xa0, 0x01, 0xf1, 0x20, 0x05, 0x41, 0x20, 0xf0, 0xf0,
    0x51, 0x70, 0x11, 0x70, 0x00, 0x03, 0xf0, 0xf0, 0xa1, 0x70, 0x00, 0x03, 0xa1, 0x20, 0xf0, 0xe1,
    0x70, 0x04, 0xf0, 0xf0, 0x91, 0x70, 0x31, 0x10, 0x06, 0xf0, 0xf0, 0x82, 0x77, 0x21, 0x40, 0x31,
    0x10, 0x71, 0x20, 0x03, 0xf0, 0xf0, 0xa1, 0x70, 0x05, 0xf0, 0x21, 0x70, 0xf0, 0xf0, 0x21, 0x20,
    0x03, 0xf0, 0xf0, 0x31, 0x70, 0x03, 0xf0, 0xf0, 0x71, 0x70, 0x05, 0xf0, 0x41, 0x70, 0xf0, 0x11,
    0x70, 0x92, 0x1a, 0x06, 0xf0, 0x41, 0x70, 0x92, 0x77, 0xd1, 0x10, 0x12, 0xda, 0x41, 0x20, 0x00,
    0x02, 0xf0, 0xb2, 0x77, 0x02, 0xf0, 0xd1, 0x70, 0x02, 0xf0, 0x11, 0x20, 0x03, 0xf0, 0xd1, 0x70,
    0x11, 0x70, 0x04, 0xf0, 0xf0, 0xd1, 0x10, 0x11, 0xa0, 0x05, 0xf0, 0x41, 0xa0, 0x12, 0x11, 0xf0,
    0x33, 0x11, 0xa0, 0x06, 0xf0, 0x63, 0xa1, 0x10, 0x15, 0x11, 0x11, 0x10, 0x22, 0x11, 0x14, 0x11,
    0x1d, 0x31, 0xa0, 0x06, 0xf0, 0x76, 0xaa, 0x7a, 0xaa, 0x11, 0xa0, 0x22, 0xad, 0x11, 0xa0, 0x14,
    0xaa, 0x77, 0x03, 0xf0, 0xf0, 0x31, 0xa0, 0x03, 0xf0, 0x75, 0x11, 0x11, 0x10, 0xa5, 0x11, 0x11,
    0x10, 0x03, 0xf0, 0x75, 0xaa, 0xaa, 0xa0, 0xa5, 0xaa, 0xaa, 0xa0, 0x00, 0x00, 0x02, 0xf0, 0xa1,
    0x20, 0x02, 0xf0, 0xf1, 0x20, 0x00, 0x00, 0x00, 0x02, 0xd1, 0x00, 0x11, 0x00, 0x02, 0xc2, 0x00,
    0x11, 0x00, 0x03, 0xc1, 0x00, 0x11, 0x30, 0x21, 0x50, 0x02, 0xf0, 0x12, 0x55, 0x05, 0xf2, 0x55,
    0x31, 0x00, 0x31, 0x00, 0xf1, 0x00, 0x31, 0x00, 0x04, 0xf1, 0x50, 0xf0, 0xf1, 0x00, 0x11, 0x00,
    0x09, 0xf0, 0x71, 0x00, 0x52, 0x00, 0x11, 0x00, 0x31, 0x00, 0x21, 0x00, 0x31, 0x00, 0x23, 0x05,
    0x00, 0x11, 0x00, 0x03, 0xf0, 0xae, 0x00, 0x00, 0x00, 0x00, 0x00, 0x00, 0x00, 0x71, 0x30, 0x06,
    0xf0, 0x7f, 0x00, 0x20, 0x20, 0xaa, 0x2a, 0x20, 0x2a, 0x20, 0x03, 0x00, 0x00, 0x21, 0x00, 0x21,
    0x50, 0x31, 0x50, 0x07, 0xf0, 0x85, 0x00, 0xaa, 0xa0, 0x21, 0xa0, 0x13, 0xaa, 0xa0, 0x15, 0xaa,
    0xa0, 0x00, 0x51, 0x50, 0x11, 0x50, 0x04, 0xe1, 0x00, 0x74, 0x2a, 0xa7, 0xc3, 0x1a, 0x00, 0x61,
    0x50, 0x04, 0xf0, 0x67, 0x00, 0xa7, 0x77, 0x70, 0x12, 0xcc, 0x93, 0xa0, 0x00, 0x06, 0xf0, 0x53,
    0x20, 0xa0, 0x21, 0x70, 0x31, 0xc0, 0x11, 0x70, 0x84, 0x1a, 0x20, 0x05, 0xf0, 0x53, 0x0a, 0x70,
    0x11, 0x70, 0xf0, 0x14, 0x1a, 0x00, 0x06, 0xa1, 0x00, 0x51, 0x00, 0x23, 0x0a, 0x70, 0x11, 0x70,
    0x41, 0xc0, 0xd3, 0x1a, 0x20, 0x04, 0xf0, 0x43, 0x0a, 0x70, 0x3d, 0xcc, 0xcc, 0x77, 0x77, 0x77,
    0x77, 0x70, 0x11, 0x70, 0x08, 0xf0, 0x32, 0x2a, 0x22, 0x7c, 0x31, 0xc0, 0x31, 0xc0, 0x81, 0x70,
    0x14, 0x71, 0xa0, 0xa1, 0x00, 0x06, 0xf0, 0x23, 0x00, 0xa0, 0x13, 0xcc, 0xc0, 0x1f, 0xbb, 0xbb,
    0xbb, 0xbb, 0xbb, 0xbb, 0xbb, 0x10, 0x02, 0x77, 0x11, 0x10, 0x0a, 0xf0, 0x63, 0xc1, 0xb0, 0x11,
    0x70, 0x11, 0x70, 0x11, 0x70, 0x11, 0x70, 0x11, 0x70, 0x11, 0x70, 0x11, 0x70, 0x15, 0x7b, 0x71,
    0x10, 0x0b, 0xf0, 0x63, 0x1b, 0x70, 0x11, 0x70, 0x11, 0x70, 0x11, 0x70, 0x11, 0x70, 0x11, 0x70,
    0x11, 0x70, 0x11, 0x70, 0x11, 0x70, 0x12, 0xb7, 0x0d, 0xf0, 0x23, 0x0a, 0x70, 0x21, 0x70, 0x11,
    0x70, 0x11, 0x70, 0x11, 0x70, 0x11, 0x70, 0x11, 0x70, 0x11, 0x70, 0x11, 0x70, 0x11, 0x70, 0x11,
    0x70, 0x42, 0xa2, 0x05, 0xf0, 0x22, 0x2a, 0xf0, 0xa1, 0x10, 0x41, 0x00, 0x04, 0xc3, 0x20, 0x20,
    0xf0, 0xf0, 0x44, 0x02, 0x00, 0x04, 0xb5, 0x00, 0x00, 0x00, 0xa2, 0xcc, 0x82, 0xcc, 0xa5, 0x00,
    0x00, 0x00, 0x08, 0x41, 0x00, 0x41, 0x00, 0x17, 0x0a, 0x02, 0x02, 0xa0, 0x71, 0xc0, 0x21, 0xc0,
    0x61, 0xc0, 0x21, 0xc0, 0x77, 0xa0, 0x20, 0x2a, 0x20, 0x06, 0xd4, 0xaa, 0xa0, 0x31, 0xc0, 0x34,
    0xcc, 0x22, 0x84, 0x22, 0xcc, 0x41, 0x70, 0x25, 0x0a, 0xaa, 0x10, 0x09, 0x76, 0x00, 0x62, 0xa7,
    0x33, 0xa7, 0x70, 0x11, 0x10, 0x24, 0xcc, 0x2c, 0x11, 0x20, 0x16, 0xcc, 0xcc, 0xc2, 0x14, 0xc2,
    0xcc, 0x41, 0x70, 0x16, 0xa1, 0x11, 0x1a, 0x05, 0x76, 0x66, 0x86, 0xa7, 0x33, 0x7a, 0x70, 0xc3,
    0xcc, 0xc0, 0xb2, 0x1a, 0x42, 0x7a, 0x06, 0xb3, 0xa7, 0x70, 0x58, 0xc1, 0xbc, 0x99, 0x99, 0x32,
    0xaa, 0x12, 0xaa, 0x26, 0x99, 0x99, 0xcb, 0x64, 0x77, 0x7a, 0x09, 0x91, 0x60, 0x24, 0xa7, 0x77,
    0x22, 0xca, 0x15, 0xbc, 0xc9, 0x90, 0x31, 0xc0, 0x13, 0xae, 0xa0, 0x39, 0xc9, 0x9c, 0xcb, 0x7a,
    0x70, 0x24, 0x77, 0x7a, 0x31, 0x00, 0x08, 0xd7, 0xaa, 0x77, 0xcc, 0xa0, 0x27, 0xbc, 0xcc, 0xcc,
    0xc0, 0x11, 0xc0, 0x11, 0xa0, 0x11, 0xc0, 0x17, 0xcc, 0xcc, 0xcb, 0x10, 0x17, 0xa7, 0x77, 0x7a,
    0xa0, 0x41, 0x40, 0x0a, 0xf2, 0xaa, 0x11, 0xa0, 0x34, 0xbb, 0xcc, 0x23, 0xcc, 0xc0, 0x13, 0xcc,
    0xc0, 0x13, 0xcc, 0xc0, 0x12, 0xbb, 0x23, 0x7a, 0xa0, 0x11, 0xa0, 0x53, 0x48, 0x40, 0x06, 0xf0,
    0x9f, 0x1b, 0xbb, 0xbb, 0xbb, 0xbb, 0xbb, 0xbb, 0xb0, 0x11, 0x10, 0x21, 0x70, 0x22, 0xa0, 0x71,
    0x40, 0x05, 0xd1, 0x20, 0x22, 0x0a, 0x81, 0xc0, 0xe1, 0x70, 0x42, 0x1a, 0x04, 0xf0, 0xf0, 0xb1,
    0x70, 0xa1, 0x20, 0x05, 0xf0, 0x91, 0xc0, 0xf0, 0x11, 0x70, 0x42, 0xa2, 0x03, 0xf0, 0xf0, 0xa1,
    0x10, 0x04, 0xf0, 0x11, 0x40, 0xf0, 0xa1, 0x70, 0x03, 0xf0, 0xf0, 0xa3, 0x71, 0x10, 0x03, 0xf0,
    0xf0, 0xb1, 0x70, 0x07, 0xf0, 0xf0, 0x61, 0x70, 0x12, 0x77, 0x11, 0x70, 0x41, 0x10, 0x91, 0x20,
    0x06, 0xf0, 0x21, 0x70, 0xf0, 0x21, 0x70, 0x12, 0x77, 0x72, 0x1a, 0x05, 0xf0, 0x22, 0x77, 0xf0,
    0x11, 0x70, 0xa2, 0xda, 0x05, 0xf0, 0x12, 0xa1, 0xf1, 0x70, 0x11, 0x10, 0xa2, 0xa0, 0x05, 0xf0,
    0x13, 0xa1, 0x70, 0x51, 0x70, 0x74, 0x77, 0x71, 0xa2, 0xa0, 0x06, 0xf0, 0x33, 0x77, 0x70, 0x81,
    0x70, 0x11, 0x70, 0x31, 0x70, 0xa2, 0x1a, 0x08, 0xe1, 0x20, 0x46, 0x77, 0x77, 0x77, 0x31, 0x70,
    0x21, 0x70, 0x11, 0x10, 0x11, 0x70, 0x81, 0x10, 0x12, 0xda, 0x06, 0xf0, 0x54, 0x77, 0x77, 0x11,
    0x70, 0x11, 0x70, 0x61, 0x70, 0x81, 0x10, 0x07, 0xf0, 0x22, 0xa1, 0x72, 0x77, 0x12, 0x77, 0xb1,
    0x10, 0x21, 0x10, 0x21, 0x20, 0x07, 0xf0, 0x23, 0xa1, 0x10, 0x41, 0x70, 0x31, 0x10, 0x31, 0x70,
    0x81, 0x10, 0x23, 0x1d, 0xa0, 0x06, 0xf0, 0x32, 0xa1, 0xf0, 0x51, 0x10, 0x31, 0xd0, 0x11, 0xa0,
    0x08, 0xf0, 0x51, 0x10, 0x31, 0x70, 0x11, 0x70, 0x11, 0x70, 0x11, 0x70, 0x81, 0x10, 0x32, 0xda,
    0x04, 0xf0, 0x43, 0xa1, 0x10, 0x21, 0x10, 0xd7, 0x11, 0xd1, 0xd1, 0xa0, 0x03, 0xf0, 0x4f, 0xaa,
    0x11, 0x11, 0x11, 0x11, 0x11, 0x11, 0x10, 0x0a, 0x11, 0x11, 0x11, 0x1d, 0x1a, 0x04, 0xf0, 0x91,
    0xa0, 0x39, 0x11, 0x11, 0x11, 0x11, 0xd0, 0x14, 0xda, 0xaa, 0x05, 0xf0, 0x72, 0xaa, 0x12, 0xaa,
    0x18, 0xaa, 0xaa, 0xaa, 0xaa, 0x12, 0xaa, 0x03, 0xf0, 0x68, 0xa1, 0x11, 0x11, 0xaa, 0x68, 0xaa,
    0x11, 0x11, 0x1a, 0x03, 0xf0, 0x75, 0xaa, 0xaa, 0xa0, 0xa5, 0xaa, 0xaa, 0xa0, 0x00, 0x04, 0xf0,
    0x51, 0x20, 0xf0, 0x81, 0x20, 0x04, 0xf0, 0xf0, 0x71, 0x20, 0x11, 0x20, 0x00, 0x00, 0x00, 0x01,
    0xd5, 0x53, 0x55, 0x50, 0x03, 0xd1, 0x50, 0x11, 0x50, 0x11, 0x50, 0x02, 0xd2, 0x05, 0x21, 0x00,
    0x02, 0xd2, 0x00, 0x12, 0x00, 0x05, 0xe3, 0x00, 0x00, 0x71, 0x20, 0xf1, 0x20, 0x41, 0x50, 0x11,
    0x50, 0x03, 0xf1, 0x00, 0xf0, 0xd5, 0x53, 0x55, 0x50, 0x06, 0xf0, 0x71, 0x20, 0xf1, 0x20, 0x31,
    0x20, 0x12, 0x55, 0x11, 0x50, 0x04, 0xf0, 0xc9, 0xaa, 0xaa, 0xaa, 0xaa, 0xa0, 0xa1, 0x50, 0x12,
    0x00, 0x05, 0xf0, 0x71, 0x20, 0x1f, 0xaa, 0xa7, 0x77, 0x77, 0x77, 0x77, 0xaa, 0xa0, 0x61, 0x00,
    0x13, 0x02, 0x00, 0x06, 0xf0, 0x85, 0xa7, 0x77, 0x70, 0x21, 0x70, 0x13, 0x77, 0x70, 0x15, 0x77,
    0x7a, 0xa0, 0x53, 0x00, 0x00, 0x04, 0xf0, 0x74, 0xa7, 0x7c, 0xc4, 0x77, 0x1a, 0x51, 0x00, 0x05,
    0xf0, 0x73, 0xa7, 0xc0, 0x11, 0xc0, 0x31, 0x70, 0x92, 0x7a, 0x06, 0xf0, 0x62, 0xa7, 0x21, 0xc0,
    0x31, 0x70, 0x11, 0xc0, 0x83, 0x77, 0xa0, 0x05, 0xf0, 0x52, 0xa7, 0x21, 0xc0, 0xf0, 0x13, 0x77,
    0xa0, 0x05, 0xf0, 0x11, 0x20, 0x61, 0xc0, 0x41, 0x70, 0xd3, 0x71, 0xa0, 0x08, 0xf0, 0x34, 0xaa,
    0xcc, 0x31, 0x70, 0x11, 0x10, 0x11, 0x10, 0x11, 0x10, 0x11, 0x10, 0x11, 0x10, 0x07, 0xf0, 0x73,
    0x1b, 0xb0, 0x21, 0x70, 0x31, 0x70, 0x72, 0xbb, 0x23, 0x71, 0xa0, 0xa1, 0x20, 0x06, 0xf0, 0x23,
    0x2a, 0x70, 0x13, 0x1b, 0x70, 0x1f, 0x7c, 0x7c, 0x7c, 0x7c, 0x7c, 0x7c, 0x7c, 0x70, 0x02, 0xcb,
    0x22, 0x1a, 0x0b, 0xf0, 0x22, 0xa7, 0x23, 0xb7, 0xc0, 0x11, 0xc0, 0x11, 0xc0, 0x11, 0xc0, 0x11,
    0xc0, 0x11, 0xc0, 0x11, 0xc0, 0x11, 0xc0, 0x15, 0xc7, 0xcb, 0x70, 0x0b, 0xf0, 0x63, 0xbc, 0xc0,
    0x11, 0xc0, 0x11, 0xc0, 0x11, 0xc0, 0x11, 0xc0, 0x11, 0xc0, 0x11, 0xc0, 0x11, 0xc0, 0x11, 0xc0,
    0x12, 0xcb, 0x0d, 0xf0, 0x22, 0xa7, 0x31, 0xc0, 0x11, 0xc0, 0x11, 0xc0, 0x11, 0xc0, 0x11, 0xc0,
    0x11, 0xc0, 0x11, 0xc0, 0x11, 0xc0, 0x11, 0xc0, 0x11, 0xc0, 0x42, 0x1a, 0x05, 0xf0, 0x22, 0xa7,
    0xf0, 0xa1, 0x70, 0x41, 0x20, 0x04, 0xf0, 0xf0, 0xf0, 0x71, 0x20, 0x05, 0x91, 0x60, 0x14, 0xaa,
    0xaa, 0xb2, 0x22, 0x82, 0x22, 0xb4, 0xaa, 0xaa, 0x08, 0x41, 0x20, 0x41, 0x60, 0x17, 0xa7, 0x77,
    0xaa, 0x70, 0x71, 0x20, 0x21, 0x20, 0x61, 0x20, 0x21, 0x20, 0x77, 0x1a, 0xa1, 0x11, 0xa0, 0x05,
    0x74, 0x66, 0x86, 0x24, 0x77, 0x77, 0x74, 0x99, 0xcc, 0x84, 0xcc, 0x99, 0x75, 0x17, 0x77, 0x70,
    0x08, 0xf0, 0x13, 0x7c, 0xa0, 0x44, 0x99, 0x99, 0x11, 0xc0, 0x16, 0xaa, 0xaa, 0xac, 0x14, 0x99,
    0x99, 0x41, 0xa0, 0x15, 0x77, 0x77, 0x70, 0x05, 0x76, 0x00, 0x60, 0x0a, 0x33, 0xcc, 0xa0, 0xc3,
    0xae, 0xa0, 0xb2, 0xa7, 0x42, 0xa0, 0x09, 0x91, 0x00, 0x13, 0x02, 0xa0, 0x43, 0x7a, 0x70, 0x24,
    0xcc, 0xcc, 0x32, 0xcc, 0x12, 0xcc, 0x24, 0xcc, 0xcc, 0x32, 0xa7, 0x43, 0xa0, 0x20, 0x0b, 0x91,
    0x00, 0x25, 0x02, 0xaa, 0xa0, 0x12, 0xa7, 0x12, 0x1b, 0x12, 0xc7, 0x31, 0x70, 0x13, 0xcc, 0x70,
    0x33, 0x7c, 0xc0, 0x12, 0xb7, 0x18, 0x1a, 0xca, 0xaa, 0x00, 0x21, 0x40, 0x0c, 0x61, 0x00, 0x67,
    0x02, 0x0a, 0xa7, 0x70, 0x23, 0x1b, 0xb0, 0x11, 0x70, 0x11, 0x70, 0x11, 0x70, 0x11, 0x70, 0x11,
    0x70, 0x11, 0x70, 0x15, 0x7b, 0xb7, 0x70, 0x17, 0x11, 0xaa, 0x20, 0x20, 0x22, 0x48, 0x08, 0xf1,
    0x00, 0x12, 0x77, 0x34, 0x77, 0x77, 0x1c, 0x17, 0x17, 0x17, 0x17, 0x17, 0x77, 0x12, 0x77, 0x32,
    0x11, 0x11, 0x00, 0x62, 0x00, 0x07, 0x41, 0x00, 0xb2, 0x2a, 0x6f, 0x77, 0x77, 0x77, 0x77, 0x77,
    0x77, 0x77, 0x70, 0x11, 0x70, 0x21, 0x10, 0x22, 0x1a, 0x71, 0x00, 0x04, 0xd1, 0x00, 0x22, 0xa7,
    0xf0, 0x81, 0x10, 0x04, 0xf1, 0x40, 0xf0, 0xf2, 0xa0, 0x41, 0x00, 0x05, 0xe3, 0x48, 0x40, 0x71,
    0x70, 0xf0, 0x11, 0x10, 0x42, 0x1a, 0x02, 0xa1, 0x00, 0x41, 0x40, 0x04, 0xf0, 0x11, 0xa0, 0xf0,
    0xa1, 0x10, 0x03, 0xf0, 0xf0, 0xa2, 0x17, 0x03, 0xf0, 0xf0, 0xb1, 0x10, 0x07, 0xf0, 0xf0, 0x61,
    0x10, 0x12, 0x11, 0x11, 0x10, 0x41, 0xd0, 0x91, 0x00, 0x05, 0xf0, 0x21, 0x10, 0xf0, 0x21, 0x10,
    0x11, 0x10, 0x05, 0xf0, 0x21, 0x10, 0xf0, 0x12, 0x11, 0xa2, 0xa0, 0x03, 0xf0, 0xf0, 0x31, 0x10,
    0x05, 0xf0, 0x13, 0x2a, 0x10, 0x51, 0x10, 0x74, 0x11, 0x17, 0xa2, 0xda, 0x04, 0xf0, 0x32, 0x11,
    0x91, 0x10, 0x51, 0x10, 0x08, 0xe1, 0x00, 0x42, 0x11, 0x11, 0x10, 0x11, 0x10, 0x34, 0x11, 0x71,
    0x31, 0x10, 0x81, 0xd0, 0x12, 0xa0, 0x06, 0xf0, 0x54, 0x11, 0x11, 0x11, 0x10, 0x11, 0x10, 0x61,
    0x10, 0x81, 0xd0, 0x05, 0xf0, 0xb2, 0x11, 0x12, 0x11, 0xb1, 0xd0, 0x51, 0x00, 0x07, 0xf0, 0x22,
    0x0a, 0x31, 0x70, 0x51, 0x70, 0x31, 0x10, 0x81, 0xd0, 0x31, 0xa0, 0x05, 0xf0, 0x32, 0x0a, 0xf0,
    0x51, 0xd0, 0x33, 0xa0, 0x00, 0x07, 0xf0, 0x91, 0x10, 0x11, 0x10, 0x11, 0x10, 0x11, 0x10, 0x81,
    0xd0, 0x31, 0xa0, 0x04, 0xf0, 0x44, 0x0a, 0xaa, 0xf1, 0xd0, 0x24, 0xaa, 0x00, 0x05, 0xf0, 0x4b,
    0x00, 0xa7, 0xaa, 0xaa, 0xaa, 0xa0, 0x22, 0xaa, 0x11, 0xa0, 0x17, 0xaa, 0xaa, 0x7a, 0x00, 0x05,
    0xf0, 0x91, 0x10, 0x37, 0xa0, 0xaa, 0x00, 0xa0, 0x11, 0xa0, 0x14, 0x11, 0x11, 0x05, 0xf0, 0x72,
    0x11, 0x12, 0x11, 0x26, 0x00, 0x00, 0x00, 0x22, 0x11, 0x03, 0xf0, 0x68, 0x0a, 0xaa, 0xaa, 0x00,
    0x68, 0x00, 0xaa, 0xaa, 0xa0, 0x03, 0xf0, 0x75, 0x00, 0x00, 0x00, 0xa5, 0x00, 0x00, 0x00, 0x00,
    0x00, 0x03, 0xf0, 0xf0, 0x91, 0x00, 0x00, 0x00, 0x00, 0x01, 0xd5, 0x00, 0x00, 0x00, 0x01, 0xd5,
    0x00, 0x00, 0x00, 0x04, 0xe3, 0x00, 0x00, 0xf0, 0xc1, 0x50, 0x11, 0x50, 0x03, 0xf1, 0x00, 0xf0,
    0xc5, 0x53, 0x55, 0x50, 0x05, 0xf0, 0x51, 0x20, 0xf0, 0x72, 0x55, 0x11, 0x50, 0x04, 0xf0, 0xf0,
    0xf1, 0x50, 0x12, 0x00, 0x04, 0xf0, 0xc9, 0xaa, 0xaa, 0xaa, 0xaa, 0xa0, 0x81, 0x00, 0x13, 0x00,
    0x00, 0x04, 0xf1, 0x50, 0x11, 0x50, 0x6f, 0xaa, 0xa7, 0x77, 0x77, 0x77, 0x77, 0xaa, 0xa0, 0x63,
    0x00, 0x00, 0x06, 0xe5, 0x53, 0x55, 0x50, 0x44, 0xa7, 0x77, 0x21, 0xc0, 0x65, 0x77, 0x7a, 0xa0,
    0x11, 0x20, 0x31, 0x00, 0x05, 0xe5, 0x55, 0x55, 0x50, 0x32, 0xa7, 0x41, 0xc0, 0x11, 0xc0, 0x83,
    0x77, 0xa0, 0x04, 0xe4, 0x25, 0x55, 0x23, 0x2a, 0x70, 0x42, 0xcc, 0xb1, 0x70, 0x07, 0xf0, 0x11,
    0x50, 0x42, 0xa7, 0x21, 0xc0, 0x11, 0xc0, 0x11, 0x70, 0xb2, 0x7a, 0x05, 0xe1, 0x20, 0x52, 0xa7,
    0x11, 0xc0, 0xf0, 0x32, 0x1a, 0x04, 0xf0, 0x71, 0xc0, 0xf0, 0x52, 0x1a, 0x06, 0xa1, 0x20, 0x74,
    0xaa, 0x7c, 0x21, 0x10, 0x1b, 0x11, 0xbb, 0xbb, 0xbb, 0xbb, 0x10, 0x11, 0x10, 0x91, 0x20, 0x09,
    0xf0, 0x31, 0x00, 0x42, 0xbb, 0x12, 0x77, 0x11, 0x70, 0x13, 0x7c, 0x70, 0x12, 0x7c, 0x22, 0xbb,
    0x32, 0x1a, 0x07, 0xf0, 0x32, 0xa7, 0x23, 0xbc, 0x70, 0x21, 0xc0, 0x31, 0xc0, 0x31, 0xc0, 0x34,
    0xc7, 0xb1, 0x08, 0xf0, 0x22, 0xa7, 0x23, 0xbc, 0xc0, 0x31, 0xc0, 0x31, 0xc0, 0x31, 0xc0, 0x31,
    0xc0, 0x13, 0x7b, 0x70, 0x0c, 0xf0, 0x22, 0x0a, 0x31, 0xc0, 0x11, 0xc0, 0x11, 0xc0, 0x11, 0xc0,
    0x11, 0xc0, 0x11, 0xc0, 0x11, 0xc0, 0x11, 0xc0, 0x11, 0xc0, 0x11, 0xc0, 0x04, 0xf0, 0x22, 0xa7,
    0xf0, 0xb2, 0x1a, 0x02, 0xf0, 0x41, 0xc0, 0x04, 0xc2, 0xaa, 0xf0, 0xf0, 0x62, 0xaa, 0x04, 0xa6,
    0x6a, 0x77, 0xaa, 0xa2, 0x22, 0x82, 0x22, 0xa5, 0xaa, 0x11, 0xa0, 0x05, 0x92, 0x06, 0x16, 0x77,
    0x77, 0xa7, 0x74, 0x2c, 0xc2, 0x64, 0x2c, 0xc2, 0x76, 0x1a, 0x11, 0x71, 0x08, 0x81, 0x60, 0x11,
    0x80, 0x43, 0x77, 0xa0, 0x62, 0x99, 0x21, 0xc0, 0x61, 0xc0, 0x22, 0x99, 0x66, 0xa1, 0x77, 0x77,
    0x0b, 0x73, 0x00, 0x00, 0x12, 0x0a, 0x71, 0x70, 0x21, 0x90, 0x21, 0x90, 0x35, 0xaa, 0xaa, 0xa0,
    0x21, 0x90, 0x21, 0x90, 0x31, 0x10, 0x21, 0x70, 0x32, 0xa0, 0x0b, 0x94, 0x06, 0x0a, 0x62, 0x77,
    0x21, 0xc0, 0x21, 0xc0, 0x31, 0xc0, 0x11, 0xe0, 0x11, 0xc0, 0x21, 0xc0, 0x21, 0xc0, 0x51, 0x70,
    0x42, 0xa2, 0x06, 0x91, 0x00, 0x22, 0x0a, 0xa2, 0xcc, 0x53, 0xca, 0xc0, 0x42, 0xcc, 0x84, 0xcc,
    0xa0, 0x0f, 0xd2, 0x0a, 0x32, 0xa7, 0x12, 0x7b, 0x11, 0x70, 0x11, 0x70, 0x11, 0x70, 0x11, 0x70,
    0x11, 0x70, 0x11, 0x70, 0x11, 0x70, 0x11, 0x70, 0x13, 0x7b, 0x10, 0x12, 0x1a, 0x32, 0xa2, 0x31,
    0x40, 0x08, 0xe1, 0x00, 0x21, 0xa0, 0x35, 0x77, 0x1b, 0xb0, 0xc4, 0xbb, 0x77, 0x11, 0x10, 0x21,
    0xa0, 0x21, 0x20, 0x41, 0x80, 0x06, 0xf0, 0x21, 0x70, 0x43, 0x77, 0x70, 0x1f, 0x17, 0x17, 0x17,
    0x17, 0x17, 0x17, 0x17, 0x70, 0x51, 0x10, 0x55, 0x48, 0x38, 0x40, 0x09, 0xf0, 0x12, 0x0a, 0x91,
    0x70, 0x11, 0x70, 0x11, 0x70, 0x11, 0x70, 0x11, 0x70, 0x81, 0x10, 0x91, 0x80, 0x06, 0xf0, 0x12,
    0xa7, 0xf0, 0x71, 0x10, 0x11, 0x10, 0xb1, 0x40, 0x02, 0xe1, 0x40, 0xb1, 0x70, 0x04, 0xc3, 0x04,
    0x80, 0xf0, 0xa2, 0x11, 0x42, 0x1a, 0x01, 0xf2, 0x0a, 0x01, 0xf1, 0x00, 0x03, 0xf0, 0xf0, 0x91,
    0x10, 0x04, 0xf0, 0xf0, 0x82, 0x11, 0xe1, 0x00, 0x03, 0xf0, 0xf0, 0xa1, 0x10, 0x04, 0x81, 0x00,
    0xf0, 0xf0, 0xb1, 0x00, 0x04, 0xf0, 0xf0, 0x31, 0x10, 0x41, 0x10, 0x05, 0xf0, 0x31, 0x10, 0xf1,
    0x70, 0x21, 0x10, 0x82, 0xda, 0x06, 0xf0, 0x12, 0x0a, 0x11, 0x10, 0xf0, 0x11, 0x10, 0x92, 0x1a,
    0x05, 0xf0, 0x41, 0x10, 0x92, 0x11, 0xd1, 0xd0, 0x71, 0x00, 0x04, 0xf0, 0x51, 0x10, 0xa1, 0x10,
    0xe2, 0xa0, 0x05, 0xf0, 0x61, 0x10, 0x11, 0x10, 0x13, 0x11, 0x10, 0x12, 0x71, 0x03, 0xf0, 0x22,
    0x0a, 0x91, 0x10, 0x04, 0xf0, 0x13, 0x00, 0xa0, 0xf0, 0xb1, 0xa0, 0x07, 0xf0, 0x32, 0x0a, 0x21,
    0x10, 0x11, 0x10, 0x31, 0x10, 0x11, 0x10, 0xd3, 0xa0, 0x00, 0x04, 0xf0, 0x61, 0xa0, 0xf0, 0x61,
    0xa0, 0x04, 0xf0, 0x45, 0x0a, 0x0a, 0xa0, 0xf0, 0x24, 0xaa, 0x00, 0x04, 0xf0, 0x51, 0x00, 0x18,
    0x77, 0xaa, 0xaa, 0xaa, 0x1b, 0xaa, 0xaa, 0xaa, 0xaa, 0xaa, 0x70, 0x04, 0xf0, 0x76, 0x11, 0x11,
    0x11, 0x16, 0x0a, 0x00, 0x00, 0x25, 0x11, 0x11, 0x10, 0x04, 0xf0, 0xc1, 0xa0, 0x22, 0x00, 0x22,
    0x0a, 0x03, 0xf0, 0x68, 0x0a, 0xaa, 0xaa, 0x00, 0x68, 0x00, 0xaa, 0xaa, 0xa0, 0x03, 0xf0, 0x75,
    0x00, 0x00, 0x00, 0xa5, 0x00, 0x00, 0x00, 0x00, 0x00, 0x05, 0xf0, 0x51, 0x00, 0x41, 0x00, 0xf0,
    0x31, 0x00, 0x03, 0xf0, 0xf1, 0x00, 0x61, 0x00, 0x00, 0x00, 0x00, 0x00, 0x00, 0x00, 0x00, 0x00,
    0x00, 0x04, 0xf0, 0xc1, 0x00, 0x21, 0x20, 0x13, 0x00, 0x20, 0x05, 0xf4, 0x05, 0x05, 0x51, 0x00,
    0x21, 0xa0, 0x21, 0xa0, 0x13, 0xaa, 0xa0, 0x05, 0xe3, 0x05, 0x30, 0x21, 0x50, 0x41, 0xa0, 0x41,
    0x70, 0xa1, 0x20, 0x05, 0xe1, 0x00, 0x41, 0x50, 0x22, 0x0a, 0x41, 0x70, 0xb2, 0xa0, 0x04, 0xf1,
    0x00, 0x21, 0x50, 0x13, 0x00, 0xa0, 0x42, 0x77, 0x04, 0xf0, 0x12, 0x05, 0xf0, 0x81, 0x10, 0x02,
    0xe1, 0x00, 0x81, 0x70, 0x00, 0x05, 0xa1, 0x00, 0xd1, 0x70, 0x1b, 0x7c, 0x77, 0x1c, 0x77, 0x17,
    0x70, 0x11, 0x70, 0x91, 0x00, 0x06, 0xf0, 0x81, 0x10, 0x14, 0xbb, 0xbb, 0x31, 0x70, 0x24, 0xbb,
    0xbb, 0x11, 0x70, 0x06, 0xf0, 0x81, 0xb0, 0x31, 0x70, 0x31, 0x70, 0x31, 0x70, 0x32, 0x7b, 0x08,
    0xf0, 0x61, 0x10, 0x11, 0x70, 0x31, 0x70, 0x31, 0x70, 0x31, 0x70, 0x31, 0x70, 0x21, 0x70, 0x0b,
    0xf0, 0x71, 0x70, 0x11, 0x70, 0x11, 0x70, 0x11, 0x70, 0x11, 0x70, 0x11, 0x70, 0x11, 0x70, 0x11,
    0x70, 0x11, 0x70, 0x11, 0x70, 0x00, 0x04, 0xf0, 0xf0, 0xf0, 0x71, 0x60, 0x04, 0xc1, 0x00, 0xf0,
    0xf0, 0x81, 0x00, 0x04, 0xa3, 0x20, 0xa0, 0xf0, 0xf0, 0x82, 0xa2, 0x03, 0xf0, 0xf0, 0xd1, 0x10,
    0x06, 0x41, 0x00, 0x31, 0x20, 0x11, 0x60, 0x52, 0xa7, 0xf0, 0xc4, 0x71, 0xa1, 0x04, 0xf0, 0xf0,
    0xf0, 0x21, 0x10, 0x05, 0x61, 0x00, 0x31, 0x20, 0x64, 0xa7, 0xc1, 0xf0, 0x92, 0x1a, 0x05, 0xc2,
    0xa7, 0x32, 0xa7, 0xf0, 0xb2, 0x1a, 0x14, 0x77, 0x7a, 0x06, 0xd2, 0xa7, 0x11, 0xc0, 0xf0, 0xf0,
    0x22, 0xca, 0x31, 0x20, 0x07, 0xe3, 0xa7, 0xc0, 0x11, 0xc0, 0x43, 0xbc, 0x70, 0xc4, 0xcc, 0xb1,
    0x31, 0x10, 0x13, 0x77, 0xa0, 0x41, 0x40, 0x07, 0xf1, 0xa0, 0x11, 0xa0, 0x6f, 0x1b, 0xbb, 0xbb,
    0xbb, 0xbb, 0xbb, 0xbb, 0xb0, 0x11, 0x10, 0x51, 0xa0, 0x11, 0xa0, 0x35, 0x20, 0x80, 0x00, 0x04,
    0xf0, 0xf0, 0xf0, 0x75, 0x48, 0x38, 0x40, 0x04, 0xd1, 0x40, 0xf0, 0xd1, 0x70, 0xb1, 0x80, 0x04,
    0xd2, 0x80, 0xf0, 0xf0, 0x91, 0x40, 0x03, 0xb3, 0x48, 0x30, 0xf0, 0xb1, 0x70, 0x01, 0xd2, 0x80,
    0x03, 0xd1, 0x40, 0xf0, 0xb1, 0x70, 0x00, 0x03, 0xf0, 0xf0, 0x82, 0x77, 0x03, 0xf0, 0xf0, 0xa1,
    0x70, 0x00, 0x03, 0xf0, 0xf0, 0x31, 0x70, 0x00, 0x04, 0xf0, 0x12, 0xa1, 0x11, 0x70, 0xf1, 0x70,
    0x04, 0xf0, 0x41, 0x70, 0x91, 0x70, 0xe1, 0x10, 0x02, 0xf0, 0x12, 0xa1, 0x03, 0xf0, 0xa1, 0x70,
    0x71, 0x70, 0x02, 0xf0, 0x22, 0xa1, 0x00, 0x00, 0x04, 0xf0, 0x61, 0x10, 0xf0, 0x61, 0x10, 0x05,
    0xf0, 0x41, 0xa0, 0x13, 0x11, 0x10, 0xf0, 0x32, 0x1a, 0x07, 0xf0, 0x72, 0xa1, 0x11, 0x10, 0x21,
    0x10, 0x21, 0x10, 0x21, 0x10, 0x12, 0xd1, 0x06, 0xf0, 0x72, 0x7a, 0x11, 0xa0, 0x51, 0xa0, 0x24,
    0xa1, 0xaa, 0x22, 0x77, 0x03, 0xf0, 0xc1, 0x10, 0x81, 0x10, 0x05, 0xf0, 0x61, 0xa0, 0x51, 0xa0,
    0x81, 0xa0, 0x51, 0xa0, 0x00, 0x00, 0x00, 0x00, 0x02, 0xf0, 0xf1, 0x20, 0x00, 0x00, 0x00, 0x00,
    0x00, 0x04, 0xf0, 0xf0, 0xe1, 0x00, 0x11, 0x00, 0x04, 0xf0, 0xf0, 0xd3, 0x05, 0x00, 0x11, 0x00,
    0x05, 0xf0, 0x51, 0x00, 0x31, 0x00, 0xf1, 0x00, 0x31, 0x30, 0x04, 0xf0, 0xf0, 0xd1, 0x50, 0x31,
    0x50, 0x09, 0xf0, 0x71, 0x00, 0x52, 0x00, 0x11, 0x00, 0x31, 0x00, 0x21, 0x00, 0x31, 0x00, 0x11,
    0x50, 0x11, 0x50, 0x05, 0xf0, 0x11, 0x00, 0x11, 0x00, 0x6e, 0x00, 0x00, 0x00, 0x00, 0x00, 0x00,
    0x00, 0x61, 0x50, 0x06, 0xf2, 0x02, 0x11, 0x00, 0x3f, 0x00, 0x20, 0x20, 0xaa, 0x2a, 0x20, 0x2a,
    0x20, 0x03, 0x00, 0x00, 0x21, 0x00, 0x51, 0x00, 0x07, 0xf1, 0x00, 0x11, 0x30, 0x21, 0x50, 0x25,
    0x00, 0xaa, 0xa0, 0x21, 0xa0, 0x13, 0xaa, 0xa0, 0x15, 0xaa, 0xa0, 0x00, 0x04, 0xe1, 0x00, 0x42,
    0x55, 0x14, 0x2a, 0xa7, 0xd3, 0xa0, 0x00, 0x05, 0xf0, 0x32, 0x55, 0x17, 0x00, 0xa7, 0x77, 0x70,
    0x12, 0xcc, 0x93, 0xa0, 0x00, 0x08, 0xf0, 0x31, 0x50, 0x13, 0x20, 0xa0, 0x21, 0x70, 0x31, 0xc0,
    0x11, 0x70, 0x84, 0x1a, 0x20, 0x21, 0x00, 0x05, 0xf0, 0x53, 0x0a, 0x70, 0x11, 0x70, 0xf0, 0x14,
    0x1a, 0x00, 0x08, 0xf0, 0x11, 0x00, 0x14, 0x20, 0xa7, 0x11, 0x70, 0x41, 0xc0, 0x11, 0x70, 0x31,
    0x70, 0x73, 0x1a, 0x20, 0x05, 0xf0, 0x43, 0x0a, 0x70, 0x16, 0x7c, 0xcc, 0xcc, 0x65, 0x77, 0x77,
    0x70, 0x42, 0xa0, 0x09, 0xf0, 0x41, 0xa0, 0x22, 0x7c, 0x32, 0xc1, 0x13, 0x1c, 0x10, 0x11, 0x10,
    0x11, 0x10, 0x36, 0x77, 0x71, 0xa0, 0xa1, 0x00, 0x0a, 0xf0, 0x23, 0x00, 0xa0, 0x11, 0xc0, 0x14,
    0x1b, 0xbb, 0x11, 0x70, 0x11, 0x70, 0x11, 0x70, 0x11, 0x70, 0x15, 0x7b, 0xbb, 0x70, 0x21, 0x10,
    0x07, 0xf0, 0x63, 0xcb, 0x70, 0x31, 0x70, 0x31, 0x70, 0x31, 0x70, 0x31, 0x70, 0x12, 0xb1, 0x0c,
    0xf0, 0x81, 0x70, 0x11, 0x70, 0x11, 0x70, 0x11, 0x70, 0x11, 0x70, 0x11, 0x70, 0x11, 0x70, 0x11,
    0x70, 0x11, 0x70, 0x11, 0x70, 0x32, 0xa0, 0x0e, 0xa1, 0x00, 0x63, 0x0a, 0x70, 0x21, 0x70, 0x11,
    0x70, 0x11, 0x70, 0x11, 0x70, 0x11, 0x70, 0x11, 0x70, 0x11, 0x70, 0x11, 0x70, 0x11, 0x70, 0x11,
    0x70, 0x42, 0xa2, 0x51, 0x20, 0x04, 0xd1, 0x00, 0xf0, 0xf0, 0x52, 0x00, 0x04, 0xc4, 0x20, 0x20,
    0xa2, 0xcc, 0x82, 0xcc, 0xa5, 0x20, 0x20, 0x60, 0x06, 0xa8, 0x00, 0xaa, 0x00, 0x0a, 0x71, 0xc0,
    0x21, 0xc0, 0x61, 0xc0, 0x21, 0xc0, 0x78, 0xa2, 0x00, 0xaa, 0x66, 0x06, 0x91, 0x00, 0x21, 0x10,
    0x12, 0xaa, 0x84, 0xcc, 0x22, 0x84, 0x22, 0xcc, 0x57, 0x1a, 0x0a, 0xa1, 0x10, 0x0b, 0x91, 0x60,
    0x12, 0xa7, 0x32, 0xa7, 0x21, 0xc0, 0x24, 0xcc, 0x2c, 0x11, 0x20, 0x16, 0xcc, 0xcc, 0xc2, 0x14,
    0xc2, 0xcc, 0x31, 0x70, 0x14, 0x1a, 0x11, 0x12, 0x1a, 0x09, 0xa3, 0x6a, 0x70, 0x32, 0xa7, 0x51,
    0x90, 0x11, 0xc0, 0x53, 0xcc, 0xc0, 0x41, 0xc0, 0x11, 0x90, 0x44, 0x71, 0xa1, 0x22, 0x7a, 0x09,
    0xb2, 0xa7, 0x31, 0x70, 0x54, 0x99, 0x99, 0x42, 0xaa, 0x12, 0xaa, 0x34, 0x99, 0x99, 0x11, 0x10,
    0x31, 0x10, 0x32, 0x7a, 0x09, 0xc2, 0xa7, 0x29, 0x7a, 0x7c, 0x1b, 0xc9, 0x90, 0x11, 0xc0, 0x11,
    0xc0, 0x15, 0xca, 0xea, 0xc0, 0x11, 0xc0, 0x15, 0xc9, 0x9c, 0xb0, 0x22, 0x1a, 0x23, 0x77, 0xa0,
    0x0b, 0xc3, 0xa7, 0x70, 0x22, 0xca, 0x23, 0xbc, 0xc0, 0x11, 0xc0, 0x31, 0xc0, 0x22, 0xac, 0x31,
    0xc0, 0x24, 0xcc, 0xb7, 0x12, 0xa7, 0x23, 0x77, 0xa0, 0x21, 0x00, 0x05, 0xd6, 0xa7, 0x7c, 0xca,
    0x3f, 0xbc, 0x7c, 0x7c, 0x7c, 0x7c, 0x7c, 0x7c, 0x70, 0x06, 0xc7, 0xc7, 0xb1, 0x26, 0xa7, 0x77,
    0xca, 0x31, 0x20, 0x0a, 0xe3, 0xaa, 0xc0, 0x11, 0xc0, 0x43, 0xbc, 0xc0, 0x23, 0xcc, 0xc0, 0x13,
    0xcc, 0xc0, 0x13, 0xcc, 0xc0, 0x12, 0xb1, 0x21, 0x70, 0x14, 0xa7, 0xaa, 0x25, 0x04, 0x00, 0x00,
    0x06, 0xd1, 0x00, 0x31, 0xa0, 0x6f, 0x11, 0xbb, 0xbb, 0xbb, 0xbb, 0xbb, 0xbb, 0x10, 0x41, 0x70,
    0x21, 0xa0, 0x62, 0x82, 0x04, 0xd1, 0x40, 0xc1, 0xc0, 0xe1, 0x70, 0x95, 0x48, 0x38, 0x40, 0x04,
    0xb5, 0x02, 0x82, 0x00, 0xf0, 0xa1, 0x70, 0xb1, 0x80, 0x05, 0xb5, 0x48, 0x38, 0x40, 0x81, 0xc0,
    0xf0, 0x11, 0x70, 0xb1, 0x40, 0x04, 0xa1, 0x20, 0x21, 0x80, 0xf0, 0xb1, 0x10, 0x04, 0xd1, 0x40,
    0xf0, 0xa1, 0x70, 0x21, 0x70, 0x04, 0xf0, 0xf0, 0xa2, 0x71, 0xc1, 0x20, 0x03, 0xf0, 0xf0, 0xb1,
    0x70, 0x07, 0x81, 0x20, 0xf0, 0xb2, 0x47, 0x12, 0x77, 0x11, 0x70, 0x41, 0x10, 0x31, 0x20, 0x05,
    0xf0, 0x21, 0x70, 0xf0, 0x21, 0x70, 0x21, 0x70, 0x05, 0xf0, 0x22, 0x77, 0xf0, 0x11, 0x70, 0x11,
    0x70, 0x04, 0xf0, 0xf0, 0x31, 0x70, 0x12, 0x17, 0x07, 0xf0, 0x12, 0xa1, 0x61, 0x70, 0x51, 0x70,
    0x14, 0x77, 0x71, 0xf0, 0x11, 0x20, 0x05, 0xf0, 0x33, 0x77, 0x70, 0xa1, 0x70, 0x31, 0x70, 0xa2,
    0x1a, 0x07, 0xf0, 0x54, 0x77, 0x77, 0x23, 0x77, 0x70, 0x21, 0x70, 0x11, 0x10, 0x11, 0x70, 0xa2,
    0xda, 0x08, 0xf0, 0x12, 0xa1, 0x33, 0x77, 0x70, 0x11, 0x70, 0x12, 0x77, 0x51, 0x70, 0x81, 0x10,
    0x22, 0x1a, 0x06, 0xf0, 0x13, 0x2a, 0x10, 0x71, 0x70, 0xf1, 0x10, 0x21, 0x10, 0x21, 0x20, 0x06,
    0xf0, 0x23, 0xa1, 0x10, 0xa1, 0x70, 0x11, 0x70, 0x81, 0x10, 0x23, 0x1d, 0xa0, 0x05, 0xf0, 0x32,
    0xa1, 0xf0, 0x51, 0x10, 0x33, 0xda, 0xa0, 0x07, 0xf0, 0x51, 0x10, 0x51, 0x70, 0x11, 0x70, 0xa1,
    0x10, 0x11, 0x10, 0x12, 0xda, 0x08, 0xf0, 0x44, 0xa1, 0x11, 0x11, 0x10, 0x12, 0x11, 0x11, 0x10,
    0x22, 0x11, 0x12, 0x11, 0x17, 0x11, 0xd1, 0xda, 0xa0, 0x07, 0xf0, 0x51, 0xa0, 0x12, 0xa1, 0x11,
    0x10, 0x27, 0x11, 0x11, 0x11, 0x10, 0x12, 0x1d, 0x22, 0x1a, 0x04, 0xf0, 0x76, 0x7a, 0xaa, 0xaa,
    0x16, 0xa1, 0x1a, 0xa1, 0x16, 0xda, 0xaa, 0xa7, 0x05, 0xf0, 0x77, 0x11, 0x11, 0x11, 0xa0, 0x12,
    0xaa, 0x22, 0xaa, 0x15, 0x11, 0x11, 0x10, 0x03, 0xf0, 0x67, 0xaa, 0x11, 0x1a, 0xa0, 0x87, 0xaa,
    0x11, 0x1a, 0xa0, 0x03, 0xf0, 0x83, 0xaa, 0xa0, 0xc3, 0xaa, 0xa0, 0x00, 0x05, 0xf0, 0x51, 0x20,
    0x41, 0x20, 0xf0, 0x31, 0x20, 0x03, 0xf0, 0xf0, 0x71, 0x20, 0x00, 0x00, 0x00, 0x00, 0x00, 0x04,
    0xf0, 0xf0, 0xf1, 0x50, 0x11, 0x50, 0x04, 0xf0, 0xf0, 0xf1, 0x30, 0x12, 0x55, 0x05, 0xf0, 0x91,
    0x20, 0xf0, 0x32, 0x05, 0x31, 0x50, 0x03, 0xf0, 0xf0, 0xd2, 0x00, 0x04, 0xf0, 0xf0, 0x81, 0x20,
    0x52, 0x00, 0x05, 0xf0, 0x21, 0x50, 0x11, 0x50, 0xf0, 0xa1, 0x00, 0x08, 0xf0, 0x13, 0x53, 0x50,
    0x11, 0x50, 0x44, 0xaa, 0xa2, 0x11, 0xa0, 0x13, 0xaa, 0xa0, 0x22, 0xaa, 0x91, 0x20, 0x06, 0xf0,
    0x21, 0x50, 0x56, 0xaa, 0x77, 0x7a, 0x11, 0x70, 0x13, 0x77, 0x70, 0x32, 0x0a, 0x05, 0xf0, 0x11,
    0x00, 0x31, 0x00, 0x21, 0x00, 0xe3, 0xa7, 0xa0, 0x06, 0xf0, 0x21, 0x00, 0x11, 0x00, 0x21, 0xa0,
    0x31, 0xc0, 0x31, 0x70, 0x08, 0xf0, 0x31, 0x20, 0x22, 0xa7, 0x21, 0xc0, 0x31, 0x70, 0xa1, 0x70,
    0x11, 0xa0, 0x31, 0x20, 0x05, 0xf0, 0x52, 0xa7, 0x21, 0xc0, 0xf0, 0x13, 0x77, 0xa0, 0x04, 0xf0,
    0x81, 0xc0, 0x41, 0x70, 0xe2, 0x1a, 0x04, 0xf0, 0x43, 0xac, 0xc0, 0x31, 0x70, 0x51, 0xc0, 0x05,
    0xf0, 0x31, 0x20, 0x5f, 0x1b, 0xbb, 0xbb, 0xbb, 0xbb, 0xbb, 0xbb, 0xb0, 0x11, 0x10, 0x32, 0x1a,
    0x06, 0xf0, 0x23, 0x2a, 0x70, 0x34, 0xb7, 0x7c, 0x31, 0xc0, 0x31, 0xc0, 0x25, 0x7c, 0x7b, 0x10,
    0x09, 0xf0, 0x22, 0xa7, 0x21, 0x70, 0x11, 0xc0, 0x31, 0xc0, 0x31, 0xc0, 0x31, 0xc0, 0x31, 0xc0,
    0x11, 0xc0, 0x0c, 0xf0, 0x22, 0x0a, 0x41, 0xc0, 0x11, 0xc0, 0x11, 0xc0, 0x11, 0xc0, 0x11, 0xc0,
    0x11, 0xc0, 0x11, 0xc0, 0x11, 0xc0, 0x11, 0xc0, 0x11, 0xc0, 0x0d, 0xf0, 0x22, 0xa7, 0x31, 0xc0,
    0x11, 0xc0, 0x11, 0xc0, 0x11, 0xc0, 0x11, 0xc0, 0x11, 0xc0, 0x11, 0xc0, 0x11, 0xc0, 0x11, 0xc0,
    0x11, 0xc0, 0x42, 0x1a, 0x04, 0xf0, 0xf0, 0xf0, 0x81, 0x60, 0x04, 0xf0, 0xf0, 0xf0, 0x82, 0x66,
    0x05, 0xb1, 0xa0, 0x42, 0xa7, 0xf0, 0xf0, 0x41, 0xa0, 0x05, 0xa1, 0x20, 0x11, 0x70, 0x31, 0x70,
    0xf0, 0xd1, 0x70, 0x05, 0x93, 0x0a, 0x70, 0xf0, 0xf0, 0x11, 0x10, 0x82, 0x7a, 0x04, 0xa1, 0x20,
    0x52, 0x7a, 0xf0, 0xd3, 0xa1, 0x70, 0x04, 0xf0, 0x13, 0xcc, 0xa0, 0xf0, 0xb3, 0xa7, 0x70, 0x04,
    0x41, 0x00, 0xc2, 0xca, 0xf0, 0xb2, 0xa7, 0x04, 0xc2, 0x0a, 0xf0, 0xf1, 0x70, 0x52, 0xa0, 0x03,
    0xd5, 0x0a, 0xaa, 0xa0, 0xf0, 0xd5, 0xaa, 0xaa, 0x20, 0x04, 0xe5, 0x00, 0xa7, 0x70, 0x4f, 0x1b,
    0xbb, 0xbb, 0xbb, 0xbb, 0xbb, 0xbb, 0xb0, 0x04, 0xbb, 0x77, 0x44, 0x1a, 0x00, 0x06, 0xc1, 0x40,
    0x41, 0x70, 0x6f, 0x77, 0x77, 0x17, 0x77, 0x17, 0x77, 0x17, 0x70, 0x11, 0x70, 0x21, 0x10, 0x21,
    0x10, 0x01, 0xc2, 0x80, 0x04, 0xa3, 0x48, 0x30, 0x11, 0x40, 0xf0, 0xc1, 0x70, 0x05, 0xb1, 0x00,
    0x13, 0x00, 0x00, 0x81, 0x70, 0xf0, 0x11, 0x10, 0x02, 0xa1, 0x00, 0x12, 0x40, 0x03, 0xd1, 0x00,
    0xf0, 0xd1, 0x10, 0x03, 0xf0, 0xf0, 0xb1, 0x70, 0x03, 0xf0, 0xf0, 0x41, 0x40, 0x07, 0xf0, 0xf0,
    0x32, 0x48, 0x11, 0x10, 0x12, 0x11, 0x11, 0x10, 0x52, 0x1a, 0x04, 0xf0, 0xf0, 0x42, 0x41, 0xb2,
    0x1a, 0x03, 0xf0, 0xf0, 0x51, 0x10, 0x03, 0xf0, 0xf0, 0x81, 0x70, 0x04, 0xf0, 0x91, 0x10, 0x72,
    0x11, 0x11, 0x70, 0x04, 0xf0, 0x12, 0x0a, 0x11, 0x10, 0xf1, 0x10, 0x09, 0xf0, 0x12, 0xa1, 0x21,
    0x10, 0x11, 0x10, 0x11, 0x70, 0x31, 0x10, 0x11, 0x70, 0x11, 0x70, 0x21, 0x10, 0x09, 0xf0, 0x12,
    0x0a, 0x31, 0x10, 0x11, 0x10, 0x11, 0x10, 0x11, 0x10, 0x61, 0x10, 0x81, 0xd0, 0x22, 0xa0, 0x04,
    0xf0, 0xb1, 0x10, 0xf0, 0x61, 0x00, 0x07, 0xf0, 0x22, 0x0a, 0x31, 0x70, 0x11, 0x70, 0x31, 0x70,
    0x31, 0x10, 0xc1, 0xa0, 0x04, 0xf0, 0x32, 0x0a, 0xf0, 0x93, 0xa0, 0x00, 0x05, 0xf0, 0xb1, 0x10,
    0x11, 0x10, 0xa1, 0xd0, 0x51, 0xa0, 0x06, 0xf0, 0x51, 0xa0, 0xf0, 0x21, 0xd0, 0x21, 0xa0, 0x21,
    0x00, 0x06, 0xf0, 0x51, 0x00, 0x36, 0xaa, 0xaa, 0xaa, 0x22, 0xaa, 0x11, 0xa0, 0x15, 0xaa, 0xaa,
    0x70, 0x04, 0xf0, 0x71, 0x10, 0x14, 0x11, 0x11, 0x1d, 0x0a, 0xa0, 0x0a, 0x1a, 0x11, 0x11, 0x10,
    0x04, 0xf0, 0xc1, 0xa0, 0x22, 0x00, 0x21, 0x00, 0x07, 0xf0, 0x61, 0x00, 0x13, 0xaa, 0xa0, 0x11,
    0x00, 0x81, 0x00, 0x13, 0xaa, 0xa0, 0x11, 0x00, 0x03, 0xf0, 0x83, 0x00, 0x00, 0xc3, 0x00, 0x00,
    0x00, 0x00, 0x00, 0x00, 0x00, 0x00, 0x05, 0xf0, 0xf0, 0xf0, 0x11, 0x50, 0x11, 0x50, 0x03, 0xf0,
    0xf0, 0xf5, 0x53, 0x55, 0x50, 0x05, 0xf0, 0xf0, 0xf0, 0x11, 0x50, 0x12, 0x55, 0x03, 0xf0, 0xf0,
    0xe2, 0x00, 0x05, 0xf0, 0xf0, 0xa1, 0x20, 0x33, 0x00, 0x00, 0x11, 0x00, 0x05, 0xf0, 0x21, 0x50,
    0x11, 0x50, 0xf0, 0xa3, 0x00, 0x00, 0x06, 0xf0, 0x15, 0x53, 0x55, 0x50, 0x11, 0x20, 0x61, 0xa0,
    0xc1, 0x20, 0x31, 0x00, 0x06, 0xf0, 0x11, 0x50, 0x11, 0x50, 0x11, 0x50, 0x4b, 0xaa, 0xaa, 0x7a,
    0xaa, 0xaa, 0xa0, 0x12, 0xaa, 0x06, 0xf0, 0x12, 0x25, 0x21, 0x20, 0x1f, 0x2a, 0xa7, 0x77, 0x77,
    0x77, 0x77, 0x77, 0xa0, 0x03, 0x77, 0xa0, 0x21, 0x20, 0x07, 0xf0, 0x12, 0x00, 0x12, 0x00, 0x31,
    0x70, 0x31, 0x70, 0x11, 0xc0, 0x55, 0x77, 0x77, 0xa0, 0x04, 0xf0, 0x23, 0x02, 0x00, 0x24, 0xa7,
    0x7c, 0xc1, 0x70, 0x06, 0xf0, 0x31, 0x00, 0x25, 0xa7, 0x7c, 0xc0, 0x11, 0xc0, 0x11, 0x70, 0xa3,
    0x7a, 0xa0, 0x04, 0xf0, 0x52, 0xa7, 0x91, 0xc0, 0x93, 0x71, 0xa0, 0x04, 0xf0, 0x71, 0xc0, 0xf0,
    0x52, 0x1a, 0x06, 0xf0, 0x11, 0x20, 0x14, 0xaa, 0x7c, 0x81, 0x10, 0x31, 0x10, 0x71, 0x70, 0x05,
    0xf0, 0x86, 0x1b, 0xbb, 0x77, 0x21, 0x70, 0x53, 0xbb, 0xb0, 0x42, 0x1a, 0x06, 0xf0, 0x32, 0xa7,
    0x2f, 0xb7, 0x77, 0x77, 0x77, 0x77, 0x77, 0x77, 0x70, 0x02, 0x77, 0x14, 0x7b, 0x17, 0xc1, 0x20,
    0x08, 0xf0, 0x22, 0xa7, 0x21, 0xb0, 0x12, 0x7c, 0x31, 0xc0, 0x31, 0xc0, 0x31, 0xc0, 0x35, 0xc7,
    0xb7, 0x70, 0x05, 0xf0, 0x22, 0x0a, 0x13, 0x1b, 0x70, 0xf0, 0x41, 0xb0, 0x05, 0xf0, 0x22, 0xa7,
    0xf0, 0x91, 0x10, 0x12, 0x1a, 0x06, 0xa1, 0x20, 0x81, 0xc0, 0x11, 0xc0, 0xf0, 0x51, 0xc0, 0xa1,
    0x60, 0x05, 0xf0, 0x61, 0xc0, 0xf0, 0x52, 0xc1, 0x51, 0x20, 0x08, 0xb3, 0xaa, 0xa0, 0x22, 0xa7,
    0x31, 0xc0, 0x42, 0x22, 0x82, 0x22, 0x41, 0xc0, 0x74, 0xaa, 0xa8, 0x11, 0x60, 0x09, 0xa7, 0xa7,
    0x77, 0xaa, 0x70, 0x41, 0xc0, 0x31, 0x20, 0x21, 0x20, 0x61, 0x20, 0x21, 0x20, 0x31, 0xc0, 0x21,
    0x70, 0x26, 0xaa, 0x11, 0x1a, 0x0a, 0xa2, 0xa7, 0x23, 0x77, 0xa0, 0x41, 0xc0, 0x12, 0x99, 0x12,
    0xcc, 0x82, 0xcc, 0x12, 0x99, 0x11, 0xc0, 0x34, 0x1a, 0x11, 0x13, 0x71, 0xa0, 0x0a, 0xf0, 0x12,
    0x7a, 0x21, 0x70, 0x14, 0x99, 0x99, 0x21, 0xc0, 0x16, 0xaa, 0xaa, 0xac, 0x24, 0x99, 0x99, 0x21,
    0x10, 0x14, 0xa7, 0x77, 0x11, 0x70, 0x04, 0xf0, 0x22, 0xca, 0xc3, 0xae, 0xa0, 0xb3, 0xa7, 0x70,
    0x08, 0xb2, 0x0a, 0x94, 0xcc, 0xcc, 0x42, 0xcc, 0x12, 0xcc, 0x34, 0xcc, 0xcc, 0x11, 0x70, 0x41,
    0xc0, 0x22, 0xa0, 0x08, 0xc3, 0x2a, 0xa0, 0x46, 0x77, 0x1b, 0xc7, 0x11, 0x70, 0x11, 0x70, 0x15,
    0x7c, 0x7c, 0x70, 0x11, 0x70, 0x15, 0x7c, 0x7b, 0x10, 0x63, 0xaa, 0x00, 0x08, 0xd6, 0x20, 0xaa,
    0xac, 0x23, 0x77, 0xb0, 0x11, 0x70, 0x31, 0x70, 0x22, 0xc7, 0x31, 0x70, 0x23, 0xb1, 0x70, 0x26,
    0x1a, 0xaa, 0x20, 0x07, 0xc1, 0x40, 0x12, 0x20, 0x12, 0x77, 0x3f, 0x77, 0x1b, 0xbb, 0xbb, 0xbb,
    0xbb, 0xbb, 0xb0, 0x06, 0xbb, 0x71, 0x77, 0x22, 0x11, 0x12, 0x20, 0x04, 0xc1, 0x80, 0xaf, 0x77,
    0x7c, 0x77, 0x77, 0x77, 0x77, 0x77, 0x70, 0x02, 0x77, 0xc2, 0x40, 0x05, 0xa5, 0x48, 0x38, 0x40,
    0xd1, 0x70, 0x31, 0x70, 0x31, 0x70, 0xe4, 0x48, 0x40, 0x05, 0xf0, 0xb1, 0x70, 0xe1, 0x10, 0x71,
    0x00, 0x15, 0x04, 0x00, 0x00, 0x04, 0xa5, 0x20, 0x40, 0x20, 0xf0, 0xb2, 0x11, 0xa1, 0x00, 0x05,
    0xc1, 0x00, 0x22, 0xa7, 0xf0, 0xf0, 0x61, 0x00, 0x03, 0xc1, 0x20, 0xf0, 0xc1, 0x70, 0x04, 0xf0,
    0xf0, 0x31, 0x40, 0x51, 0x10, 0x05, 0xf0, 0xf0, 0x23, 0x48, 0x40, 0x51, 0x10, 0xd1, 0x00, 0x05,
    0xf0, 0xf0, 0x32, 0x47, 0x61, 0x10, 0x52, 0xda, 0x05, 0x81, 0x00, 0xf0, 0x93, 0x77, 0x70, 0xa1,
    0xd0, 0x31, 0x00, 0x06, 0xf0, 0x21, 0x10, 0xf0, 0x11, 0x70, 0x31, 0x10, 0x82, 0xa0, 0x04, 0xf0,
    0x22, 0x11, 0xf0, 0x31, 0x10, 0x05, 0xf0, 0xf0, 0x31, 0x10, 0x12, 0x71, 0x11, 0x10, 0x07, 0xc1,
    0x00, 0x32, 0x2a, 0x11, 0x10, 0x92, 0x11, 0x31, 0x10, 0x91, 0xd0, 0x71, 0x00, 0x04, 0xf0, 0x13,
    0xa1, 0x10, 0x11, 0x10, 0xa1, 0x10, 0x07, 0xf0, 0x12, 0x0a, 0x31, 0x10, 0x12, 0x11, 0x12, 0x11,
    0x24, 0x11, 0x17, 0xc2, 0xa0, 0x03, 0xf0, 0x71, 0x10, 0x51, 0x10, 0x05, 0xf0, 0x13, 0x00, 0xa0,
    0xf0, 0x81, 0xd0, 0x21, 0xa0, 0x08, 0xf0, 0x32, 0x0a, 0x21, 0x10, 0x11, 0x10, 0x31, 0x10, 0x11,
    0x10, 0xa1, 0xd0, 0x23, 0xa0, 0x00, 0x04, 0xf0, 0xf0, 0xa1, 0xd0, 0x21, 0xa0, 0x04, 0xf0, 0x45,
    0x0a, 0xaa, 0xa0, 0xf0, 0x25, 0xaa, 0x00, 0x00, 0x03, 0xf0, 0x4b, 0x00, 0xa7, 0x7a, 0xaa, 0xaa,
    0xa0, 0x1d, 0xaa, 0xaa, 0xaa, 0xaa, 0xaa, 0x7a, 0x00, 0x05, 0xf0, 0x71, 0x10, 0x14, 0x11, 0x11,
    0x16, 0x0a, 0x00, 0x00, 0x25, 0x11, 0x11, 0x10, 0x05, 0xf0, 0x81, 0x10, 0x31, 0xa0, 0x22, 0x00,
    0x22, 0x0a, 0x03, 0xf0, 0x68, 0x0a, 0xaa, 0xaa, 0x00, 0x68, 0x00, 0xaa, 0xaa, 0xa0, 0x03, 0xf0,
    0x75, 0x00, 0x00, 0x00, 0xa5, 0x00, 0x00, 0x00, 0x00, 0x00, 0x05, 0xf0, 0x51, 0x00, 0x41, 0x00,
    0xf0, 0x31, 0x00, 0x03, 0xf0, 0xf0, 0x71, 0x00, 0x00, 0x00, 0x00, 0x05, 0xf0, 0xf0, 0xf0, 0x21,
    0x30, 0x12, 0x55, 0x04, 0xf0, 0xf0, 0xf2, 0x05, 0x31, 0x50, 0x03, 0xf0, 0xf0, 0xf2, 0x00, 0x04,
    0xf0, 0xf0, 0xf0, 0x12, 0x00, 0x05, 0xf0, 0x11, 0x50, 0x11, 0x50, 0xf0, 0xd1, 0x00, 0x02, 0xf2,
    0x53, 0x11, 0x50, 0x05, 0xf1, 0x50, 0x11, 0x50, 0x21, 0x00, 0x81, 0x00, 0xc1, 0x00, 0x04, 0xf0,
    0x42, 0x00, 0x45, 0x00, 0x00, 0xa0, 0x81, 0x00, 0x05, 0xf0, 0x32, 0x00, 0x54, 0xaa, 0xaa, 0x82,
    0xa2, 0x31, 0x00, 0x05, 0xf0, 0x31, 0x00, 0x42, 0x0a, 0x51, 0x70, 0x72, 0xa1, 0x02, 0xf0, 0x81,
    0xa0, 0x00, 0x00, 0x02, 0xf0, 0xd1, 0x70, 0x05, 0xf0, 0x11, 0x00, 0x11, 0x20, 0xb1, 0x70, 0x31,
    0x70, 0x04, 0xf0, 0x82, 0x7c, 0x2a, 0xbb, 0xbb, 0xbb, 0xbb, 0xbb, 0x21, 0x10, 0x05, 0xf0, 0x81,
    0xb0, 0xf0, 0x11, 0xb0, 0xf1, 0x00, 0x04, 0xf0, 0x61, 0x10, 0xf0, 0x51, 0x70, 0x00, 0x00, 0x04,
    0xf0, 0xf0, 0xf0, 0x82, 0x06, 0x04, 0xf0, 0xf0, 0xf0, 0x82, 0x06, 0x05, 0xf0, 0xb2, 0xcc, 0x82,
    0xcc, 0xf2, 0x68, 0x11, 0x60, 0x04, 0xf0, 0xa4, 0xc2, 0x2c, 0x64, 0xc2, 0x2c, 0xf1, 0x60, 0x06,
    0xf0, 0x83, 0xcc, 0x20, 0x21, 0x20, 0x61, 0x20, 0x23, 0x2c, 0xc0, 0xd1, 0x60, 0x08, 0xa2, 0x0a,
    0x92, 0xcc, 0x21, 0xc0, 0x45, 0xcc, 0xcc, 0xc0, 0x31, 0xc0, 0x22, 0xcc, 0x41, 0x10, 0x42, 0xa0,
    0x0a, 0xf0, 0x22, 0xa7, 0x31, 0x90, 0x21, 0x90, 0x41, 0xa0, 0x11, 0xa0, 0x11, 0xa0, 0x31, 0x90,
    0x21, 0x90, 0x32, 0x7a, 0x05, 0xf0, 0x82, 0x99, 0x63, 0xae, 0xa0, 0x52, 0x99, 0x71, 0x70, 0x0c,
    0xe1, 0x70, 0x53, 0x1b, 0xc0, 0x11, 0xc0, 0x11, 0xc0, 0x11, 0xc0, 0x11, 0xc0, 0x11, 0xa0, 0x11,
    0xc0, 0x11, 0xc0, 0x11, 0xc0, 0x13, 0xcc, 0xb0, 0x61, 0xc0, 0x07, 0xe1, 0xa0, 0x31, 0xa0, 0x23,
    0x1b, 0xc0, 0xf0, 0x12, 0xcb, 0x31, 0xa0, 0x31, 0xa0, 0x05, 0xb2, 0x42, 0x91, 0x10, 0x11, 0xb0,
    0x38, 0x7c, 0x7c, 0x7c, 0x7c, 0x31, 0xb0, 0x01, 0xb2, 0x80, 0x04, 0x96, 0x48, 0x38, 0x42, 0xf0,
    0xf0, 0x22, 0x1a, 0x01, 0xb2, 0x80, 0x01, 0xb2, 0x40, 0x00, 0x00, 0x05, 0xf0, 0xf0, 0x11, 0x40,
    0x11, 0x70, 0x51, 0x70, 0x03, 0xf0, 0xf0, 0x14, 0x87, 0x77, 0x02, 0xf0, 0xe4, 0x48, 0x38, 0x03,
    0xf0, 0xf0, 0x11, 0x80, 0x03, 0xf0, 0xf0, 0x11, 0x40, 0x00, 0x00, 0x05, 0xc1, 0x20, 0x32, 0xa1,
    0x11, 0x70, 0x91, 0x70, 0xe1, 0x10, 0x00, 0x00, 0x00, 0x00, 0x00, 0x00, 0x02, 0xf0, 0x63, 0x11,
    0x10, 0x02, 0xf0, 0x72, 0xaa, 0x00, 0x03, 0xf0, 0xc1, 0x10, 0x81, 0x10, 0x05, 0xf0, 0x61, 0xa0,
    0x51, 0xa0, 0x81, 0xa0, 0x51, 0xa0, 0x00, 0x00, 0x00, 0x00, 0x00, 0x00, 0x00, 0x00, 0x05, 0xf0,
    0xf0, 0xf0, 0x12, 0x00, 0x11, 0x00, 0x06, 0xf0, 0xf0, 0xf0, 0x11, 0x00, 0x11, 0x30, 0x21, 0x50,
    0x04, 0xf0, 0xf0, 0xf0, 0x52, 0x55, 0x04, 0xf0, 0xf0, 0xf0, 0x42, 0x55, 0x08, 0xf0, 0x11, 0x00,
    0x11, 0x00, 0x51, 0x00, 0x31, 0x00, 0x71, 0x00, 0x31, 0x00, 0x81, 0x50, 0x03, 0xf0, 0x11, 0x00,
    0x12, 0x00, 0x05, 0xe2, 0x53, 0x31, 0x00, 0x21, 0x00, 0x31, 0x00, 0xb1, 0x00, 0x03, 0xe2, 0x55,
    0xd7, 0x00, 0x00, 0x00, 0x00, 0x11, 0x00, 0x04, 0xf2, 0x55, 0x5f, 0x00, 0x20, 0x00, 0x20, 0x20,
    0x20, 0x20, 0x20, 0x03, 0x00, 0x00, 0x81, 0x00, 0x04, 0xf0, 0x11, 0x50, 0x7f, 0x0a, 0xaa, 0x0a,
    0xaa, 0xaa, 0xaa, 0x0a, 0x00, 0x02, 0x00, 0x05, 0xf0, 0x71, 0x20, 0x12, 0xa7, 0x21, 0xa0, 0x75,
    0xaa, 0x2a, 0x00, 0x04, 0xf0, 0x67, 0x00, 0x0a, 0x77, 0x70, 0x11, 0xc0, 0x85, 0xa1, 0xa0, 0x00,
    0x08, 0xf0, 0x54, 0x20, 0xaa, 0x11, 0x70, 0x31, 0xc0, 0x11, 0x70, 0x84, 0xa0, 0x20, 0x21, 0x00,
    0x51, 0x00, 0x05, 0xf0, 0x53, 0x0a, 0x70, 0x11, 0x70, 0x31, 0xc0, 0xc4, 0xaa, 0x00, 0x05, 0xf0,
    0x43, 0x0a, 0x70, 0x11, 0x70, 0x41, 0xc0, 0xd3, 0x1a, 0x20, 0x04, 0xf0, 0x43, 0x0a, 0x70, 0x3f,
    0xcc, 0xcc, 0x77, 0x77, 0x77, 0x77, 0x77, 0x70, 0x42, 0xa0, 0x08, 0x81, 0x00, 0xa1, 0xa0, 0x22,
    0x7c, 0x32, 0xc1, 0x22, 0xc1, 0x31, 0x10, 0x36, 0x77, 0x71, 0xa0, 0x41, 0x00, 0x06, 0xf0, 0x23,
    0x00, 0xa0, 0x11, 0xc0, 0x1f, 0x1b, 0xbb, 0xbb, 0xbb, 0xbb, 0xbb, 0xbb, 0xb0, 0x03, 0xbb, 0x70,
    0x22, 0x11, 0x0c, 0xf0, 0x54, 0x7c, 0xb7, 0x11, 0x70, 0x11, 0x70, 0x11, 0x70, 0x11, 0x70, 0x11,
    0x70, 0x11, 0x70, 0x11, 0x70, 0x11, 0x70, 0x12, 0xb1, 0xb1, 0x00, 0x0d, 0xf0, 0x81, 0x70, 0x11,
    0x70, 0x11, 0x70, 0x11, 0x70, 0x11, 0x70, 0x11, 0x70, 0x11, 0x70, 0x11, 0x70, 0x11, 0x70, 0x11,
    0x70, 0x11, 0x70, 0x12, 0xa0, 0x0f, 0xa1, 0x00, 0x81, 0x70, 0x12, 0xb7, 0x11, 0x70, 0x11, 0x70,
    0x11, 0x70, 0x11, 0x70, 0x11, 0x70, 0x11, 0x70, 0x11, 0x70, 0x11, 0x70, 0x11, 0x70, 0x11, 0xb0,
    0x22, 0xa2, 0x71, 0x00, 0x05, 0xf0, 0xf0, 0xf0, 0x41, 0x00, 0x41, 0x00, 0x05, 0xb3, 0x02, 0x00,
    0x22, 0x2a, 0xf0, 0xf0, 0x27, 0x20, 0x00, 0x20, 0x00, 0x05, 0xa7, 0x00, 0xaa, 0x00, 0xa0, 0x92,
    0xcc, 0x82, 0xcc, 0x71, 0x10, 0x17, 0x00, 0x0a, 0xa0, 0x00, 0x06, 0xa3, 0x2a, 0x10, 0x12, 0xa0,
    0x94, 0xc2, 0x2c, 0x64, 0xc2, 0x2c, 0x65, 0x1a, 0x02, 0xa0, 0x13, 0x1a, 0x00, 0x0a, 0xf1, 0xa0,
    0x11, 0x70, 0x12, 0xcc, 0x23, 0xcc, 0x20, 0x21, 0x20, 0x61, 0x20, 0x23, 0x2c, 0xc0, 0x31, 0x70,
    0x25, 0x0a, 0x11, 0x10, 0x14, 0x68, 0x66, 0x09, 0xf0, 0x12, 0xa7, 0x32, 0xcc, 0x21, 0xc0, 0x45,
    0xcc, 0xcc, 0xc0, 0x31, 0xc0, 0x22, 0xcc, 0x33, 0x1a, 0x10, 0x51, 0x60, 0x0c, 0xb2, 0xa7, 0x33,
    0x7a, 0x70, 0x22, 0xc9, 0x21, 0x90, 0x41, 0xa0, 0x11, 0xa0, 0x11, 0xa0, 0x31, 0x90, 0x23, 0x9c,
    0x10, 0x13, 0x7a, 0x10, 0x32, 0x7a, 0x11, 0x60, 0x07, 0xc2, 0xa7, 0x33, 0xa7, 0xc0, 0x32, 0x99,
    0x63, 0xae, 0xa0, 0x52, 0x99, 0x42, 0x1a, 0x23, 0x77, 0xa0, 0x0a, 0xc5, 0xa7, 0x77, 0xc0, 0x11,
    0x70, 0x22, 0xbc, 0x21, 0xc0, 0x31, 0xc0, 0x22, 0xac, 0x31, 0xc0, 0x32, 0xcb, 0x12, 0x11, 0x15,
    0x77, 0x77, 0xa0, 0x05, 0xb1, 0x00, 0x15, 0xa7, 0x7c, 0xa0, 0x37, 0xb7, 0xc7, 0xc7, 0xc0, 0x87,
    0x7c, 0x7c, 0x7c, 0xb0, 0x35, 0xa7, 0x7c, 0xa0, 0x0a, 0xb1, 0x00, 0x25, 0xa7, 0xca, 0xc0, 0x34,
    0xbb, 0xcc, 0x23, 0xcc, 0xc0, 0x13, 0xcc, 0xc0, 0x13, 0xcc, 0xc0, 0x12, 0xbb, 0x11, 0x70, 0x24,
    0xa7, 0x7a, 0x21, 0x00, 0x07, 0x95, 0x02, 0x42, 0x00, 0x11, 0xa0, 0x8f, 0x1b, 0xbb, 0xbb, 0xbb,
    0xbb, 0xbb, 0xbb, 0xb0, 0x11, 0x10, 0x21, 0x70, 0x31, 0xa0, 0x34, 0x02, 0x02, 0x06, 0xa1, 0x40,
    0x11, 0x40, 0xd1, 0xc0, 0xe1, 0x70, 0x71, 0x20, 0x21, 0x00, 0x04, 0xc1, 0x20, 0xf0, 0xd2, 0x77,
    0x42, 0x1a, 0x06, 0xf2, 0x0a, 0x71, 0xc0, 0xf0, 0x11, 0x70, 0x52, 0x1a, 0x21, 0x40, 0x03, 0xf0,
    0xf0, 0xa1, 0x10, 0x03, 0xf2, 0xa7, 0xe1, 0x70, 0xa1, 0x70, 0x05, 0xf0, 0xf2, 0x47, 0x82, 0x71,
    0x52, 0x1a, 0x51, 0x20, 0x05, 0xf0, 0xe1, 0x70, 0x13, 0x77, 0x70, 0x71, 0x70, 0x52, 0xa0, 0x09,
    0x81, 0x20, 0xf0, 0x43, 0x48, 0x30, 0x11, 0x40, 0x31, 0x70, 0x12, 0x77, 0x11, 0x70, 0x43, 0x1a,
    0x20, 0x11, 0x20, 0x06, 0xf0, 0x21, 0x70, 0xc2, 0x87, 0x31, 0x70, 0x21, 0x70, 0x82, 0x1a, 0x06,
    0xf0, 0x22, 0x77, 0xb1, 0x40, 0x41, 0x70, 0x11, 0x70, 0x92, 0x1a, 0x04, 0xf0, 0xf0, 0x31, 0x70,
    0x12, 0x17, 0x06, 0xf0, 0x91, 0x70, 0x51, 0x70, 0x14, 0x77, 0x71, 0xf0, 0x11, 0x20, 0x04, 0xf0,
    0x33, 0x77, 0x70, 0xa1, 0x70, 0x31, 0x70, 0x09, 0xf0, 0x12, 0xa1, 0x24, 0x77, 0x77, 0x23, 0x77,
    0x70, 0x21, 0x70, 0x11, 0x10, 0x11, 0x70, 0x81, 0x10, 0x12, 0xda, 0x07, 0xf0, 0x12, 0xa1, 0x33,
    0x77, 0x70, 0x11, 0x70, 0x12, 0x77, 0xe1, 0x10, 0x22, 0x1a, 0x06, 0xf0, 0x13, 0x2a, 0x10, 0xf0,
    0x81, 0x10, 0x21, 0x10, 0x21, 0x20, 0x05, 0xf0, 0x23, 0xa1, 0x10, 0xa1, 0x70, 0xa1, 0x10, 0x23,
    0x1d, 0xa0, 0x05, 0xf0, 0x32, 0xa1, 0xf0, 0x51, 0x10, 0x24, 0x1d, 0xaa, 0x05, 0xf0, 0x42, 0xa1,
    0xf0, 0x31, 0x10, 0x14, 0x11, 0xda, 0x04, 0xf0, 0x42, 0xa1, 0x18, 0x11, 0x11, 0x11, 0x11, 0x1e,
    0x11, 0x11, 0x11, 0x11, 0x1d, 0x1d, 0xaa, 0x05, 0xf0, 0x54, 0xa0, 0xaa, 0x48, 0x11, 0x11, 0x11,
    0x11, 0x11, 0xd0, 0x31, 0xa0, 0x05, 0xf0, 0x71, 0x70, 0x14, 0xaa, 0xaa, 0x16, 0xaa, 0xaa, 0xaa,
    0x16, 0xaa, 0xaa, 0xa7, 0x03, 0xf0, 0x77, 0x11, 0x11, 0x11, 0xa0, 0x67, 0xa1, 0x11, 0x11, 0x10,
    0x03, 0xf0, 0x67, 0xaa, 0xaa, 0xaa, 0xa0, 0x87, 0xaa, 0xaa, 0xaa, 0xa0, 0x00, 0x00, 0x05, 0xf0,
    0x51, 0x20, 0x41, 0x20, 0xf0, 0x31, 0x20, 0x03, 0xf0, 0xf0, 0x71, 0x20, 0x00, 0x00, 0x00, 0x05,
    0xf0, 0xf0, 0xf0, 0x31, 0x00, 0x11, 0x00, 0x04, 0xf0, 0xf0, 0xf0, 0x25, 0x00, 0x00, 0x00, 0x04,
    0xf0, 0xf0, 0xf0, 0x25, 0x00, 0x00, 0x00, 0x04, 0xf0, 0xf0, 0xf0, 0x33, 0x00, 0x00, 0x05, 0xf0,
    0xf0, 0x21, 0x00, 0xf0, 0x11, 0x00, 0x01, 0xe4, 0x50, 0x50, 0x03, 0xd3, 0x53, 0x50, 0x21, 0x00,
    0xf1, 0x00, 0x02, 0xd1, 0x50, 0x41, 0x00, 0x04, 0xe1, 0x50, 0x21, 0x00, 0xf0, 0x11, 0x00, 0x02,
    0xf2, 0x50, 0x83, 0x00, 0x00, 0x07, 0xf0, 0x81, 0x00, 0x13, 0xaa, 0xa0, 0xb1, 0x00, 0x61, 0x00,
    0x11, 0x50, 0x11, 0x50, 0x04, 0xf0, 0xe1, 0x70, 0x91, 0xa0, 0x75, 0x53, 0x55, 0x50, 0x04, 0xf0,
    0xc1, 0x70, 0xf0, 0x45, 0x55, 0x55, 0x50, 0x04, 0xf0, 0xf0, 0xf0, 0x33, 0x55, 0x50, 0x05, 0xf0,
    0xf0, 0x11, 0x70, 0xf0, 0x21, 0x50, 0x00, 0x04, 0xf0, 0xd1, 0x70, 0x31, 0x70, 0x31, 0x70, 0x03,
    0xf0, 0x82, 0xcc, 0xe1, 0x10, 0x04, 0xf0, 0x81, 0xb0, 0xf0, 0x11, 0xb0, 0x00, 0x00, 0x00, 0x01,
    0xc1, 0x00, 0x05, 0xd1, 0x00, 0xf0, 0xf0, 0x61, 0x00, 0x32, 0x06, 0x05, 0xd1, 0xa0, 0xc2, 0xcc,
    0x82, 0xcc, 0xc1, 0xa0, 0x32, 0x06, 0x05, 0xf0, 0xa4, 0xc2, 0x2c, 0x64, 0xc2, 0x2c, 0xf2, 0x68,
    0x11, 0x60, 0x06, 0xf0, 0x83, 0xcc, 0x20, 0x21, 0x20, 0x61, 0x20, 0x23, 0x2c, 0xc0, 0xd2, 0x26,
    0x0a, 0xf0, 0x12, 0xa7, 0x41, 0xc0, 0x21, 0xc0, 0x45, 0xcc, 0xcc, 0xc0, 0x31, 0xc0, 0x21, 0xc0,
    0x21, 0x70, 0x12, 0x1a, 0x62, 0x06, 0x09, 0xb2, 0xa7, 0x82, 0xc9, 0x21, 0x90, 0x41, 0xa0, 0x11,
    0xa0, 0x11, 0xa0, 0x31, 0x90, 0x22, 0x9c, 0x82, 0x7a, 0x04, 0xf0, 0x82, 0x99, 0x63, 0xae, 0xa0,
    0x52, 0x99, 0x0c, 0xf0, 0x71, 0xc0, 0x11, 0xc0, 0x11, 0xc0, 0x11, 0xc0, 0x11, 0xc0, 0x11, 0xa0,
    0x11, 0xc0, 0x11, 0xc0, 0x11, 0xc0, 0x11, 0xc0, 0x41, 0x70, 0x05, 0xd1, 0xa0, 0x91, 0x70, 0xf0,
    0x11, 0xc0, 0x91, 0xa0, 0x04, 0xb1, 0x00, 0xa1, 0x10, 0x11, 0xb0, 0xe1, 0xb0, 0x04, 0xb2, 0x00,
    0xf0, 0xf0, 0x42, 0x1a, 0x01, 0xb1, 0x00, 0x04, 0xf0, 0xf0, 0xf0, 0x52, 0x40, 0x01, 0xf2, 0xa7,
    0x00, 0x02, 0xf0, 0xe2, 0x47, 0x02, 0xf2, 0xa7, 0xc2, 0x87, 0x02, 0xf0, 0xc6, 0x48, 0x38, 0x47,
    0x02, 0xf0, 0xe2, 0x87, 0x02, 0xf0, 0xe2, 0x47, 0x04, 0xf0, 0xf0, 0xf0, 0x22, 0xda, 0x02, 0xf0,
    0x31, 0x70, 0x00, 0x00, 0x00, 0x04, 0xf0, 0xf0, 0xf0, 0x12, 0xda, 0x00, 0x00, 0x00, 0x02, 0xf0,
    0x61, 0x10, 0x02, 0xf0, 0x61, 0xa0, 0x00, 0x00, 0x00, 0x00, 0x00, 0x00, 0x00, 0x00, 0x00, 0x00,
};
