/*
 * Generated by assets/gen_assets.py -- do not edit.
 * Inter fonts (SIL OFL 1.1, see assets/OFL-Inter.txt) and weather icons,
 * as 4-bit alpha.
 */
#include "dash_assets.h"

static const uint8_t s_small_bits[] = {
    0x0e, 0x80, 0x0d, 0x80, 0x0d, 0x70, 0x0d, 0x70, 0x0d, 0x70, 0x0c, 0x70, 0x01, 0x00, 0x08, 0x40,
    0x0c, 0x70, 0x0c, 0x89, 0xa0, 0x0b, 0x78, 0xa0, 0x0a, 0x68, 0x90, 0x04, 0x33, 0x40, 0x00, 0x00,
    0x00, 0x00, 0x00, 0x00, 0x00, 0x00, 0x00, 0x00, 0x00, 0x00, 0x00, 0x00, 0x00, 0x00, 0x96, 0x08,
    0x70, 0x00, 0xc3, 0x0b, 0x40, 0x3f, 0xff, 0xff, 0xf6, 0x02, 0xe1, 0x1f, 0x10, 0x03, 0xc0, 0x2d,
    0x00, 0x05, 0xb0, 0x4c, 0x00, 0xbf, 0xff, 0xff, 0xd0, 0x0a, 0x60, 0x97, 0x00, 0x0d, 0x30, 0xc4,
    0x00, 0x00, 0x01, 0x00, 0x00, 0x00, 0x07, 0x30, 0x00, 0x02, 0xbf, 0xea, 0x10, 0x0d, 0xb9, 0x7c,
    0xb0, 0x1f, 0x57, 0x33, 0x60, 0x0c, 0xdb, 0x40, 0x00, 0x01, 0x8e, 0xf9, 0x20, 0x00, 0x07, 0x7c,
    0xd0, 0x38, 0x17, 0x35, 0xf1, 0x2e, 0xa9, 0x7c, 0xc0, 0x04, 0xcf, 0xea, 0x20, 0x00, 0x07, 0x30,
    0x00, 0x00, 0x01, 0x00, 0x00, 0x03, 0xdd, 0x40, 0x01, 0xd2, 0x00, 0x0a, 0x65, 0xa0, 0x09, 0x70,
    0x00, 0x0a, 0x54, 0xa0, 0x4c, 0x00, 0x00, 0x03, 0xdd, 0x41, 0xd2, 0x00, 0x00, 0x00, 0x00, 0x09,
    0x70, 0x00, 0x00, 0x00, 0x00, 0x4c, 0x05, 0xdd, 0x20, 0x00, 0x01, 0xd2, 0x0c, 0x37, 0x80, 0x00,
    0x09, 0x70, 0x0c, 0x37, 0x80, 0x00, 0x4c, 0x00, 0x05, 0xdd, 0x20, 0x02, 0xbe, 0xb2, 0x00, 0x09,
    0xc3, 0xb9, 0x00, 0x09, 0x90, 0xb8, 0x00, 0x04, 0xfb, 0xd1, 0x00, 0x03, 0xef, 0x30, 0x10, 0x1e,
    0x7a, 0xc2, 0xf1, 0x5e, 0x00, 0xcd, 0xd0, 0x3f, 0x62, 0x7f, 0x90, 0x06, 0xde, 0xc6, 0xe4, 0x0c,
    0x80, 0x0b, 0x70, 0x0a, 0x60, 0x04, 0x30, 0x00, 0x00, 0x00, 0x00, 0x00, 0x00, 0x00, 0x00, 0x00,
    0x00, 0x00, 0x8b, 0x01, 0xe5, 0x05, 0xe1, 0x08, 0xc0, 0x0a, 0xa0, 0x0c, 0x80, 0x0b, 0x90, 0x09,
    0xb0, 0x05, 0xe1, 0x00, 0xe5, 0x00, 0x7a, 0x5e, 0x10, 0x0e, 0x60, 0x09, 0xb0, 0x06, 0xe0, 0x04,
    0xf1, 0x02, 0xf3, 0x03, 0xf2, 0x05, 0xf0, 0x09, 0xb0, 0x0e, 0x50, 0x4c, 0x00, 0x00, 0x58, 0x00,
    0x1d, 0x9a, 0xc4, 0x03, 0xef, 0x60, 0x1d, 0x8a, 0xc4, 0x00, 0x58, 0x00, 0x00, 0x00, 0x00, 0x00,
    0x00, 0x00, 0x00, 0x00, 0x00, 0x00, 0x00, 0x00, 0x00, 0x03, 0x30, 0x00, 0x00, 0x09, 0x90, 0x00,
    0x00, 0x09, 0x90, 0x00, 0x0d, 0xff, 0xff, 0xd0, 0x01, 0x19, 0x91, 0x10, 0x00, 0x09, 0x90, 0x00,
    0x00, 0x04, 0x40, 0x00, 0x05, 0x40, 0x0e, 0x50, 0x1f, 0x10, 0x3c, 0x00, 0x02, 0x22, 0x10, 0x3f,
    0xff, 0xb0, 0x00, 0x00, 0x00, 0x00, 0x00, 0x00, 0x00, 0x00, 0x00, 0x08, 0x40, 0x0c, 0x70, 0x00,
    0x1f, 0x10, 0x05, 0xc0, 0x00, 0x98, 0x00, 0x0d, 0x40, 0x02, 0xe0, 0x00, 0x7b, 0x00, 0x0b, 0x70,
    0x00, 0xe2, 0x00, 0x4d, 0x00, 0x08, 0x90, 0x00, 0x53, 0x00, 0x00, 0x00, 0x9e, 0xd6, 0x00, 0x09,
    0xd4, 0x6f, 0x50, 0x1f, 0x40, 0x09, 0xc0, 0x3f, 0x10, 0x05, 0xe0, 0x5f, 0x00, 0x04, 0xf1, 0x4f,
    0x10, 0x05, 0xe0, 0x1f, 0x40, 0x09, 0xc0, 0x0a, 0xd4, 0x5f, 0x50, 0x01, 0x9e, 0xd7, 0x00, 0x05,
    0xef, 0x05, 0xe9, 0xf0, 0x42, 0x5f, 0x00, 0x05, 0xf0, 0x00, 0x5f, 0x00, 0x05, 0xf0, 0x00, 0x5f,
    0x00, 0x05, 0xf0, 0x00, 0x5f, 0x00, 0x02, 0xbe, 0xd5, 0x00, 0xdb, 0x37, 0xf3, 0x1b, 0x20, 0x0e,
    0x60, 0x00, 0x02, 0xf4, 0x00, 0x01, 0xca, 0x00, 0x00, 0xbc, 0x10, 0x00, 0xac, 0x10, 0x00, 0xae,
    0x42, 0x21, 0x2f, 0xff, 0xff, 0x90, 0x02, 0xbe, 0xd7, 0x00, 0x0d, 0xb3, 0x6f, 0x40, 0x17, 0x20,
    0x0d, 0x70, 0x00, 0x02, 0x6e, 0x30, 0x00, 0x2f, 0xf7, 0x00, 0x00, 0x00, 0x4e, 0x70, 0x26, 0x10,
    0x09, 0xc0, 0x1e, 0xa3, 0x5e, 0x80, 0x04, 0xce, 0xd8, 0x00, 0x00, 0x00, 0xdf, 0x10, 0x00, 0x08,
    0xef, 0x10, 0x00, 0x2e, 0x6f, 0x10, 0x00, 0xb8, 0x3f, 0x10, 0x06, 0xd1, 0x3f, 0x10, 0x1e, 0x50,
    0x3f, 0x10, 0x5f, 0xff, 0xff, 0xf3, 0x12, 0x22, 0x5f, 0x30, 0x00, 0x00, 0x3f, 0x10, 0x08, 0xff,
    0xff, 0x50, 0xaa, 0x22, 0x21, 0x0c, 0x70, 0x00, 0x00, 0xdb, 0xed, 0x70, 0x07, 0x72, 0x6f, 0x50,
    0x00, 0x00, 0xaa, 0x17, 0x20, 0x0b, 0xa0, 0xdb, 0x35, 0xf5, 0x02, 0xbe, 0xd6, 0x00, 0x00, 0x8d,
    0xe8, 0x00, 0x08, 0xd4, 0x5e, 0x70, 0x1e, 0x40, 0x03, 0x40, 0x3f, 0x5c, 0xe9, 0x00, 0x5f, 0xb3,
    0x4e, 0x80, 0x4f, 0x30, 0x09, 0xc0, 0x1f, 0x40, 0x08, 0xc0, 0x0a, 0xc3, 0x5e, 0x70, 0x01, 0xae,
    0xd8, 0x00, 0x7f, 0xff, 0xff, 0x51, 0x22, 0x26, 0xf2, 0x00, 0x00, 0xba, 0x00, 0x00, 0x3f, 0x30,
    0x00, 0x0a, 0xb0, 0x00, 0x03, 0xf3, 0x00, 0x00, 0xab, 0x00, 0x00, 0x2f, 0x40, 0x00, 0x09, 0xb0,
    0x00, 0x00, 0x02, 0xbe, 0xd7, 0x00, 0x0c, 0xc3, 0x6f, 0x50, 0x0e, 0x50, 0x0d, 0x70, 0x09, 0xb2,
    0x5e, 0x30, 0x01, 0xdf, 0xf7, 0x00, 0x0e, 0x92, 0x4d, 0x80, 0x4f, 0x20, 0x08, 0xd0, 0x2e, 0x93,
    0x4e, 0x90, 0x04, 0xce, 0xd9, 0x10, 0x00, 0x00, 0x00, 0x00, 0x02, 0xbe, 0xd5, 0x00, 0x0d, 0xb3,
    0x6f, 0x30, 0x4f, 0x30, 0x0b, 0x90, 0x4f, 0x20, 0x0a, 0xc0, 0x1e, 0xa2, 0x5e, 0xd0, 0x03, 0xce,
    0xa8, 0xb0, 0x15, 0x10, 0x0b, 0x80, 0x1e, 0xa4, 0x7f, 0x20, 0x03, 0xce, 0xc4, 0x00, 0x0c, 0x70,
    0x08, 0x40, 0x00, 0x00, 0x00, 0x00, 0x08, 0x40, 0x0c, 0x70, 0x03, 0x20, 0x0c, 0xb0, 0x02, 0x20,
    0x00, 0x00, 0x00, 0x00, 0x05, 0x40, 0x0e, 0x50, 0x1f, 0x10, 0x3c, 0x00, 0x00, 0x00, 0x16, 0x80,
    0x00, 0x17, 0xed, 0x50, 0x07, 0xec, 0x50, 0x00, 0x0e, 0xd4, 0x00, 0x00, 0x01, 0x7e, 0xc6, 0x00,
    0x00, 0x00, 0x6d, 0xa0, 0x00, 0x00, 0x00, 0x30, 0x02, 0x22, 0x22, 0x20, 0x0b, 0xff, 0xff, 0xb0,
    0x00, 0x00, 0x00, 0x00, 0x0b, 0xff, 0xff, 0xb0, 0x02, 0x22, 0x22, 0x20, 0x00, 0x00, 0x00, 0x00,
    0x09, 0x60, 0x00, 0x00, 0x05, 0xde, 0x71, 0x00, 0x00, 0x05, 0xce, 0x70, 0x00, 0x00, 0x4d, 0xe0,
    0x00, 0x6c, 0xe7, 0x10, 0x0a, 0xd6, 0x00, 0x00, 0x03, 0x00, 0x00, 0x00, 0x07, 0xee, 0xa1, 0x4f,
    0x54, 0xe8, 0x35, 0x00, 0xaa, 0x00, 0x04, 0xe5, 0x00, 0x5f, 0x60, 0x00, 0xa9, 0x00, 0x00, 0x32,
    0x00, 0x00, 0x75, 0x00, 0x00, 0xc8, 0x00, 0x00, 0x05, 0xbd, 0xea, 0x50, 0x00, 0x00, 0xad, 0x52,
    0x25, 0xd9, 0x00, 0x06, 0xd1, 0x00, 0x00, 0x1d, 0x50, 0x0e, 0x50, 0x9e, 0xcb, 0x45, 0xc0, 0x2f,
    0x06, 0xc2, 0x5f, 0x41, 0xf0, 0x4d, 0x0a, 0x60, 0x0c, 0x40, 0xf1, 0x4d, 0x0a, 0x60, 0x0c, 0x40,
    0xf1, 0x1f, 0x07, 0xc1, 0x4f, 0x75, 0xc0, 0x0c, 0x70, 0x9e, 0xb5, 0xdc, 0x30, 0x02, 0xe9, 0x31,
    0x02, 0x20, 0x00, 0x00, 0x18, 0xce, 0xfd, 0x70, 0x00, 0x00, 0x00, 0x00, 0x00, 0x00, 0x00, 0x00,
    0x0c, 0xf3, 0x00, 0x00, 0x02, 0xfc, 0x80, 0x00, 0x00, 0x7d, 0x6e, 0x00, 0x00, 0x0c, 0x92, 0xf4,
    0x00, 0x02, 0xf5, 0x0d, 0x90, 0x00, 0x8f, 0x22, 0x9e, 0x00, 0x0d, 0xff, 0xff, 0xf5, 0x03, 0xf5,
    0x00, 0x0d, 0xa0, 0x8e, 0x00, 0x00, 0x7f, 0x10, 0x1f, 0xff, 0xeb, 0x20, 0x1f, 0x62, 0x4d, 0xb0,
    0x1f, 0x40, 0x07, 0xd0, 0x1f, 0x50, 0x3d, 0x80, 0x1f, 0xff, 0xfc, 0x20, 0x1f, 0x40, 0x2a, 0xe1,
    0x1f, 0x40, 0x03, 0xf3, 0x1f, 0x62, 0x39, 0xf1, 0x1f, 0xff, 0xfc, 0x50, 0x00, 0x5c, 0xed, 0x70,
    0x00, 0x6f, 0x84, 0x8e, 0x80, 0x0e, 0x80, 0x00, 0x6e, 0x13, 0xf2, 0x00, 0x00, 0x00, 0x5f, 0x00,
    0x00, 0x00, 0x03, 0xf2, 0x00, 0x00, 0x00, 0x0e, 0x70, 0x00, 0x6e, 0x10, 0x6f, 0x84, 0x7e, 0x80,
    0x00, 0x5c, 0xed, 0x70, 0x00, 0x1f, 0xff, 0xda, 0x20, 0x01, 0xf6, 0x34, 0xbe, 0x20, 0x1f, 0x40,
    0x00, 0xc9, 0x01, 0xf4, 0x00, 0x07, 0xd0, 0x1f, 0x40, 0x00, 0x5e, 0x01, 0xf4, 0x00, 0x07, 0xd0,
    0x1f, 0x40, 0x00, 0xc9, 0x01, 0xf6, 0x34, 0xbe, 0x20, 0x1f, 0xff, 0xda, 0x20, 0x00, 0x1f, 0xff,
    0xff, 0x71, 0xf6, 0x22, 0x21, 0x1f, 0x40, 0x00, 0x01, 0xf6, 0x22, 0x20, 0x1f, 0xff, 0xff, 0x21,
    0xf4, 0x00, 0x00, 0x1f, 0x40, 0x00, 0x01, 0xf6, 0x22, 0x21, 0x1f, 0xff, 0xff, 0x70, 0x1f, 0xff,
    0xff, 0x61, 0xf6, 0x22, 0x21, 0x1f, 0x40, 0x00, 0x01, 0xf4, 0x00, 0x00, 0x1f, 0xff, 0xff, 0x01,
    0xf6, 0x22, 0x20, 0x1f, 0x40, 0x00, 0x01, 0xf4, 0x00, 0x00, 0x1f, 0x40, 0x00, 0x00, 0x00, 0x5c,
    0xed, 0x70, 0x00, 0x7f, 0x74, 0x7e, 0x90, 0x1e, 0x60, 0x00, 0x4a, 0x14, 0xf1, 0x00, 0x00, 0x00,
    0x4f, 0x10, 0x3f, 0xff, 0x42, 0xf3, 0x00, 0x23, 0xf3, 0x0d, 0x90, 0x00, 0x6f, 0x10, 0x5f, 0x94,
    0x7e, 0x80, 0x00, 0x4c, 0xed, 0x70, 0x00, 0x1f, 0x40, 0x00, 0x6f, 0x01, 0xf4, 0x00, 0x06, 0xf0,
    0x1f, 0x40, 0x00, 0x6f, 0x01, 0xf6, 0x22, 0x27, 0xf0, 0x1f, 0xff, 0xff, 0xff, 0x01, 0xf4, 0x00,
    0x06, 0xf0, 0x1f, 0x40, 0x00, 0x6f, 0x01, 0xf4, 0x00, 0x06, 0xf0, 0x1f, 0x40, 0x00, 0x6f, 0x00,
    0x1f, 0x41, 0xf4, 0x1f, 0x41, 0xf4, 0x1f, 0x41, 0xf4, 0x1f, 0x41, 0xf4, 0x1f, 0x40, 0x00, 0x00,
    0x6e, 0x00, 0x00, 0x06, 0xe0, 0x00, 0x00, 0x6e, 0x00, 0x00, 0x06, 0xe0, 0x00, 0x00, 0x6e, 0x01,
    0x20, 0x06, 0xe0, 0x7e, 0x00, 0x7d, 0x03, 0xf7, 0x4d, 0xa0, 0x06, 0xde, 0xb1, 0x00, 0x1f, 0x40,
    0x04, 0xf7, 0x1f, 0x40, 0x3e, 0x90, 0x1f, 0x42, 0xda, 0x00, 0x1f, 0x5c, 0xc1, 0x00, 0x1f, 0xcf,
    0xc0, 0x00, 0x1f, 0xd3, 0xe8, 0x00, 0x1f, 0x50, 0x5f, 0x30, 0x1f, 0x40, 0x0a, 0xd1, 0x1f, 0x40,
    0x01, 0xe9, 0x1f, 0x40, 0x00, 0x01, 0xf4, 0x00, 0x00, 0x1f, 0x40, 0x00, 0x01, 0xf4, 0x00, 0x00,
    0x1f, 0x40, 0x00, 0x01, 0xf4, 0x00, 0x00, 0x1f, 0x40, 0x00, 0x01, 0xf6, 0x22, 0x20, 0x1f, 0xff,
    0xff, 0x40, 0x1f, 0xf2, 0x00, 0x03, 0xff, 0x01, 0xfe, 0x70, 0x00, 0x8e, 0xf0, 0x1f, 0xad, 0x00,
    0x0d, 0xaf, 0x01, 0xf6, 0xf3, 0x04, 0xf6, 0xf0, 0x1f, 0x4c, 0x90, 0xab, 0x5f, 0x01, 0xf4, 0x6e,
    0x1e, 0x55, 0xf0, 0x1f, 0x41, 0xf7, 0xe0, 0x5f, 0x01, 0xf4, 0x0a, 0xe9, 0x05, 0xf0, 0x1f, 0x40,
    0x4f, 0x30, 0x5f, 0x00, 0x1f, 0xc0, 0x00, 0x4f, 0x21, 0xff, 0x60, 0x04, 0xf2, 0x1f, 0x9e, 0x10,
    0x4f, 0x21, 0xf4, 0xca, 0x04, 0xf2, 0x1f, 0x53, 0xf4, 0x4f, 0x21, 0xf5, 0x09, 0xd4, 0xf2, 0x1f,
    0x50, 0x1e, 0x9f, 0x21, 0xf5, 0x00, 0x5f, 0xf2, 0x1f, 0x50, 0x00, 0xbf, 0x20, 0x00, 0x5c, 0xec,
    0x70, 0x00, 0x6f, 0x84, 0x7e, 0x80, 0x0e, 0x80, 0x00, 0x5f, 0x23, 0xf2, 0x00, 0x00, 0xe6, 0x5f,
    0x00, 0x00, 0x0d, 0x73, 0xf2, 0x00, 0x00, 0xe6, 0x0e, 0x70, 0x00, 0x5f, 0x20, 0x6f, 0x84, 0x7e,
    0x90, 0x00, 0x5c, 0xec, 0x70, 0x00, 0x1f, 0xff, 0xea, 0x20, 0x1f, 0x62, 0x4d, 0xb0, 0x1f, 0x40,
    0x06, 0xf1, 0x1f, 0x40, 0x06, 0xf1, 0x1f, 0x62, 0x3c, 0xb0, 0x1f, 0xff, 0xea, 0x20, 0x1f, 0x40,
    0x00, 0x00, 0x1f, 0x40, 0x00, 0x00, 0x1f, 0x40, 0x00, 0x00, 0x00, 0x5c, 0xec, 0x70, 0x00, 0x6f,
    0x84, 0x7e, 0x80, 0x0e, 0x80, 0x00, 0x5f, 0x23, 0xf2, 0x00, 0x00, 0xe6, 0x5f, 0x00, 0x00, 0x0d,
    0x73, 0xf2, 0x00, 0x00, 0xe5, 0x0e, 0x70, 0x7b, 0x5f, 0x20, 0x6f, 0x84, 0xdf, 0x80, 0x00, 0x5c,
    0xec, 0xe5, 0x00, 0x00, 0x00, 0x04, 0x91, 0x1f, 0xff, 0xeb, 0x20, 0x1f, 0x62, 0x4c, 0xc0, 0x1f,
    0x40, 0x05, 0xf1, 0x1f, 0x40, 0x1a, 0xd0, 0x1f, 0xff, 0xfd, 0x30, 0x1f, 0x62, 0xbc, 0x00, 0x1f,
    0x40, 0x3f, 0x40, 0x1f, 0x40, 0x0c, 0xb0, 0x1f, 0x40, 0x05, 0xf3, 0x02, 0xae, 0xea, 0x10, 0x0c,
    0xc4, 0x5d, 0xb0, 0x1f, 0x40, 0x03, 0x60, 0x0d, 0xc4, 0x00, 0x00, 0x02, 0x9f, 0xe8, 0x10, 0x00,
    0x01, 0x5d, 0xc0, 0x26, 0x00, 0x05, 0xf1, 0x2f, 0x92, 0x3a, 0xd0, 0x06, 0xef, 0xfd, 0x30, 0x00,
    0x02, 0x10, 0x00, 0x7f, 0xff, 0xff, 0xf4, 0x12, 0x2c, 0xa2, 0x21, 0x00, 0x0b, 0x90, 0x00, 0x00,
    0x0b, 0x90, 0x00, 0x00, 0x0b, 0x90, 0x00, 0x00, 0x0b, 0x90, 0x00, 0x00, 0x0b, 0x90, 0x00, 0x00,
    0x0b, 0x90, 0x00, 0x00, 0x0b, 0x90, 0x00, 0x1f, 0x40, 0x00, 0x7e, 0x01, 0xf4, 0x00, 0x07, 0xe0,
    0x1f, 0x40, 0x00, 0x7e, 0x01, 0xf4, 0x00, 0x07, 0xe0, 0x1f, 0x40, 0x00, 0x7e, 0x01, 0xf5, 0x00,
    0x07, 0xe0, 0x0e, 0x70, 0x00, 0x9c, 0x00, 0x8e, 0x74, 0x7f, 0x60, 0x00, 0x7d, 0xec, 0x60, 0x00,
    0x8d, 0x00, 0x00, 0x6f, 0x13, 0xf4, 0x00, 0x0b, 0xa0, 0x0c, 0x90, 0x01, 0xf5, 0x00, 0x7e, 0x00,
    0x6e, 0x10, 0x02, 0xf4, 0x0b, 0xa0, 0x00, 0x0c, 0x91, 0xf4, 0x00, 0x00, 0x6d, 0x5e, 0x00, 0x00,
    0x01, 0xfb, 0x90, 0x00, 0x00, 0x0b, 0xf4, 0x00, 0x00, 0x9c, 0x00, 0x0d, 0xd0, 0x00, 0xc9, 0x5f,
    0x10, 0x1f, 0xf2, 0x01, 0xf5, 0x1f, 0x50, 0x5c, 0xc5, 0x04, 0xf1, 0x0c, 0x80, 0x99, 0x99, 0x08,
    0xc0, 0x08, 0xc0, 0xd6, 0x5d, 0x0c, 0x80, 0x04, 0xf2, 0xf2, 0x2f, 0x2f, 0x40, 0x00, 0xf8, 0xd0,
    0x0d, 0x8f, 0x10, 0x00, 0xbe, 0x90, 0x09, 0xeb, 0x00, 0x00, 0x7f, 0x50, 0x05, 0xf7, 0x00, 0x3f,
    0x60, 0x01, 0xd8, 0x00, 0x7e, 0x20, 0x9d, 0x10, 0x00, 0xca, 0x3f, 0x30, 0x00, 0x03, 0xfd, 0x80,
    0x00, 0x00, 0x0b, 0xf2, 0x00, 0x00, 0x05, 0xfc, 0xb0, 0x00, 0x01, 0xe8, 0x2f, 0x60, 0x00, 0xac,
    0x00, 0x7e, 0x20, 0x5f, 0x30, 0x00, 0xcb, 0x00, 0x6f, 0x20, 0x00, 0xcb, 0x00, 0xca, 0x00, 0x5f,
    0x30, 0x03, 0xf4, 0x0d, 0x90, 0x00, 0x09, 0xc6, 0xe1, 0x00, 0x00, 0x1e, 0xe6, 0x00, 0x00, 0x00,
    0x8d, 0x00, 0x00, 0x00, 0x07, 0xd0, 0x00, 0x00, 0x00, 0x7d, 0x00, 0x00, 0x00, 0x07, 0xd0, 0x00,
    0x00, 0x5f, 0xff, 0xff, 0xe0, 0x12, 0x22, 0x3d, 0x80, 0x00, 0x00, 0x9d, 0x10, 0x00, 0x04, 0xf4,
    0x00, 0x00, 0x1d, 0x90, 0x00, 0x00, 0x8d, 0x10, 0x00, 0x03, 0xf4, 0x00, 0x00, 0x0d, 0xa2, 0x22,
    0x20, 0x4f, 0xff, 0xff, 0xf0, 0x00, 0x00, 0x0b, 0xfb, 0x0b, 0x70, 0x0b, 0x70, 0x0b, 0x70, 0x0b,
    0x70, 0x0b, 0x70, 0x0b, 0x70, 0x0b, 0x70, 0x0b, 0x70, 0x0b, 0x70, 0x0b, 0xfb, 0xa8, 0x00, 0x05,
    0xc0, 0x00, 0x1f, 0x10, 0x00, 0xc5, 0x00, 0x08, 0x90, 0x00, 0x4d, 0x00, 0x01, 0xf2, 0x00, 0x0b,
    0x60, 0x00, 0x7a, 0x00, 0x03, 0xe0, 0x00, 0x07, 0x10, 0x00, 0x00, 0x5f, 0xf3, 0x01, 0xf3, 0x01,
    0xf3, 0x01, 0xf3, 0x01, 0xf3, 0x01, 0xf3, 0x01, 0xf3, 0x01, 0xf3, 0x01, 0xf3, 0x01, 0xf3, 0x5f,
    0xf3, 0x01, 0xeb, 0x00, 0x07, 0x9d, 0x30, 0x1e, 0x27, 0xa0, 0x48, 0x01, 0xa1, 0x00, 0x00, 0x00,
    0x00, 0x00, 0x00, 0x00, 0x00, 0x00, 0x00, 0x00, 0x00, 0xff, 0xff, 0xf8, 0x22, 0x22, 0x21, 0x0c,
    0x70, 0x02, 0xa0, 0x00, 0x00, 0x00, 0x00, 0x00, 0x00, 0x00, 0x00, 0x00, 0x00, 0x00, 0x00, 0x00,
    0x00, 0x06, 0xce, 0xc2, 0x02, 0xd6, 0x2b, 0xb0, 0x00, 0x02, 0x9e, 0x00, 0x9d, 0xdc, 0xe0, 0x6e,
    0x20, 0x6e, 0x06, 0xe2, 0x3c, 0xe0, 0x1b, 0xfd, 0x8e, 0x00, 0x00, 0x00, 0x00, 0x2f, 0x20, 0x00,
    0x02, 0xf2, 0x00, 0x00, 0x2f, 0x6d, 0xe8, 0x02, 0xfc, 0x35, 0xf6, 0x2f, 0x60, 0x0b, 0xb2, 0xf3,
    0x00, 0x8c, 0x2f, 0x60, 0x0b, 0xb2, 0xfc, 0x35, 0xf6, 0x2f, 0x6c, 0xe8, 0x00, 0x02, 0xbe, 0xd4,
    0x00, 0xda, 0x37, 0xe1, 0x4f, 0x20, 0x03, 0x06, 0xe0, 0x00, 0x00, 0x4f, 0x20, 0x03, 0x01, 0xd9,
    0x27, 0xf2, 0x03, 0xbe, 0xd5, 0x00, 0x00, 0x00, 0x0b, 0x80, 0x00, 0x00, 0xb8, 0x03, 0xce, 0x9b,
    0x81, 0xe9, 0x38, 0xf8, 0x4f, 0x20, 0x0e, 0x86, 0xe0, 0x00, 0xc8, 0x5f, 0x20, 0x0e, 0x81, 0xe9,
    0x28, 0xf8, 0x04, 0xce, 0x8b, 0x80, 0x02, 0xbe, 0xc4, 0x00, 0xd9, 0x27, 0xe1, 0x4f, 0x10, 0x0e,
    0x56, 0xff, 0xff, 0xf7, 0x5f, 0x10, 0x00, 0x01, 0xd9, 0x25, 0xd2, 0x03, 0xbe, 0xc6, 0x00, 0x02,
    0xcf, 0x30, 0x8d, 0x30, 0x0a, 0xa0, 0x0d, 0xff, 0xf2, 0x1a, 0xa1, 0x00, 0xaa, 0x00, 0x0a, 0xa0,
    0x00, 0xaa, 0x00, 0x0a, 0xa0, 0x00, 0xaa, 0x00, 0x03, 0xce, 0x8b, 0x81, 0xea, 0x38, 0xf8, 0x4f,
    0x20, 0x0e, 0x86, 0xe0, 0x00, 0xc8, 0x5f, 0x20, 0x0d, 0x81, 0xe9, 0x27, 0xf8, 0x04, 0xde, 0x9b,
    0x80, 0x00, 0x00, 0xc8, 0x0c, 0x72, 0x6f, 0x40, 0x4b, 0xed, 0x70, 0x2f, 0x20, 0x00, 0x02, 0xf2,
    0x00, 0x00, 0x2f, 0x6c, 0xe7, 0x02, 0xfb, 0x48, 0xf2, 0x2f, 0x40, 0x1f, 0x52, 0xf2, 0x00, 0xe5,
    0x2f, 0x20, 0x0e, 0x52, 0xf2, 0x00, 0xe5, 0x2f, 0x20, 0x0e, 0x50, 0x16, 0x12, 0xe3, 0x00, 0x02,
    0xf2, 0x2f, 0x22, 0xf2, 0x2f, 0x22, 0xf2, 0x2f, 0x22, 0xf2, 0x01, 0x61, 0x02, 0xe3, 0x00, 0x00,
    0x02, 0xf2, 0x02, 0xf2, 0x02, 0xf2, 0x02, 0xf2, 0x02, 0xf2, 0x02, 0xf2, 0x02, 0xf2, 0x05, 0xf1,
    0x3f, 0x90, 0x01, 0x00, 0x2f, 0x20, 0x00, 0x02, 0xf2, 0x00, 0x00, 0x2f, 0x20, 0x9d, 0x12, 0xf2,
    0x7e, 0x20, 0x2f, 0x7f, 0x40, 0x02, 0xff, 0xe2, 0x00, 0x2f, 0x5c, 0xc0, 0x02, 0xf2, 0x2e, 0x80,
    0x2f, 0x20, 0x6f, 0x40, 0x2f, 0x22, 0xf2, 0x2f, 0x22, 0xf2, 0x2f, 0x22, 0xf2, 0x2f, 0x22, 0xf2,
    0x2f, 0x20, 0x2f, 0x5d, 0xc2, 0x8e, 0xc2, 0x02, 0xfa, 0x4b, 0xd8, 0x4d, 0x90, 0x2f, 0x40, 0x5f,
    0x00, 0x8c, 0x02, 0xf2, 0x05, 0xe0, 0x08, 0xc0, 0x2f, 0x20, 0x5e, 0x00, 0x8c, 0x02, 0xf2, 0x05,
    0xe0, 0x08, 0xc0, 0x2f, 0x20, 0x5e, 0x00, 0x8c, 0x00, 0x2f, 0x5c, 0xe7, 0x02, 0xfb, 0x48, 0xf2,
    0x2f, 0x40, 0x1f, 0x52, 0xf2, 0x00, 0xe5, 0x2f, 0x20, 0x0e, 0x52, 0xf2, 0x00, 0xe5, 0x2f, 0x20,
    0x0e, 0x50, 0x02, 0xbe, 0xc4, 0x00, 0xda, 0x27, 0xf2, 0x4f, 0x20, 0x0d, 0x86, 0xe0, 0x00, 0xa9,
    0x4f, 0x20, 0x0d, 0x81, 0xd9, 0x26, 0xf2, 0x03, 0xbe, 0xc4, 0x00, 0x2f, 0x6d, 0xe8, 0x02, 0xfc,
    0x35, 0xf6, 0x2f, 0x60, 0x0b, 0xb2, 0xf3, 0x00, 0x8c, 0x2f, 0x60, 0x0b, 0xb2, 0xfc, 0x35, 0xf6,
    0x2f, 0x6c, 0xe8, 0x02, 0xf2, 0x00, 0x00, 0x2f, 0x20, 0x00, 0x01, 0x51, 0x00, 0x00, 0x03, 0xce,
    0x9b, 0x81, 0xe9, 0x38, 0xf8, 0x5f, 0x20, 0x0e, 0x86, 0xe0, 0x00, 0xc8, 0x5f, 0x20, 0x0e, 0x81,
    0xe9, 0x28, 0xf8, 0x04, 0xce, 0x8b, 0x80, 0x00, 0x00, 0xb8, 0x00, 0x00, 0x0b, 0x80, 0x00, 0x00,
    0x43, 0x2f, 0x6d, 0x62, 0xfc, 0x51, 0x2f, 0x40, 0x02, 0xf2, 0x00, 0x2f, 0x20, 0x02, 0xf2, 0x00,
    0x2f, 0x20, 0x00, 0x06, 0xde, 0xa1, 0x2f, 0x62, 0xa6, 0x1f, 0x81, 0x00, 0x05, 0xdf, 0xb3, 0x00,
    0x02, 0xbb, 0x4f, 0x42, 0xbb, 0x07, 0xce, 0xb2, 0x08, 0x30, 0x0e, 0x50, 0xdf, 0xfa, 0x1e, 0x61,
    0x0e, 0x50, 0x0e, 0x50, 0x0e, 0x50, 0x0c, 0x81, 0x05, 0xdb, 0x2f, 0x20, 0x0e, 0x52, 0xf2, 0x00,
    0xe5, 0x2f, 0x20, 0x0e, 0x52, 0xf2, 0x00, 0xe5, 0x2f, 0x40, 0x1f, 0x50, 0xeb, 0x39, 0xf5, 0x05,
    0xdd, 0x6d, 0x50, 0x8c, 0x00, 0x0e, 0x63, 0xf2, 0x04, 0xf1, 0x0d, 0x70, 0x9b, 0x00, 0x8c, 0x0d,
    0x60, 0x02, 0xf4, 0xf1, 0x00, 0x0c, 0xca, 0x00, 0x00, 0x7f, 0x50, 0x00, 0x8c, 0x00, 0xcb, 0x00,
    0xd7, 0x4f, 0x11, 0xee, 0x02, 0xf3, 0x0e, 0x54, 0xbc, 0x36, 0xe0, 0x0a, 0x88, 0x89, 0x79, 0x90,
    0x06, 0xcb, 0x45, 0xad, 0x50, 0x02, 0xee, 0x01, 0xef, 0x10, 0x00, 0xdb, 0x00, 0xcc, 0x00, 0x3f,
    0x30, 0x7d, 0x10, 0x9b, 0x1e, 0x50, 0x01, 0xec, 0xb0, 0x00, 0x09, 0xf4, 0x00, 0x02, 0xea, 0xb0,
    0x00, 0xba, 0x1e, 0x60, 0x5e, 0x20, 0x6e, 0x10, 0x8c, 0x00, 0x0e, 0x63, 0xf3, 0x04, 0xf1, 0x0c,
    0x80, 0xaa, 0x00, 0x6d, 0x1e, 0x40, 0x01, 0xf7, 0xe0, 0x00, 0x0a, 0xe8, 0x00, 0x00, 0x5f, 0x20,
    0x00, 0x1a, 0xb0, 0x00, 0x1f, 0xd2, 0x00, 0x00, 0x10, 0x00, 0x00, 0x3f, 0xff, 0xfd, 0x00, 0x22,
    0x3e, 0x70, 0x00, 0x0a, 0xc0, 0x00, 0x06, 0xe2, 0x00, 0x02, 0xe6, 0x00, 0x00, 0xcb, 0x22, 0x20,
    0x4f, 0xff, 0xff, 0x00, 0x00, 0x00, 0x00, 0x04, 0xd9, 0x00, 0xc9, 0x10, 0x0d, 0x50, 0x00, 0xe5,
    0x01, 0x7f, 0x20, 0x3f, 0x80, 0x00, 0x4f, 0x30, 0x00, 0xe5, 0x00, 0x0d, 0x50, 0x00, 0xba, 0x10,
    0x04, 0xd9, 0x03, 0x30, 0x08, 0xa0, 0x08, 0xa0, 0x08, 0xa0, 0x08, 0xa0, 0x08, 0xa0, 0x08, 0xa0,
    0x08, 0xa0, 0x08, 0xa0, 0x08, 0xa0, 0x08, 0xa0, 0x08, 0xa0, 0x08, 0xa0, 0x08, 0xa0, 0x08, 0xa0,
    0x00, 0x00, 0x05, 0xe7, 0x00, 0x06, 0xf1, 0x00, 0x1f, 0x20, 0x00, 0xf3, 0x00, 0x0d, 0xa2, 0x00,
    0x4e, 0x70, 0x0e, 0x80, 0x00, 0xf3, 0x00, 0x1f, 0x20, 0x06, 0xf1, 0x05, 0xe6, 0x00, 0x06, 0xe9,
    0x00, 0x20, 0x0d, 0x7c, 0x86, 0xe0, 0x0c, 0x12, 0xce, 0x60, 0x00, 0x00, 0x00, 0x00, 0x00, 0x00,
    0x00, 0x00, 0x07, 0xec, 0x22, 0xd2, 0x89, 0x3d, 0x18, 0xa0, 0x8e, 0xc2, 0x00, 0x00, 0x00, 0x00,
    0x00, 0x00, 0x00, 0x00, 0x00, 0x00, 0x00, 0x00, 0x00,
};
static const dash_glyph_t s_small_glyphs[96] = {
    {0, 0, 0, 0, 0, 3},
    {0, 4, 9, 0, 3, 4},
    {18, 6, 9, 0, 3, 6},
    {45, 8, 9, 0, 3, 8},
    {81, 8, 13, 0, 1, 8},
    {133, 12, 9, 0, 3, 12},
    {187, 8, 9, 0, 3, 8},
    {223, 4, 9, 0, 3, 4},
    {241, 4, 11, 0, 3, 4},
    {263, 4, 11, 0, 3, 4},
    {285, 6, 9, 0, 3, 6},
    {312, 8, 7, 0, 5, 8},
    {340, 4, 4, 0, 10, 4},
    {348, 6, 5, 0, 7, 6},
    {363, 4, 2, 0, 10, 4},
    {367, 5, 11, 0, 3, 4},
    {395, 8, 9, 0, 3, 8},
    {431, 5, 9, 0, 3, 5},
    {454, 7, 9, 0, 3, 7},
    {486, 8, 9, 0, 3, 8},
    {522, 8, 9, 0, 3, 8},
    {558, 7, 9, 0, 3, 7},
    {590, 8, 9, 0, 3, 8},
    {626, 7, 9, 0, 3, 7},
    {658, 8, 9, 0, 3, 8},
    {694, 8, 10, 0, 2, 8},
    {734, 4, 6, 0, 6, 4},
    {746, 4, 9, 0, 5, 4},
    {764, 8, 7, 0, 5, 8},
    {792, 8, 6, 0, 6, 8},
    {816, 8, 7, 0, 5, 8},
    {844, 6, 9, 0, 3, 6},
    {871, 12, 12, 0, 3, 12},
    {943, 9, 9, 0, 3, 9},
    {984, 8, 9, 0, 3, 8},
    {1020, 9, 9, 0, 3, 9},
    {1061, 9, 9, 0, 3, 9},
    {1102, 7, 9, 0, 3, 7},
    {1134, 7, 9, 0, 3, 7},
    {1166, 9, 9, 0, 3, 9},
    {1207, 9, 9, 0, 3, 9},
    {1248, 3, 9, 0, 3, 3},
    {1262, 7, 9, 0, 3, 7},
    {1294, 8, 9, 0, 3, 8},
    {1330, 7, 9, 0, 3, 7},
    {1362, 11, 9, 0, 3, 11},
    {1412, 9, 9, 0, 3, 9},
    {1453, 9, 9, 0, 3, 9},
    {1494, 8, 9, 0, 3, 8},
    {1530, 9, 10, 0, 3, 9},
    {1575, 8, 9, 0, 3, 8},
    {1611, 8, 10, 0, 3, 8},
    {1651, 8, 9, 0, 3, 8},
    {1687, 9, 9, 0, 3, 9},
    {1728, 9, 9, 0, 3, 9},
    {1769, 12, 9, 0, 3, 12},
    {1823, 9, 9, 0, 3, 8},
    {1864, 9, 9, 0, 3, 8},
    {1905, 8, 9, 0, 3, 8},
    {1941, 4, 12, 0, 2, 4},
    {1965, 5, 11, 0, 3, 4},
    {1993, 4, 12, 0, 2, 4},
    {2017, 6, 8, 0, 4, 6},
    {2041, 6, 2, 0, 12, 6},
    {2047, 4, 9, 0, 3, 4},
    {2065, 7, 8, 0, 5, 7},
    {2093, 7, 9, 0, 3, 7},
    {2125, 7, 7, 0, 5, 7},
    {2150, 7, 9, 0, 3, 7},
    {2182, 7, 7, 0, 5, 7},
    {2207, 5, 10, 0, 2, 5},
    {2232, 7, 10, 0, 5, 7},
    {2267, 7, 9, 0, 3, 7},
    {2299, 3, 10, 0, 2, 3},
    {2314, 4, 13, -1, 2, 3},
    {2340, 7, 9, 0, 3, 7},
    {2372, 3, 9, 0, 3, 3},
    {2386, 11, 7, 0, 5, 11},
    {2425, 7, 7, 0, 5, 7},
    {2450, 7, 7, 0, 5, 7},
    {2475, 7, 10, 0, 5, 7},
    {2510, 7, 10, 0, 5, 7},
    {2545, 5, 7, 0, 5, 5},
    {2563, 6, 7, 0, 5, 6},
    {2584, 4, 9, 0, 3, 4},
    {2602, 7, 7, 0, 5, 7},
    {2627, 7, 7, 0, 5, 7},
    {2652, 10, 7, 0, 5, 10},
    {2687, 7, 7, 0, 5, 7},
    {2712, 7, 10, 0, 5, 7},
    {2747, 7, 7, 0, 5, 7},
    {2772, 5, 12, 0, 2, 5},
    {2802, 4, 15, 0, 0, 4},
    {2832, 5, 12, 0, 2, 5},
    {2862, 8, 5, 0, 7, 8},
    {2882, 5, 9, 0, 3, 5},
};
const dash_font_t dash_font_small = {s_small_bits, s_small_glyphs, 15, 12};

static const uint8_t s_body_bits[] = {
    0x08, 0xfa, 0x00, 0x8f, 0xa0, 0x08, 0xf9, 0x00, 0x7f, 0x90, 0x07, 0xf9, 0x00, 0x7f, 0x80, 0x07,
    0xf8, 0x00, 0x6f, 0x80, 0x01, 0x11, 0x00, 0x15, 0x10, 0x09, 0xfb, 0x00, 0x5e, 0x70, 0x06, 0xf9,
    0x3f, 0xb0, 0x05, 0xf8, 0x3f, 0xa0, 0x04, 0xf7, 0x2f, 0xa0, 0x04, 0xf7, 0x1f, 0x90, 0x02, 0xb4,
    0x0b, 0x60, 0x00, 0x00, 0x00, 0x00, 0x00, 0x00, 0x00, 0x00, 0x00, 0x00, 0x00, 0x00, 0x00, 0x00,
    0x00, 0x00, 0x00, 0x00, 0x00, 0x00, 0x00, 0x00, 0x00, 0x00, 0x00, 0x00, 0x00, 0x00, 0x00, 0x0c,
    0xb0, 0x0b, 0xd0, 0x00, 0x00, 0xf9, 0x00, 0xda, 0x00, 0x00, 0x2f, 0x60, 0x1f, 0x80, 0x00, 0xef,
    0xff, 0xff, 0xff, 0xf0, 0x19, 0xcf, 0x99, 0xcf, 0xa8, 0x00, 0x09, 0xe0, 0x08, 0xf1, 0x00, 0x00,
    0xbc, 0x00, 0xae, 0x00, 0x05, 0x9e, 0xd9, 0x9e, 0xe9, 0x30, 0xbf, 0xff, 0xff, 0xff, 0xf4, 0x00,
    0x4f, 0x50, 0x2f, 0x60, 0x00, 0x06, 0xf3, 0x05, 0xf4, 0x00, 0x00, 0x8f, 0x00, 0x7f, 0x10, 0x00,
    0x00, 0x00, 0x25, 0x00, 0x00, 0x00, 0x00, 0x3b, 0x00, 0x00, 0x00, 0x3a, 0xef, 0xc8, 0x10, 0x03,
    0xff, 0xee, 0xff, 0xb0, 0x0b, 0xf9, 0x4b, 0x2e, 0xf4, 0x0d, 0xf5, 0x3b, 0x03, 0x52, 0x0a, 0xfd,
    0x8b, 0x00, 0x00, 0x02, 0xcf, 0xff, 0xb5, 0x00, 0x00, 0x05, 0xbf, 0xff, 0xb0, 0x00, 0x00, 0x3b,
    0x5d, 0xf6, 0x29, 0x80, 0x3b, 0x07, 0xf9, 0x1f, 0xf6, 0x3b, 0x2c, 0xf7, 0x07, 0xff, 0xee, 0xff,
    0xd1, 0x00, 0x5b, 0xef, 0xd9, 0x10, 0x00, 0x00, 0x3b, 0x00, 0x00, 0x00, 0x00, 0x15, 0x00, 0x00,
    0x00, 0x7d, 0xe7, 0x00, 0x00, 0x2e, 0x60, 0x00, 0x03, 0xfa, 0x9f, 0x30, 0x00, 0xbb, 0x00, 0x00,
    0x06, 0xf1, 0x1f, 0x60, 0x07, 0xe2, 0x00, 0x00, 0x06, 0xf1, 0x1f, 0x70, 0x2e, 0x60, 0x00, 0x00,
    0x03, 0xf9, 0x9f, 0x30, 0xbb, 0x00, 0x00, 0x00, 0x00, 0x7e, 0xe7, 0x07, 0xe2, 0x00, 0x00, 0x00,
    0x00, 0x00, 0x00, 0x2e, 0x60, 0x03, 0x30, 0x00, 0x00, 0x00, 0x00, 0xbb, 0x00, 0xaf, 0xfc, 0x00,
    0x00, 0x00, 0x07, 0xe2, 0x04, 0xf6, 0x4f, 0x60, 0x00, 0x00, 0x2e, 0x60, 0x06, 0xf1, 0x0f, 0x70,
    0x00, 0x00, 0xbb, 0x00, 0x04, 0xf6, 0x4f, 0x60, 0x00, 0x06, 0xe2, 0x00, 0x00, 0xbf, 0xfc, 0x00,
    0x00, 0x00, 0x00, 0x00, 0x00, 0x03, 0x30, 0x00, 0x00, 0x3b, 0xed, 0x70, 0x00, 0x00, 0x1d, 0xfc,
    0xef, 0x50, 0x00, 0x04, 0xfa, 0x03, 0xf9, 0x00, 0x00, 0x3f, 0xa0, 0x6f, 0x70, 0x00, 0x00, 0xdf,
    0x9f, 0xd1, 0x00, 0x00, 0x05, 0xff, 0xc2, 0x00, 0x00, 0x03, 0xdf, 0xfc, 0x10, 0x96, 0x01, 0xef,
    0x58, 0xfa, 0x4f, 0x90, 0x4f, 0xc0, 0x0a, 0xfd, 0xf7, 0x02, 0xfe, 0x10, 0x0d, 0xfe, 0x10, 0x0b,
    0xfe, 0xbd, 0xff, 0xf4, 0x00, 0x18, 0xde, 0xd8, 0x3e, 0xe2, 0x06, 0xf9, 0x00, 0x5f, 0x80, 0x04,
    0xf7, 0x00, 0x4f, 0x70, 0x02, 0xb4, 0x00, 0x00, 0x00, 0x00, 0x00, 0x00, 0x00, 0x00, 0x00, 0x00,
    0x00, 0x00, 0x00, 0x00, 0x00, 0x00, 0x00, 0x00, 0x00, 0x05, 0x82, 0x00, 0x1e, 0xe1, 0x00, 0x7f,
    0xa0, 0x00, 0xcf, 0x40, 0x01, 0xff, 0x00, 0x04, 0xfd, 0x00, 0x07, 0xfb, 0x00, 0x08, 0xf9, 0x00,
    0x08, 0xf9, 0x00, 0x07, 0xfb, 0x00, 0x04, 0xfd, 0x00, 0x01, 0xff, 0x10, 0x00, 0xaf, 0x50, 0x00,
    0x3f, 0xb0, 0x00, 0x0b, 0xf2, 0x28, 0x50, 0x00, 0x1f, 0xe1, 0x00, 0x0a, 0xf7, 0x00, 0x05, 0xfc,
    0x00, 0x01, 0xff, 0x10, 0x00, 0xdf, 0x40, 0x00, 0xbf, 0x60, 0x00, 0x9f, 0x70, 0x00, 0x9f, 0x70,
    0x00, 0xbf, 0x60, 0x00, 0xdf, 0x40, 0x01, 0xfe, 0x10, 0x06, 0xf9, 0x00, 0x0c, 0xf2, 0x00, 0x3f,
    0xb0, 0x00, 0x00, 0x05, 0xf0, 0x00, 0x00, 0x68, 0x5e, 0x2b, 0x20, 0x06, 0xee, 0xfe, 0xb3, 0x00,
    0x06, 0xff, 0xd3, 0x00, 0x0a, 0xea, 0xea, 0xf4, 0x00, 0x22, 0x5e, 0x04, 0x00, 0x00, 0x03, 0x80,
    0x00, 0x00, 0x00, 0x00, 0x00, 0x00, 0x00, 0x00, 0x00, 0x00, 0x00, 0x00, 0x00, 0x00, 0x00, 0x00,
    0x00, 0x00, 0x00, 0x00, 0x00, 0x00, 0x00, 0x00, 0x00, 0x00, 0x6b, 0x30, 0x00, 0x00, 0x00, 0x07,
    0xf4, 0x00, 0x00, 0x00, 0x00, 0x7f, 0x40, 0x00, 0x00, 0x5a, 0xac, 0xfb, 0xaa, 0x30, 0x08, 0xff,
    0xff, 0xff, 0xf5, 0x00, 0x00, 0x07, 0xf4, 0x00, 0x00, 0x00, 0x00, 0x7f, 0x40, 0x00, 0x00, 0x00,
    0x07, 0xf4, 0x00, 0x00, 0x00, 0x00, 0x12, 0x00, 0x00, 0x00, 0x04, 0xb7, 0x00, 0x8f, 0x60, 0x0a,
    0xf1, 0x00, 0xcc, 0x00, 0x0f, 0x80, 0x00, 0x09, 0xaa, 0xaa, 0x30, 0xef, 0xff, 0xf5, 0x00, 0x00,
    0x00, 0x00, 0x00, 0x00, 0x00, 0x00, 0x00, 0x00, 0x00, 0x00, 0x00, 0x00, 0x01, 0x61, 0x00, 0x9f,
    0xa0, 0x05, 0xe6, 0x00, 0x00, 0x02, 0xfa, 0x00, 0x06, 0xf6, 0x00, 0x0a, 0xf2, 0x00, 0x0e, 0xd0,
    0x00, 0x3f, 0x90, 0x00, 0x7f, 0x50, 0x00, 0xbf, 0x10, 0x01, 0xfc, 0x00, 0x04, 0xf8, 0x00, 0x08,
    0xf4, 0x00, 0x0c, 0xe0, 0x00, 0x1f, 0xb0, 0x00, 0x5f, 0x60, 0x00, 0x9e, 0x20, 0x00, 0x00, 0x19,
    0xce, 0xb5, 0x00, 0x00, 0x1c, 0xfe, 0xdf, 0xf6, 0x00, 0x07, 0xfc, 0x10, 0x5f, 0xe1, 0x00, 0xdf,
    0x40, 0x00, 0xbf, 0x60, 0x0f, 0xf1, 0x00, 0x07, 0xf8, 0x02, 0xfe, 0x00, 0x00, 0x6f, 0xa0, 0x2f,
    0xe0, 0x00, 0x06, 0xfa, 0x00, 0xff, 0x10, 0x00, 0x7f, 0x90, 0x0d, 0xf4, 0x00, 0x0b, 0xf6, 0x00,
    0x7f, 0xc1, 0x05, 0xfe, 0x10, 0x01, 0xcf, 0xec, 0xff, 0x60, 0x00, 0x01, 0x9d, 0xeb, 0x50, 0x00,
    0x00, 0x7f, 0xf9, 0x01, 0xbf, 0xff, 0x90, 0x4f, 0x97, 0xf9, 0x03, 0x50, 0x7f, 0x90, 0x00, 0x07,
    0xf9, 0x00, 0x00, 0x7f, 0x90, 0x00, 0x07, 0xf9, 0x00, 0x00, 0x7f, 0x90, 0x00, 0x07, 0xf9, 0x00,
    0x00, 0x7f, 0x90, 0x00, 0x07, 0xf9, 0x00, 0x00, 0x7f, 0x90, 0x00, 0x4b, 0xee, 0xa3, 0x00, 0x04,
    0xff, 0xce, 0xfe, 0x30, 0x0c, 0xf5, 0x00, 0x8f, 0xa0, 0x0a, 0xb0, 0x00, 0x4f, 0xc0, 0x00, 0x00,
    0x00, 0x7f, 0x90, 0x00, 0x00, 0x03, 0xef, 0x30, 0x00, 0x00, 0x2d, 0xf6, 0x00, 0x00, 0x02, 0xdf,
    0x70, 0x00, 0x00, 0x2d, 0xf8, 0x00, 0x00, 0x02, 0xdf, 0x90, 0x00, 0x00, 0x0c, 0xff, 0xbb, 0xbb,
    0xb0, 0x0e, 0xff, 0xff, 0xff, 0xf0, 0x00, 0x3a, 0xee, 0xb4, 0x00, 0x04, 0xff, 0xdd, 0xff, 0x50,
    0x0b, 0xf6, 0x00, 0x7f, 0xc0, 0x04, 0x40, 0x00, 0x2f, 0xd0, 0x00, 0x00, 0x03, 0xaf, 0x80, 0x00,
    0x02, 0xff, 0xf6, 0x00, 0x00, 0x01, 0x9b, 0xff, 0x60, 0x00, 0x00, 0x00, 0x3f, 0xf2, 0x15, 0x50,
    0x00, 0x0d, 0xf5, 0x0e, 0xf5, 0x00, 0x4f, 0xf2, 0x06, 0xff, 0xed, 0xff, 0x90, 0x00, 0x5b, 0xee,
    0xc6, 0x00, 0x00, 0x00, 0x08, 0xff, 0x60, 0x00, 0x00, 0x02, 0xff, 0xf6, 0x00, 0x00, 0x00, 0xbf,
    0xcf, 0x60, 0x00, 0x00, 0x6f, 0x99, 0xf6, 0x00, 0x00, 0x1e, 0xe1, 0x9f, 0x60, 0x00, 0x09, 0xf6,
    0x09, 0xf6, 0x00, 0x03, 0xfc, 0x00, 0x9f, 0x60, 0x00, 0xcf, 0x30, 0x09, 0xf6, 0x00, 0x3f, 0xff,
    0xff, 0xff, 0xfd, 0x02, 0xbb, 0xbb, 0xbd, 0xfc, 0x90, 0x00, 0x00, 0x00, 0x9f, 0x60, 0x00, 0x00,
    0x00, 0x09, 0xf6, 0x00, 0x02, 0xff, 0xff, 0xff, 0xa0, 0x04, 0xfe, 0xbb, 0xbb, 0x70, 0x05, 0xf8,
    0x00, 0x00, 0x00, 0x07, 0xf7, 0x00, 0x00, 0x00, 0x08, 0xf8, 0xce, 0xc6, 0x00, 0x0a, 0xff, 0xbb,
    0xff, 0x70, 0x01, 0x43, 0x00, 0x5f, 0xe0, 0x00, 0x00, 0x00, 0x0d, 0xf3, 0x05, 0x51, 0x00, 0x0d,
    0xf2, 0x0b, 0xf7, 0x00, 0x5f, 0xe0, 0x03, 0xff, 0xdc, 0xff, 0x50, 0x00, 0x3b, 0xee, 0xb4, 0x00,
    0x00, 0x08, 0xce, 0xc6, 0x00, 0x00, 0xbf, 0xfd, 0xff, 0x80, 0x06, 0xfc, 0x10, 0x4f, 0xf1, 0x0c,
    0xf3, 0x00, 0x02, 0x31, 0x0f, 0xe2, 0xae, 0xd8, 0x00, 0x2f, 0xed, 0xca, 0xef, 0xa0, 0x3f, 0xf9,
    0x00, 0x2e, 0xf2, 0x2f, 0xf2, 0x00, 0x0a, 0xf5, 0x0e, 0xf2, 0x00, 0x0a, 0xf5, 0x08, 0xfa, 0x00,
    0x3f, 0xf2, 0x01, 0xdf, 0xdb, 0xff, 0x70, 0x00, 0x19, 0xde, 0xc5, 0x00, 0x5f, 0xff, 0xff, 0xff,
    0x84, 0xbb, 0xbb, 0xbe, 0xf8, 0x00, 0x00, 0x00, 0xef, 0x30, 0x00, 0x00, 0x6f, 0xb0, 0x00, 0x00,
    0x0d, 0xf4, 0x00, 0x00, 0x06, 0xfb, 0x00, 0x00, 0x00, 0xdf, 0x40, 0x00, 0x00, 0x6f, 0xc0, 0x00,
    0x00, 0x0d, 0xf5, 0x00, 0x00, 0x05, 0xfc, 0x00, 0x00, 0x00, 0xcf, 0x50, 0x00, 0x00, 0x5f, 0xd0,
    0x00, 0x00, 0x00, 0x3a, 0xee, 0xb5, 0x00, 0x03, 0xff, 0xdc, 0xff, 0x60, 0x0a, 0xf8, 0x00, 0x5f,
    0xd0, 0x0b, 0xf5, 0x00, 0x1f, 0xe0, 0x05, 0xfc, 0x32, 0x9f, 0x80, 0x00, 0x6e, 0xff, 0xf8, 0x00,
    0x04, 0xef, 0xaa, 0xef, 0x60, 0x0d, 0xf5, 0x00, 0x2e, 0xf2, 0x2f, 0xf0, 0x00, 0x0c, 0xf6, 0x1f,
    0xf4, 0x00, 0x2e, 0xf4, 0x07, 0xff, 0xba, 0xef, 0xa0, 0x00, 0x5b, 0xee, 0xc6, 0x00, 0x00, 0x00,
    0x00, 0x00, 0x00, 0x00, 0x3b, 0xee, 0xa2, 0x00, 0x04, 0xff, 0xcc, 0xfe, 0x30, 0x0d, 0xf7, 0x00,
    0x7f, 0xb0, 0x1f, 0xe0, 0x00, 0x0e, 0xf2, 0x2f, 0xe0, 0x00, 0x0e, 0xf5, 0x0e, 0xf5, 0x00, 0x5f,
    0xf6, 0x06, 0xff, 0xab, 0xec, 0xf5, 0x00, 0x6c, 0xeb, 0x4b, 0xf3, 0x03, 0x30, 0x00, 0x1e, 0xf1,
    0x0d, 0xf7, 0x00, 0x9f, 0x90, 0x05, 0xff, 0xee, 0xfd, 0x20, 0x00, 0x4b, 0xed, 0x91, 0x00, 0x01,
    0x51, 0x00, 0x9f, 0xa0, 0x05, 0xe6, 0x00, 0x00, 0x00, 0x00, 0x00, 0x00, 0x00, 0x00, 0x01, 0x61,
    0x00, 0x9f, 0xa0, 0x05, 0xe6, 0x00, 0x00, 0x31, 0x00, 0x5f, 0xc0, 0x04, 0xfa, 0x00, 0x01, 0x00,
    0x00, 0x00, 0x00, 0x00, 0x00, 0x00, 0x00, 0x00, 0x4b, 0x70, 0x08, 0xf6, 0x00, 0xaf, 0x10, 0x0c,
    0xc0, 0x00, 0xf8, 0x00, 0x00, 0x00, 0x00, 0x04, 0xb1, 0x00, 0x00, 0x00, 0x5c, 0xff, 0x10, 0x00,
    0x06, 0xdf, 0xfa, 0x40, 0x00, 0x6e, 0xfe, 0x82, 0x00, 0x00, 0x0a, 0xfd, 0x30, 0x00, 0x00, 0x00,
    0x4c, 0xff, 0xb4, 0x00, 0x00, 0x00, 0x03, 0xaf, 0xfd, 0x60, 0x00, 0x00, 0x00, 0x29, 0xff, 0x10,
    0x00, 0x00, 0x00, 0x02, 0x81, 0x00, 0x06, 0xff, 0xff, 0xff, 0xf2, 0x00, 0x4b, 0xbb, 0xbb, 0xbb,
    0x20, 0x00, 0x00, 0x00, 0x00, 0x00, 0x00, 0x4b, 0xbb, 0xbb, 0xbb, 0x20, 0x06, 0xff, 0xff, 0xff,
    0xf2, 0x00, 0x00, 0x00, 0x00, 0x00, 0x00, 0x00, 0x00, 0x00, 0x00, 0x00, 0x00, 0x04, 0x92, 0x00,
    0x00, 0x00, 0x00, 0x5f, 0xfa, 0x30, 0x00, 0x00, 0x00, 0x5c, 0xff, 0xb4, 0x00, 0x00, 0x00, 0x03,
    0xaf, 0xfc, 0x30, 0x00, 0x00, 0x00, 0x5f, 0xf7, 0x00, 0x00, 0x16, 0xcf, 0xfa, 0x20, 0x01, 0x8e,
    0xfe, 0x92, 0x00, 0x00, 0x5f, 0xe8, 0x10, 0x00, 0x00, 0x03, 0x71, 0x00, 0x00, 0x00, 0x00, 0x01,
    0x9d, 0xec, 0x60, 0x00, 0xcf, 0xec, 0xff, 0x60, 0x3f, 0xe1, 0x07, 0xfc, 0x01, 0x43, 0x00, 0x4f,
    0xc0, 0x00, 0x00, 0x1c, 0xf8, 0x00, 0x00, 0x2d, 0xfa, 0x00, 0x00, 0x0b, 0xf9, 0x00, 0x00, 0x00,
    0xef, 0x10, 0x00, 0x00, 0x04, 0x40, 0x00, 0x00, 0x00, 0x44, 0x00, 0x00, 0x00, 0x3f, 0xf2, 0x00,
    0x00, 0x01, 0xcc, 0x00, 0x00, 0x00, 0x00, 0x02, 0x68, 0x87, 0x30, 0x00, 0x00, 0x00, 0x01, 0xaf,
    0xff, 0xff, 0xfc, 0x20, 0x00, 0x00, 0x4e, 0xf9, 0x42, 0x13, 0x7e, 0xf5, 0x00, 0x00, 0xde, 0x40,
    0x00, 0x00, 0x02, 0xce, 0x10, 0x07, 0xf8, 0x02, 0xbe, 0xd8, 0xf5, 0x3f, 0x90, 0x0c, 0xe1, 0x0d,
    0xfa, 0xaf, 0xf5, 0x0c, 0xd0, 0x0e, 0xc0, 0x6f, 0x50, 0x08, 0xf5, 0x09, 0xf1, 0x2f, 0xa0, 0x8f,
    0x00, 0x04, 0xf5, 0x08, 0xf2, 0x2f, 0x90, 0x8f, 0x10, 0x04, 0xf5, 0x08, 0xf1, 0x0e, 0xc0, 0x6f,
    0x50, 0x08, 0xf5, 0x0b, 0xd0, 0x0c, 0xe1, 0x1e, 0xe9, 0xae, 0xfc, 0x8f, 0x70, 0x06, 0xf9, 0x02,
    0xbe, 0xc4, 0x7d, 0xe9, 0x00, 0x00, 0xbf, 0x92, 0x00, 0x00, 0x00, 0x00, 0x00, 0x00, 0x1a, 0xff,
    0xca, 0x9a, 0xca, 0x00, 0x00, 0x00, 0x00, 0x49, 0xbd, 0xfd, 0xb6, 0x00, 0x00, 0x00, 0x00, 0xbf,
    0xf4, 0x00, 0x00, 0x00, 0x01, 0xfe, 0xf9, 0x00, 0x00, 0x00, 0x06, 0xf9, 0xfe, 0x00, 0x00, 0x00,
    0x0b, 0xf4, 0xbf, 0x50, 0x00, 0x00, 0x1f, 0xf1, 0x7f, 0xa0, 0x00, 0x00, 0x6f, 0xb0, 0x3f, 0xe1,
    0x00, 0x00, 0xbf, 0x70, 0x0d, 0xf5, 0x00, 0x01, 0xff, 0xba, 0xad, 0xfa, 0x00, 0x06, 0xff, 0xff,
    0xff, 0xff, 0x10, 0x0b, 0xf7, 0x00, 0x00, 0xdf, 0x60, 0x2f, 0xf2, 0x00, 0x00, 0x8f, 0xb0, 0x7f,
    0xc0, 0x00, 0x00, 0x3f, 0xf1, 0x0c, 0xff, 0xff, 0xd9, 0x20, 0x00, 0xcf, 0xcb, 0xcf, 0xfd, 0x10,
    0x0c, 0xf4, 0x00, 0x2f, 0xf4, 0x00, 0xcf, 0x40, 0x00, 0xcf, 0x40, 0x0c, 0xf4, 0x01, 0x6f, 0xd1,
    0x00, 0xcf, 0xff, 0xff, 0xb1, 0x00, 0x0c, 0xfa, 0x88, 0xbf, 0xd2, 0x00, 0xcf, 0x40, 0x00, 0x9f,
    0x90, 0x0c, 0xf4, 0x00, 0x05, 0xfc, 0x00, 0xcf, 0x40, 0x00, 0x9f, 0xa0, 0x0c, 0xfc, 0xbb, 0xdf,
    0xf4, 0x00, 0xcf, 0xff, 0xfe, 0xb4, 0x00, 0x00, 0x04, 0xad, 0xec, 0x60, 0x00, 0x00, 0x7f, 0xff,
    0xef, 0xfb, 0x00, 0x03, 0xff, 0x60, 0x03, 0xdf, 0x70, 0x0b, 0xf8, 0x00, 0x00, 0x4f, 0xd0, 0x0e,
    0xf2, 0x00, 0x00, 0x01, 0x10, 0x2f, 0xe0, 0x00, 0x00, 0x00, 0x00, 0x2f, 0xe0, 0x00, 0x00, 0x00,
    0x00, 0x0e, 0xf1, 0x00, 0x00, 0x00, 0x00, 0x0c, 0xf8, 0x00, 0x00, 0x4f, 0xd0, 0x04, 0xff, 0x60,
    0x03, 0xdf, 0x70, 0x00, 0x8f, 0xff, 0xef, 0xfb, 0x00, 0x00, 0x04, 0xad, 0xec, 0x60, 0x00, 0x0c,
    0xff, 0xfe, 0xc8, 0x10, 0x00, 0x0c, 0xfd, 0xcd, 0xff, 0xd3, 0x00, 0x0c, 0xf4, 0x00, 0x1a, 0xfc,
    0x00, 0x0c, 0xf4, 0x00, 0x00, 0xdf, 0x50, 0x0c, 0xf4, 0x00, 0x00, 0x8f, 0x80, 0x0c, 0xf4, 0x00,
    0x00, 0x6f, 0xa0, 0x0c, 0xf4, 0x00, 0x00, 0x6f, 0xa0, 0x0c, 0xf4, 0x00, 0x00, 0x8f, 0x80, 0x0c,
    0xf4, 0x00, 0x00, 0xdf, 0x50, 0x0c, 0xf4, 0x00, 0x1a, 0xfc, 0x00, 0x0c, 0xfd, 0xcd, 0xff, 0xd3,
    0x00, 0x0c, 0xff, 0xfe, 0xc8, 0x10, 0x00, 0x0c, 0xff, 0xff, 0xff, 0xb0, 0x0c, 0xfc, 0xbb, 0xbb,
    0x80, 0x0c, 0xf4, 0x00, 0x00, 0x00, 0x0c, 0xf4, 0x00, 0x00, 0x00, 0x0c, 0xf4, 0x00, 0x00, 0x00,
    0x0c, 0xff, 0xff, 0xff, 0x50, 0x0c, 0xfc, 0xbb, 0xbb, 0x40, 0x0c, 0xf4, 0x00, 0x00, 0x00, 0x0c,
    0xf4, 0x00, 0x00, 0x00, 0x0c, 0xf4, 0x00, 0x00, 0x00, 0x0c, 0xfc, 0xbb, 0xbb, 0x90, 0x0c, 0xff,
    0xff, 0xff, 0xb0, 0x0c, 0xff, 0xff, 0xff, 0x90, 0xcf, 0xcb, 0xbb, 0xb7, 0x0c, 0xf4, 0x00, 0x00,
    0x00, 0xcf, 0x40, 0x00, 0x00, 0x0c, 0xf4, 0x00, 0x00, 0x00, 0xcf, 0xcb, 0xbb, 0xb1, 0x0c, 0xff,
    0xff, 0xff, 0x10, 0xcf, 0x40, 0x00, 0x00, 0x0c, 0xf4, 0x00, 0x00, 0x00, 0xcf, 0x40, 0x00, 0x00,
    0x0c, 0xf4, 0x00, 0x00, 0x00, 0xcf, 0x40, 0x00, 0x00, 0x00, 0x03, 0xad, 0xec, 0x60, 0x00, 0x00,
    0x7f, 0xff, 0xef, 0xfb, 0x00, 0x03, 0xff, 0x71, 0x04, 0xef, 0x70, 0x0b, 0xf9, 0x00, 0x00, 0x7f,
    0xd0, 0x0e, 0xf2, 0x00, 0x00, 0x00, 0x00, 0x1f, 0xf0, 0x00, 0x00, 0x00, 0x00, 0x2f, 0xe0, 0x00,
    0x9f, 0xff, 0xf2, 0x0f, 0xf1, 0x00, 0x6a, 0xaf, 0xf1, 0x0c, 0xf7, 0x00, 0x00, 0x2f, 0xe0, 0x04,
    0xfe, 0x50, 0x02, 0xbf, 0x90, 0x00, 0x8f, 0xff, 0xef, 0xfc, 0x10, 0x00, 0x04, 0xad, 0xec, 0x70,
    0x00, 0x0c, 0xf4, 0x00, 0x00, 0x5f, 0xb0, 0x0c, 0xf4, 0x00, 0x00, 0x5f, 0xb0, 0x0c, 0xf4, 0x00,
    0x00, 0x5f, 0xb0, 0x0c, 0xf4, 0x00, 0x00, 0x5f, 0xb0, 0x0c, 0xf4, 0x00, 0x00, 0x5f, 0xb0, 0x0c,
    0xff, 0xff, 0xff, 0xff, 0xb0, 0x0c, 0xfc, 0xbb, 0xbb, 0xdf, 0xb0, 0x0c, 0xf4, 0x00, 0x00, 0x5f,
    0xb0, 0x0c, 0xf4, 0x00, 0x00, 0x5f, 0xb0, 0x0c, 0xf4, 0x00, 0x00, 0x5f, 0xb0, 0x0c, 0xf4, 0x00,
    0x00, 0x5f, 0xb0, 0x0c, 0xf4, 0x00, 0x00, 0x5f, 0xb0, 0x0c, 0xf4, 0x0c, 0xf4, 0x0c, 0xf4, 0x0c,
    0xf4, 0x0c, 0xf4, 0x0c, 0xf4, 0x0c, 0xf4, 0x0c, 0xf4, 0x0c, 0xf4, 0x0c, 0xf4, 0x0c, 0xf4, 0x0c,
    0xf4, 0x00, 0x00, 0x00, 0xff, 0x20, 0x00, 0x00, 0x0f, 0xf2, 0x00, 0x00, 0x00, 0xff, 0x20, 0x00,
    0x00, 0x0f, 0xf2, 0x00, 0x00, 0x00, 0xff, 0x20, 0x00, 0x00, 0x0f, 0xf2, 0x00, 0x00, 0x00, 0xff,
    0x22, 0x43, 0x00, 0x0f, 0xf2, 0x5f, 0xb0, 0x01, 0xff, 0x13, 0xff, 0x20, 0x5f, 0xe0, 0x0b, 0xff,
    0xcf, 0xf7, 0x00, 0x19, 0xde, 0xc6, 0x00, 0x0c, 0xf4, 0x00, 0x04, 0xff, 0x50, 0xcf, 0x40, 0x03,
    0xef, 0x70, 0x0c, 0xf4, 0x01, 0xdf, 0x90, 0x00, 0xcf, 0x40, 0xcf, 0xb0, 0x00, 0x0c, 0xf4, 0x8f,
    0xc1, 0x00, 0x00, 0xcf, 0x8f, 0xf8, 0x00, 0x00, 0x0c, 0xff, 0xdf, 0xf3, 0x00, 0x00, 0xcf, 0xe2,
    0x9f, 0xc0, 0x00, 0x0c, 0xf5, 0x01, 0xdf, 0x70, 0x00, 0xcf, 0x40, 0x04, 0xff, 0x30, 0x0c, 0xf4,
    0x00, 0x09, 0xfc, 0x00, 0xcf, 0x40, 0x00, 0x1d, 0xf7, 0x0c, 0xf4, 0x00, 0x00, 0x00, 0xcf, 0x40,
    0x00, 0x00, 0x0c, 0xf4, 0x00, 0x00, 0x00, 0xcf, 0x40, 0x00, 0x00, 0x0c, 0xf4, 0x00, 0x00, 0x00,
    0xcf, 0x40, 0x00, 0x00, 0x0c, 0xf4, 0x00, 0x00, 0x00, 0xcf, 0x40, 0x00, 0x00, 0x0c, 0xf4, 0x00,
    0x00, 0x00, 0xcf, 0x40, 0x00, 0x00, 0x0c, 0xfc, 0xbb, 0xbb, 0x40, 0xcf, 0xff, 0xff, 0xf6, 0x0c,
    0xff, 0x70, 0x00, 0x00, 0xbf, 0xf9, 0x00, 0xcf, 0xfd, 0x00, 0x00, 0x2f, 0xff, 0x90, 0x0c, 0xfd,
    0xf3, 0x00, 0x07, 0xfd, 0xf9, 0x00, 0xcf, 0x9f, 0x80, 0x00, 0xcf, 0x9f, 0x90, 0x0c, 0xf5, 0xfe,
    0x00, 0x2f, 0xd7, 0xf9, 0x00, 0xcf, 0x3c, 0xf4, 0x08, 0xf8, 0x7f, 0x90, 0x0c, 0xf3, 0x7f, 0x90,
    0xdf, 0x37, 0xf9, 0x00, 0xcf, 0x32, 0xfd, 0x2f, 0xd0, 0x7f, 0x90, 0x0c, 0xf3, 0x0c, 0xf7, 0xf7,
    0x07, 0xf9, 0x00, 0xcf, 0x30, 0x6f, 0xef, 0x20, 0x7f, 0x90, 0x0c, 0xf3, 0x01, 0xff, 0xc0, 0x07,
    0xf9, 0x00, 0xcf, 0x30, 0x0a, 0xf7, 0x00, 0x7f, 0x90, 0x0c, 0xfc, 0x00, 0x00, 0x2f, 0xf0, 0x0c,
    0xff, 0x70, 0x00, 0x2f, 0xf0, 0x0c, 0xff, 0xe1, 0x00, 0x2f, 0xf0, 0x0c, 0xf9, 0xfa, 0x00, 0x2f,
    0xf0, 0x0c, 0xf4, 0xdf, 0x40, 0x2f, 0xf0, 0x0c, 0xf4, 0x5f, 0xd0, 0x2f, 0xf0, 0x0c, 0xf4, 0x0b,
    0xf7, 0x2f, 0xf0, 0x0c, 0xf4, 0x02, 0xfe, 0x3f, 0xf0, 0x0c, 0xf4, 0x00, 0x8f, 0x9f, 0xf0, 0x0c,
    0xf4, 0x00, 0x1d, 0xff, 0xf0, 0x0c, 0xf4, 0x00, 0x05, 0xff, 0xf0, 0x0c, 0xf4, 0x00, 0x00, 0xaf,
    0xf0, 0x00, 0x04, 0xad, 0xeb, 0x60, 0x00, 0x00, 0x7f, 0xff, 0xef, 0xfb, 0x00, 0x03, 0xff, 0x60,
    0x04, 0xdf, 0x70, 0x0b, 0xf8, 0x00, 0x00, 0x3f, 0xe1, 0x0e, 0xf2, 0x00, 0x00, 0x0c, 0xf4, 0x2f,
    0xe0, 0x00, 0x00, 0x0a, 0xf6, 0x2f, 0xe0, 0x00, 0x00, 0x0a, 0xf6, 0x0e, 0xf2, 0x00, 0x00, 0x0c,
    0xf4, 0x0b, 0xf8, 0x00, 0x00, 0x3f, 0xf1, 0x03, 0xff, 0x60, 0x03, 0xdf, 0x80, 0x00, 0x7f, 0xff,
    0xef, 0xfb, 0x10, 0x00, 0x04, 0xad, 0xeb, 0x60, 0x00, 0x0c, 0xff, 0xff, 0xd8, 0x10, 0x0c, 0xfc,
    0xbc, 0xff, 0xc0, 0x0c, 0xf4, 0x00, 0x2e, 0xf5, 0x0c, 0xf4, 0x00, 0x09, 0xf8, 0x0c, 0xf4, 0x00,
    0x09, 0xf8, 0x0c, 0xf4, 0x00, 0x2e, 0xf5, 0x0c, 0xfc, 0xbc, 0xef, 0xc0, 0x0c, 0xff, 0xff, 0xd8,
    0x10, 0x0c, 0xf4, 0x00, 0x00, 0x00, 0x0c, 0xf4, 0x00, 0x00, 0x00, 0x0c, 0xf4, 0x00, 0x00, 0x00,
    0x0c, 0xf4, 0x00, 0x00, 0x00, 0x00, 0x04, 0xad, 0xeb, 0x60, 0x00, 0x00, 0x7f, 0xff, 0xef, 0xfb,
    0x00, 0x03, 0xff, 0x60, 0x04, 0xdf, 0x70, 0x0b, 0xf8, 0x00, 0x00, 0x3f, 0xe1, 0x0e, 0xf2, 0x00,
    0x00, 0x0c, 0xf4, 0x2f, 0xe0, 0x00, 0x00, 0x0a, 0xf6, 0x2f, 0xe0, 0x00, 0x00, 0x0a, 0xf7, 0x0e,
    0xf2, 0x00, 0x10, 0x0c, 0xf5, 0x0b, 0xf8, 0x02, 0xec, 0x4f, 0xf1, 0x03, 0xff, 0x60, 0x5f, 0xef,
    0x70, 0x00, 0x7f, 0xff, 0xef, 0xfc, 0x00, 0x00, 0x04, 0xad, 0xeb, 0xde, 0x30, 0x00, 0x00, 0x00,
    0x00, 0x2c, 0xb0, 0x0c, 0xff, 0xff, 0xd9, 0x10, 0x00, 0xcf, 0xcb, 0xcf, 0xfc, 0x00, 0x0c, 0xf4,
    0x00, 0x2e, 0xf6, 0x00, 0xcf, 0x40, 0x00, 0x9f, 0x80, 0x0c, 0xf4, 0x00, 0x09, 0xf8, 0x00, 0xcf,
    0x40, 0x14, 0xef, 0x50, 0x0c, 0xff, 0xff, 0xff, 0xb0, 0x00, 0xcf, 0xcb, 0xdf, 0xb0, 0x00, 0x0c,
    0xf4, 0x03, 0xff, 0x20, 0x00, 0xcf, 0x40, 0x09, 0xfa, 0x00, 0x0c, 0xf4, 0x00, 0x2f, 0xf3, 0x00,
    0xcf, 0x40, 0x00, 0x8f, 0xc0, 0x00, 0x3a, 0xde, 0xc7, 0x10, 0x03, 0xff, 0xfd, 0xff, 0xb0, 0x0b,
    0xf8, 0x10, 0x2d, 0xf4, 0x0d, 0xf4, 0x00, 0x03, 0x52, 0x0a, 0xfc, 0x50, 0x00, 0x00, 0x02, 0xdf,
    0xfe, 0xb5, 0x00, 0x00, 0x05, 0xae, 0xff, 0xb0, 0x00, 0x00, 0x00, 0x5d, 0xf6, 0x29, 0x80, 0x00,
    0x07, 0xf9, 0x0f, 0xf6, 0x00, 0x2c, 0xf7, 0x07, 0xff, 0xed, 0xff, 0xd1, 0x00, 0x5b, 0xee, 0xd8,
    0x10, 0x5f, 0xff, 0xff, 0xff, 0xfe, 0x04, 0xbb, 0xbe, 0xfd, 0xbb, 0xa0, 0x00, 0x00, 0xbf, 0x50,
    0x00, 0x00, 0x00, 0x0b, 0xf5, 0x00, 0x00, 0x00, 0x00, 0xbf, 0x50, 0x00, 0x00, 0x00, 0x0b, 0xf5,
    0x00, 0x00, 0x00, 0x00, 0xbf, 0x50, 0x00, 0x00, 0x00, 0x0b, 0xf5, 0x00, 0x00, 0x00, 0x00, 0xbf,
    0x50, 0x00, 0x00, 0x00, 0x0b, 0xf5, 0x00, 0x00, 0x00, 0x00, 0xbf, 0x50, 0x00, 0x00, 0x00, 0x0b,
    0xf5, 0x00, 0x00, 0x0c, 0xf4, 0x00, 0x00, 0x7f, 0x90, 0x0c, 0xf4, 0x00, 0x00, 0x7f, 0x90, 0x0c,
    0xf4, 0x00, 0x00, 0x7f, 0x90, 0x0c, 0xf4, 0x00, 0x00, 0x7f, 0x90, 0x0c, 0xf4, 0x00, 0x00, 0x7f,
    0x90, 0x0c, 0xf4, 0x00, 0x00, 0x7f, 0x90, 0x0c, 0xf4, 0x00, 0x00, 0x7f, 0x90, 0x0c, 0xf4, 0x00,
    0x00, 0x8f, 0x90, 0x0a, 0xf7, 0x00, 0x00, 0xaf, 0x70, 0x06, 0xfe, 0x40, 0x06, 0xff, 0x30, 0x00,
    0xbf, 0xfe, 0xef, 0xf8, 0x00, 0x00, 0x07, 0xce, 0xeb, 0x40, 0x00, 0x7f, 0xd0, 0x00, 0x00, 0x3f,
    0xf1, 0x2f, 0xf2, 0x00, 0x00, 0x8f, 0xb0, 0x0b, 0xf7, 0x00, 0x00, 0xdf, 0x60, 0x06, 0xfc, 0x00,
    0x02, 0xff, 0x10, 0x01, 0xff, 0x20, 0x07, 0xfb, 0x00, 0x00, 0xbf, 0x70, 0x0c, 0xf6, 0x00, 0x00,
    0x6f, 0xc0, 0x2f, 0xf1, 0x00, 0x00, 0x1f, 0xf1, 0x6f, 0xa0, 0x00, 0x00, 0x0a, 0xf6, 0xaf, 0x50,
    0x00, 0x00, 0x05, 0xfa, 0xef, 0x10, 0x00, 0x00, 0x01, 0xef, 0xfa, 0x00, 0x00, 0x00, 0x00, 0xaf,
    0xf5, 0x00, 0x00, 0x7f, 0xb0, 0x00, 0x1f, 0xf6, 0x00, 0x07, 0xfc, 0x3f, 0xe0, 0x00, 0x5f, 0xf9,
    0x00, 0x0a, 0xf8, 0x0e, 0xf3, 0x00, 0x9f, 0xed, 0x00, 0x0e, 0xf4, 0x0a, 0xf7, 0x00, 0xce, 0xaf,
    0x20, 0x2f, 0xf0, 0x07, 0xfa, 0x01, 0xfc, 0x7f, 0x50, 0x6f, 0xb0, 0x03, 0xfe, 0x05, 0xf9, 0x4f,
    0x90, 0x9f, 0x70, 0x00, 0xef, 0x28, 0xf5, 0x1f, 0xd0, 0xdf, 0x30, 0x00, 0xaf, 0x5b, 0xf1, 0x0c,
    0xf1, 0xfe, 0x00, 0x00, 0x6f, 0x8e, 0xc0, 0x08, 0xf7, 0xfa, 0x00, 0x00, 0x2f, 0xdf, 0x80, 0x04,
    0xfd, 0xf6, 0x00, 0x00, 0x0d, 0xff, 0x50, 0x00, 0xff, 0xf3, 0x00, 0x00, 0x09, 0xff, 0x10, 0x00,
    0xbf, 0xe0, 0x00, 0x1d, 0xf7, 0x00, 0x01, 0xdf, 0x70, 0x04, 0xff, 0x20, 0x08, 0xfc, 0x00, 0x00,
    0x9f, 0xb0, 0x3f, 0xf3, 0x00, 0x00, 0x1e, 0xf5, 0xbf, 0x70, 0x00, 0x00, 0x05, 0xfe, 0xfc, 0x00,
    0x00, 0x00, 0x00, 0xaf, 0xf3, 0x00, 0x00, 0x00, 0x00, 0xcf, 0xf6, 0x00, 0x00, 0x00, 0x08, 0xfc,
    0xfe, 0x20, 0x00, 0x00, 0x3f, 0xf2, 0x9f, 0xb0, 0x00, 0x01, 0xdf, 0x70, 0x1e, 0xf6, 0x00, 0x09,
    0xfc, 0x00, 0x05, 0xfe, 0x20, 0x4f, 0xf3, 0x00, 0x00, 0xaf, 0xb0, 0x5f, 0xf2, 0x00, 0x00, 0xaf,
    0xb0, 0x0b, 0xfa, 0x00, 0x03, 0xff, 0x20, 0x03, 0xff, 0x30, 0x0b, 0xf9, 0x00, 0x00, 0x9f, 0xb0,
    0x4f, 0xe1, 0x00, 0x00, 0x1e, 0xf3, 0xcf, 0x60, 0x00, 0x00, 0x06, 0xfd, 0xfc, 0x00, 0x00, 0x00,
    0x00, 0xcf, 0xf4, 0x00, 0x00, 0x00, 0x00, 0x5f, 0xc0, 0x00, 0x00, 0x00, 0x00, 0x5f, 0xb0, 0x00,
    0x00, 0x00, 0x00, 0x5f, 0xb0, 0x00, 0x00, 0x00, 0x00, 0x5f, 0xb0, 0x00, 0x00, 0x00, 0x00, 0x5f,
    0xb0, 0x00, 0x00, 0x1f, 0xff, 0xff, 0xff, 0xf7, 0x1b, 0xbb, 0xbb, 0xbf, 0xf5, 0x00, 0x00, 0x00,
    0x8f, 0xb0, 0x00, 0x00, 0x04, 0xfe, 0x20, 0x00, 0x00, 0x1d, 0xf6, 0x00, 0x00, 0x00, 0x9f, 0xb0,
    0x00, 0x00, 0x04, 0xfe, 0x20, 0x00, 0x00, 0x1d, 0xf6, 0x00, 0x00, 0x00, 0x9f, 0xb0, 0x00, 0x00,
    0x04, 0xfd, 0x10, 0x00, 0x00, 0x0d, 0xfd, 0xbb, 0xbb, 0xb6, 0x1f, 0xff, 0xff, 0xff, 0xf8, 0x04,
    0x99, 0x91, 0x07, 0xff, 0xf2, 0x07, 0xf7, 0x00, 0x07, 0xf7, 0x00, 0x07, 0xf7, 0x00, 0x07, 0xf7,
    0x00, 0x07, 0xf7, 0x00, 0x07, 0xf7, 0x00, 0x07, 0xf7, 0x00, 0x07, 0xf7, 0x00, 0x07, 0xf7, 0x00,
    0x07, 0xf7, 0x00, 0x07, 0xf7, 0x00, 0x07, 0xfc, 0x91, 0x07, 0xff, 0xf2, 0x9f, 0x30, 0x00, 0x5f,
    0x70, 0x00, 0x1f, 0xb0, 0x00, 0x0c, 0xe0, 0x00, 0x08, 0xf4, 0x00, 0x04, 0xf8, 0x00, 0x00, 0xec,
    0x00, 0x00, 0xbf, 0x10, 0x00, 0x7f, 0x50, 0x00, 0x3f, 0x90, 0x00, 0x0e, 0xd0, 0x00, 0x0a, 0xf2,
    0x00, 0x06, 0xf6, 0x00, 0x02, 0xe9, 0x19, 0x99, 0x40, 0x2f, 0xff, 0x60, 0x00, 0x8f, 0x60, 0x00,
    0x8f, 0x60, 0x00, 0x8f, 0x60, 0x00, 0x8f, 0x60, 0x00, 0x8f, 0x60, 0x00, 0x8f, 0x60, 0x00, 0x8f,
    0x60, 0x00, 0x8f, 0x60, 0x00, 0x8f, 0x60, 0x00, 0x8f, 0x60, 0x00, 0x8f, 0x60, 0x19, 0xcf, 0x60,
    0x2f, 0xff, 0x60, 0x00, 0x17, 0x60, 0x00, 0x00, 0x8f, 0xf3, 0x00, 0x01, 0xe9, 0xda, 0x00, 0x07,
    0xf2, 0x7f, 0x30, 0x1e, 0xa0, 0x1e, 0xa0, 0x27, 0x30, 0x05, 0x70, 0x00, 0x00, 0x00, 0x00, 0x00,
    0x00, 0x00, 0x00, 0x00, 0x00, 0x00, 0x00, 0x00, 0x00, 0x00, 0x00, 0x00, 0x00, 0x00, 0x00, 0x00,
    0x00, 0x00, 0x00, 0xff, 0xff, 0xff, 0xf7, 0xaa, 0xaa, 0xaa, 0xa5, 0x04, 0x62, 0x00, 0x03, 0xf9,
    0x00, 0x00, 0x8f, 0x10, 0x00, 0x00, 0x00, 0x00, 0x00, 0x00, 0x00, 0x00, 0x00, 0x00, 0x00, 0x00,
    0x00, 0x00, 0x00, 0x00, 0x00, 0x00, 0x00, 0x00, 0x00, 0x00, 0x00, 0x00, 0x00, 0x00, 0x00, 0x00,
    0x00, 0x00, 0x00, 0x8d, 0xfd, 0x81, 0x00, 0xaf, 0xda, 0xdf, 0xa0, 0x07, 0x91, 0x02, 0xff, 0x00,
    0x00, 0x35, 0x8f, 0xf2, 0x07, 0xef, 0xfd, 0xff, 0x23, 0xfe, 0x51, 0x0e, 0xf2, 0x5f, 0xa0, 0x03,
    0xff, 0x22, 0xff, 0xa9, 0xde, 0xf2, 0x05, 0xce, 0xb4, 0xdf, 0x20, 0x0e, 0xf2, 0x00, 0x00, 0x00,
    0x0e, 0xf2, 0x00, 0x00, 0x00, 0x0e, 0xf2, 0x00, 0x00, 0x00, 0x0e, 0xf3, 0xbe, 0xc6, 0x00, 0x0e,
    0xfd, 0xdb, 0xff, 0x60, 0x0e, 0xfa, 0x00, 0x6f, 0xe0, 0x0e, 0xf3, 0x00, 0x0e, 0xf2, 0x0e, 0xf1,
    0x00, 0x0c, 0xf4, 0x0e, 0xf3, 0x00, 0x0e, 0xf2, 0x0e, 0xfa, 0x00, 0x6f, 0xe0, 0x0e, 0xfd, 0xdb,
    0xff, 0x60, 0x0e, 0xf3, 0xbe, 0xc6, 0x00, 0x00, 0x4b, 0xee, 0xa2, 0x00, 0x5f, 0xfb, 0xdf, 0xe2,
    0x0d, 0xf5, 0x00, 0xaf, 0x62, 0xfe, 0x00, 0x01, 0x00, 0x4f, 0xc0, 0x00, 0x00, 0x02, 0xfd, 0x00,
    0x01, 0x10, 0x0d, 0xf5, 0x00, 0xaf, 0x70, 0x5f, 0xfb, 0xdf, 0xe2, 0x00, 0x4b, 0xee, 0xa2, 0x00,
    0x00, 0x00, 0x00, 0x2f, 0xe0, 0x00, 0x00, 0x00, 0x2f, 0xe0, 0x00, 0x00, 0x00, 0x2f, 0xe0, 0x00,
    0x6d, 0xeb, 0x3f, 0xe0, 0x07, 0xff, 0xbd, 0xdf, 0xe0, 0x0e, 0xf5, 0x00, 0xaf, 0xe0, 0x2f, 0xd0,
    0x00, 0x3f, 0xe0, 0x4f, 0xc0, 0x00, 0x2f, 0xe0, 0x3f, 0xe0, 0x00, 0x3f, 0xe0, 0x0e, 0xf5, 0x00,
    0xaf, 0xe0, 0x07, 0xff, 0xbd, 0xcf, 0xe0, 0x00, 0x6d, 0xeb, 0x2f, 0xe0, 0x00, 0x4b, 0xed, 0x91,
    0x00, 0x5f, 0xea, 0xbf, 0xd0, 0x0d, 0xf3, 0x00, 0xaf, 0x72, 0xfe, 0x66, 0x69, 0xfa, 0x4f, 0xff,
    0xff, 0xff, 0xc2, 0xfc, 0x00, 0x00, 0x00, 0x0d, 0xf3, 0x00, 0x59, 0x40, 0x5f, 0xfa, 0xbf, 0xf3,
    0x00, 0x4b, 0xee, 0xb3, 0x00, 0x00, 0x17, 0xa8, 0x00, 0x0c, 0xff, 0xc0, 0x02, 0xfe, 0x21, 0x00,
    0x4f, 0xc0, 0x00, 0xdf, 0xff, 0xfa, 0x08, 0xaf, 0xe9, 0x60, 0x04, 0xfc, 0x00, 0x00, 0x4f, 0xc0,
    0x00, 0x04, 0xfc, 0x00, 0x00, 0x4f, 0xc0, 0x00, 0x04, 0xfc, 0x00, 0x00, 0x4f, 0xc0, 0x00, 0x04,
    0xfc, 0x00, 0x00, 0x00, 0x6c, 0xeb, 0x2f, 0xe0, 0x06, 0xff, 0xbd, 0xcf, 0xe0, 0x0e, 0xf6, 0x00,
    0xaf, 0xe0, 0x2f, 0xe0, 0x00, 0x3f, 0xe0, 0x4f, 0xc0, 0x00, 0x2f, 0xe0, 0x3f, 0xd0, 0x00, 0x3f,
    0xe0, 0x1e, 0xf4, 0x00, 0x9f, 0xe0, 0x08, 0xff, 0xab, 0xdf, 0xe0, 0x00, 0x7d, 0xeb, 0x3f, 0xe0,
    0x00, 0x00, 0x00, 0x2f, 0xd0, 0x08, 0xe6, 0x13, 0xaf, 0x90, 0x04, 0xef, 0xff, 0xfc, 0x10, 0x00,
    0x16, 0x87, 0x40, 0x00, 0x0e, 0xf1, 0x00, 0x00, 0x00, 0x0e, 0xf1, 0x00, 0x00, 0x00, 0x0e, 0xf1,
    0x00, 0x00, 0x00, 0x0e, 0xf2, 0xae, 0xd6, 0x00, 0x0e, 0xfc, 0xdd, 0xff, 0x40, 0x0e, 0xf8, 0x00,
    0xbf, 0x90, 0x0e, 0xf2, 0x00, 0x6f, 0xb0, 0x0e, 0xf2, 0x00, 0x5f, 0xb0, 0x0e, 0xf2, 0x00, 0x5f,
    0xb0, 0x0e, 0xf2, 0x00, 0x5f, 0xb0, 0x0e, 0xf2, 0x00, 0x5f, 0xb0, 0x0e, 0xf2, 0x00, 0x5f, 0xb0,
    0x01, 0x10, 0x0d, 0xf2, 0x0b, 0xd1, 0x00, 0x00, 0x0e, 0xf2, 0x0e, 0xf2, 0x0e, 0xf2, 0x0e, 0xf2,
    0x0e, 0xf2, 0x0e, 0xf2, 0x0e, 0xf2, 0x0e, 0xf2, 0x0e, 0xf2, 0x00, 0x11, 0x00, 0x0d, 0xf2, 0x00,
    0xbd, 0x10, 0x00, 0x00, 0x00, 0xef, 0x20, 0x0e, 0xf2, 0x00, 0xef, 0x20, 0x0e, 0xf2, 0x00, 0xef,
    0x20, 0x0e, 0xf2, 0x00, 0xef, 0x20, 0x0e, 0xf2, 0x00, 0xef, 0x20, 0x1f, 0xf1, 0x3d, 0xfc, 0x05,
    0xeb, 0x20, 0x0e, 0xf2, 0x00, 0x00, 0x00, 0xef, 0x20, 0x00, 0x00, 0x0e, 0xf2, 0x00, 0x00, 0x00,
    0xef, 0x20, 0x2e, 0xf5, 0x0e, 0xf2, 0x1c, 0xf7, 0x00, 0xef, 0x2b, 0xf9, 0x00, 0x0e, 0xfb, 0xfb,
    0x00, 0x00, 0xef, 0xff, 0xc0, 0x00, 0x0e, 0xf9, 0xdf, 0x80, 0x00, 0xef, 0x23, 0xff, 0x40, 0x0e,
    0xf2, 0x08, 0xfd, 0x10, 0xef, 0x20, 0x0c, 0xf9, 0x0e, 0xf2, 0x0e, 0xf2, 0x0e, 0xf2, 0x0e, 0xf2,
    0x0e, 0xf2, 0x0e, 0xf2, 0x0e, 0xf2, 0x0e, 0xf2, 0x0e, 0xf2, 0x0e, 0xf2, 0x0e, 0xf2, 0x0e, 0xf2,
    0x0e, 0xf1, 0xae, 0xa1, 0x3a, 0xec, 0x30, 0x0e, 0xfb, 0xdf, 0xf9, 0xdd, 0xef, 0xe1, 0x0e, 0xf8,
    0x02, 0xff, 0x80, 0x1f, 0xf4, 0x0e, 0xf2, 0x00, 0xcf, 0x30, 0x0b, 0xf5, 0x0e, 0xf2, 0x00, 0xcf,
    0x30, 0x0b, 0xf5, 0x0e, 0xf2, 0x00, 0xcf, 0x30, 0x0b, 0xf5, 0x0e, 0xf2, 0x00, 0xcf, 0x30, 0x0b,
    0xf5, 0x0e, 0xf2, 0x00, 0xcf, 0x30, 0x0b, 0xf5, 0x0e, 0xf2, 0x00, 0xcf, 0x30, 0x0b, 0xf5, 0x0e,
    0xf1, 0xae, 0xd6, 0x00, 0x0e, 0xfb, 0xdd, 0xff, 0x40, 0x0e, 0xf8, 0x00, 0xbf, 0x90, 0x0e, 0xf2,
    0x00, 0x6f, 0xa0, 0x0e, 0xf2, 0x00, 0x5f, 0xb0, 0x0e, 0xf2, 0x00, 0x5f, 0xb0, 0x0e, 0xf2, 0x00,
    0x5f, 0xb0, 0x0e, 0xf2, 0x00, 0x5f, 0xb0, 0x0e, 0xf2, 0x00, 0x5f, 0xb0, 0x00, 0x4b, 0xed, 0xa2,
    0x00, 0x05, 0xff, 0xbc, 0xfe, 0x20, 0x0d, 0xf5, 0x00, 0x9f, 0x90, 0x2f, 0xe0, 0x00, 0x2f, 0xd0,
    0x4f, 0xc0, 0x00, 0x1f, 0xf0, 0x2f, 0xd0, 0x00, 0x2f, 0xd0, 0x0d, 0xf5, 0x00, 0x9f, 0xa0, 0x05,
    0xff, 0xbc, 0xfe, 0x20, 0x00, 0x4b, 0xed, 0xa2, 0x00, 0x0e, 0xf2, 0xbe, 0xc6, 0x00, 0x0e, 0xfc,
    0xdb, 0xff, 0x60, 0x0e, 0xfa, 0x00, 0x6f, 0xe0, 0x0e, 0xf3, 0x00, 0x0e, 0xf2, 0x0e, 0xf1, 0x00,
    0x0c, 0xf4, 0x0e, 0xf3, 0x00, 0x0e, 0xf2, 0x0e, 0xfa, 0x00, 0x6f, 0xe0, 0x0e, 0xfd, 0xdb, 0xff,
    0x60, 0x0e, 0xf3, 0xbe, 0xc6, 0x00, 0x0e, 0xf2, 0x00, 0x00, 0x00, 0x0e, 0xf2, 0x00, 0x00, 0x00,
    0x0e, 0xf2, 0x00, 0x00, 0x00, 0x01, 0x20, 0x00, 0x00, 0x00, 0x00, 0x6d, 0xeb, 0x3f, 0xe0, 0x07,
    0xff, 0xbd, 0xdf, 0xe0, 0x0e, 0xf5, 0x00, 0xaf, 0xe0, 0x3f, 0xd0, 0x00, 0x3f, 0xe0, 0x4f, 0xc0,
    0x00, 0x2f, 0xe0, 0x3f, 0xe0, 0x00, 0x3f, 0xe0, 0x0e, 0xf5, 0x00, 0xaf, 0xe0, 0x07, 0xff, 0xbd,
    0xdf, 0xe0, 0x00, 0x6d, 0xeb, 0x3f, 0xe0, 0x00, 0x00, 0x00, 0x2f, 0xe0, 0x00, 0x00, 0x00, 0x2f,
    0xe0, 0x00, 0x00, 0x00, 0x2f, 0xe0, 0x00, 0x00, 0x00, 0x02, 0x10, 0x0e, 0xf3, 0xbf, 0x00, 0xef,
    0xce, 0xd0, 0x0e, 0xf9, 0x00, 0x00, 0xef, 0x20, 0x00, 0x0e, 0xf2, 0x00, 0x00, 0xef, 0x20, 0x00,
    0x0e, 0xf2, 0x00, 0x00, 0xef, 0x20, 0x00, 0x0e, 0xf2, 0x00, 0x00, 0x01, 0x8d, 0xfd, 0x70, 0x00,
    0xbf, 0xc9, 0xdf, 0x80, 0x0f, 0xf1, 0x01, 0x85, 0x00, 0xdf, 0xb6, 0x30, 0x00, 0x03, 0xcf, 0xff,
    0xd4, 0x00, 0x00, 0x25, 0xbf, 0xe0, 0x29, 0xa0, 0x01, 0xff, 0x10, 0xdf, 0xc9, 0xdf, 0xa0, 0x02,
    0x9e, 0xfd, 0x81, 0x00, 0x01, 0x10, 0x00, 0x09, 0xf6, 0x00, 0x09, 0xf6, 0x00, 0xdf, 0xff, 0xf2,
    0x8d, 0xfb, 0x91, 0x09, 0xf6, 0x00, 0x09, 0xf6, 0x00, 0x09, 0xf6, 0x00, 0x09, 0xf6, 0x00, 0x09,
    0xf7, 0x00, 0x06, 0xfe, 0xb1, 0x00, 0x9e, 0xe3, 0x0e, 0xf2, 0x00, 0x5f, 0xb0, 0x0e, 0xf2, 0x00,
    0x5f, 0xb0, 0x0e, 0xf2, 0x00, 0x5f, 0xb0, 0x0e, 0xf2, 0x00, 0x5f, 0xb0, 0x0e, 0xf2, 0x00, 0x5f,
    0xb0, 0x0e, 0xf3, 0x00, 0x6f, 0xb0, 0x0c, 0xf8, 0x00, 0xbf, 0xb0, 0x07, 0xff, 0xcd, 0xbf, 0xb0,
    0x00, 0x8e, 0xd8, 0x3f, 0xb0, 0x8f, 0x90, 0x00, 0x3f, 0xe0, 0x2f, 0xe0, 0x00, 0x8f, 0x80, 0x0c,
    0xf4, 0x00, 0xdf, 0x30, 0x07, 0xf9, 0x03, 0xfc, 0x00, 0x01, 0xfe, 0x08, 0xf7, 0x00, 0x00, 0xbf,
    0x3c, 0xf2, 0x00, 0x00, 0x5f, 0x9f, 0xb0, 0x00, 0x00, 0x1e, 0xff, 0x60, 0x00, 0x00, 0x0a, 0xfe,
    0x10, 0x00, 0x8f, 0x90, 0x06, 0xfc, 0x00, 0x3f, 0xe0, 0x3f, 0xd0, 0x09, 0xff, 0x10, 0x7f, 0xa0,
    0x0e, 0xf1, 0x0d, 0xef, 0x40, 0xaf, 0x50, 0x0a, 0xf5, 0x2f, 0x7f, 0x80, 0xef, 0x10, 0x05, 0xf8,
    0x5f, 0x3c, 0xb2, 0xfc, 0x00, 0x01, 0xfc, 0x9e, 0x08, 0xf6, 0xf7, 0x00, 0x00, 0xce, 0xca, 0x04,
    0xfb, 0xf3, 0x00, 0x00, 0x7f, 0xf6, 0x00, 0xef, 0xe0, 0x00, 0x00, 0x3f, 0xf2, 0x00, 0xbf, 0x90,
    0x00, 0x2f, 0xe2, 0x01, 0xdf, 0x40, 0x8f, 0xa0, 0x8f, 0xa0, 0x00, 0xdf, 0x4e, 0xe1, 0x00, 0x04,
    0xfe, 0xf6, 0x00, 0x00, 0x0d, 0xfe, 0x00, 0x00, 0x06, 0xfd, 0xf7, 0x00, 0x01, 0xee, 0x2e, 0xf2,
    0x00, 0xaf, 0x70, 0x6f, 0xb0, 0x4f, 0xd0, 0x00, 0xcf, 0x60, 0x8f, 0x90, 0x00, 0x3f, 0xe0, 0x3f,
    0xe0, 0x00, 0x8f, 0x80, 0x0c, 0xf4, 0x00, 0xdf, 0x30, 0x07, 0xf9, 0x03, 0xfd, 0x00, 0x02, 0xfd,
    0x08, 0xf7, 0x00, 0x00, 0xbf, 0x3c, 0xf2, 0x00, 0x00, 0x6f, 0x8f, 0xc0, 0x00, 0x00, 0x1f, 0xef,
    0x60, 0x00, 0x00, 0x0a, 0xff, 0x10, 0x00, 0x00, 0x07, 0xfa, 0x00, 0x00, 0x01, 0x2c, 0xf5, 0x00,
    0x00, 0x0b, 0xff, 0xb0, 0x00, 0x00, 0x08, 0x96, 0x10, 0x00, 0x00, 0x0e, 0xff, 0xff, 0xfe, 0x00,
    0xab, 0xbb, 0xdf, 0xc0, 0x00, 0x00, 0x2e, 0xf3, 0x00, 0x00, 0x1c, 0xf6, 0x00, 0x00, 0x09, 0xfa,
    0x00, 0x00, 0x06, 0xfd, 0x10, 0x00, 0x03, 0xef, 0x30, 0x00, 0x00, 0xdf, 0xea, 0xaa, 0xa1, 0x1f,
    0xff, 0xff, 0xff, 0x10, 0x00, 0x00, 0x13, 0x20, 0x00, 0x5e, 0xf6, 0x00, 0x0e, 0xf7, 0x20, 0x02,
    0xfd, 0x00, 0x00, 0x3f, 0xb0, 0x00, 0x03, 0xfb, 0x00, 0x01, 0x9f, 0x80, 0x00, 0xef, 0xa1, 0x00,
    0x0d, 0xfb, 0x20, 0x00, 0x08, 0xf8, 0x00, 0x00, 0x3f, 0xb0, 0x00, 0x03, 0xfb, 0x00, 0x00, 0x1f,
    0xe0, 0x00, 0x00, 0xdf, 0xb4, 0x00, 0x02, 0xbe, 0x60, 0x00, 0x22, 0x00, 0x01, 0xfc, 0x00, 0x01,
    0xfc, 0x00, 0x01, 0xfc, 0x00, 0x01, 0xfc, 0x00, 0x01, 0xfc, 0x00, 0x01, 0xfc, 0x00, 0x01, 0xfc,
    0x00, 0x01, 0xfc, 0x00, 0x01, 0xfc, 0x00, 0x01, 0xfc, 0x00, 0x01, 0xfc, 0x00, 0x01, 0xfc, 0x00,
    0x01, 0xfc, 0x00, 0x01, 0xfc, 0x00, 0x01, 0xfc, 0x00, 0x01, 0xfc, 0x00, 0x01, 0xfc, 0x00, 0x01,
    0xfc, 0x00, 0x01, 0xfc, 0x00, 0x18, 0x50, 0x00, 0x02, 0xff, 0xc0, 0x00, 0x02, 0xdf, 0x40, 0x00,
    0x08, 0xf6, 0x00, 0x00, 0x7f, 0x70, 0x00, 0x06, 0xf7, 0x00, 0x00, 0x4f, 0xc2, 0x00, 0x00, 0x8e,
    0xf3, 0x00, 0x09, 0xfe, 0x20, 0x04, 0xfc, 0x00, 0x00, 0x7f, 0x70, 0x00, 0x07, 0xf7, 0x00, 0x00,
    0xaf, 0x50, 0x01, 0xaf, 0xf2, 0x00, 0x2e, 0xc5, 0x00, 0x00, 0x00, 0x00, 0x00, 0x00, 0x10, 0x00,
    0x1a, 0xec, 0x70, 0x4f, 0x70, 0x07, 0xfd, 0xef, 0xde, 0xf3, 0x00, 0xaf, 0x11, 0x9d, 0xe7, 0x00,
    0x01, 0x10, 0x00, 0x00, 0x00, 0x00, 0x00, 0x00, 0x00, 0x00, 0x00, 0x00, 0x00, 0x00, 0x00, 0x00,
    0x00, 0x01, 0xae, 0xc4, 0x00, 0xbe, 0x9c, 0xe1, 0x0f, 0x80, 0x3f, 0x50, 0xeb, 0x27, 0xf3, 0x05,
    0xff, 0xfa, 0x00, 0x02, 0x64, 0x00, 0x00, 0x00, 0x00, 0x00, 0x00, 0x00, 0x00, 0x00, 0x00, 0x00,
    0x00, 0x00, 0x00, 0x00, 0x00, 0x00, 0x00, 0x00, 0x00, 0x00, 0x00,
};
static const dash_glyph_t s_body_glyphs[96] = {
    {0, 0, 0, 0, 0, 4},
    {0, 5, 12, 0, 4, 5},
    {30, 8, 12, 0, 4, 8},
    {78, 11, 12, 0, 4, 10},
    {144, 10, 16, 0, 2, 10},
    {224, 16, 13, 0, 4, 16},
    {328, 11, 12, 0, 4, 11},
    {394, 5, 12, 0, 4, 5},
    {424, 6, 15, 0, 3, 6},
    {469, 6, 15, 0, 3, 6},
    {514, 9, 12, 0, 4, 9},
    {568, 11, 9, 0, 7, 11},
    {618, 5, 5, 0, 14, 5},
    {631, 7, 6, 0, 10, 7},
    {652, 5, 3, 0, 13, 5},
    {660, 6, 14, 0, 4, 6},
    {702, 11, 12, 0, 4, 11},
    {768, 7, 12, 0, 4, 7},
    {810, 10, 12, 0, 4, 10},
    {870, 10, 12, 0, 4, 10},
    {930, 11, 12, 0, 4, 11},
    {996, 10, 12, 0, 4, 10},
    {1056, 10, 12, 0, 4, 10},
    {1116, 9, 12, 0, 4, 9},
    {1170, 10, 12, 0, 4, 10},
    {1230, 10, 13, 0, 3, 10},
    {1295, 5, 9, 0, 7, 5},
    {1318, 5, 12, 0, 7, 5},
    {1348, 11, 9, 0, 7, 11},
    {1398, 11, 7, 0, 9, 11},
    {1437, 11, 9, 0, 7, 11},
    {1487, 9, 12, 0, 4, 9},
    {1541, 16, 15, 0, 4, 16},
    {1661, 12, 12, 0, 4, 12},
    {1733, 11, 12, 0, 4, 11},
    {1799, 12, 12, 0, 4, 12},
    {1871, 12, 12, 0, 4, 12},
    {1943, 10, 12, 0, 4, 10},
    {2003, 9, 12, 0, 4, 9},
    {2057, 12, 12, 0, 4, 12},
    {2129, 12, 12, 0, 4, 12},
    {2201, 4, 12, 0, 4, 4},
    {2225, 9, 12, 0, 4, 9},
    {2279, 11, 12, 0, 4, 11},
    {2345, 9, 12, 0, 4, 9},
    {2399, 15, 12, 0, 4, 15},
    {2489, 12, 12, 0, 4, 12},
    {2561, 12, 12, 0, 4, 12},
    {2633, 10, 12, 0, 4, 10},
    {2693, 12, 13, 0, 4, 12},
    {2771, 11, 12, 0, 4, 10},
    {2837, 10, 12, 0, 4, 10},
    {2897, 11, 12, 0, 4, 11},
    {2963, 12, 12, 0, 4, 12},
    {3035, 12, 12, 0, 4, 12},
    {3107, 16, 12, 0, 4, 16},
    {3203, 12, 12, 0, 4, 12},
    {3275, 12, 12, 0, 4, 11},
    {3347, 10, 12, 0, 4, 10},
    {3407, 6, 15, 0, 3, 6},
    {3452, 6, 14, 0, 4, 6},
    {3494, 6, 15, 0, 3, 6},
    {3539, 8, 12, 0, 4, 8},
    {3587, 8, 2, 0, 16, 8},
    {3595, 6, 13, 0, 3, 6},
    {3634, 9, 9, 0, 7, 9},
    {3675, 10, 12, 0, 4, 10},
    {3735, 9, 9, 0, 7, 9},
    {3776, 10, 12, 0, 4, 10},
    {3836, 9, 9, 0, 7, 9},
    {3877, 7, 13, 0, 3, 6},
    {3923, 10, 13, 0, 7, 10},
    {3988, 10, 12, 0, 4, 10},
    {4048, 4, 13, 0, 3, 4},
    {4074, 5, 16, -1, 3, 4},
    {4114, 9, 12, 0, 4, 9},
    {4168, 4, 12, 0, 4, 4},
    {4192, 14, 9, 0, 7, 14},
    {4255, 10, 9, 0, 7, 10},
    {4300, 10, 9, 0, 7, 10},
    {4345, 10, 13, 0, 7, 10},
    {4410, 10, 13, 0, 7, 10},
    {4475, 7, 9, 0, 7, 6},
    {4507, 9, 9, 0, 7, 9},
    {4548, 6, 12, 0, 4, 6},
    {4584, 10, 9, 0, 7, 10},
    {4629, 10, 9, 0, 7, 9},
    {4674, 14, 9, 0, 7, 13},
    {4737, 9, 9, 0, 7, 9},
    {4778, 10, 13, 0, 7, 9},
    {4843, 9, 9, 0, 7, 9},
    {4884, 7, 15, 0, 3, 7},
    {4937, 6, 20, 0, 0, 6},
    {4997, 7, 15, 0, 3, 7},
    {5050, 11, 7, 0, 9, 11},
    {5089, 7, 12, 0, 4, 7},
};
const dash_font_t dash_font_body = {s_body_bits, s_body_glyphs, 20, 16};

static const uint8_t s_large_bits[] = {
    0x00, 0xff, 0xf0, 0x00, 0x0f, 0xff, 0x00, 0x00, 0xef, 0xf0, 0x00, 0x0e, 0xff, 0x00, 0x00, 0xef,
    0xe0, 0x00, 0x0e, 0xfe, 0x00, 0x00, 0xdf, 0xe0, 0x00, 0x0d, 0xfe, 0x00, 0x00, 0xdf, 0xd0, 0x00,
    0x0d, 0xfd, 0x00, 0x00, 0xac, 0xa0, 0x00, 0x00, 0x00, 0x00, 0x00, 0x14, 0x10, 0x00, 0x0d, 0xfe,
    0x00, 0x02, 0xff, 0xf2, 0x00, 0x08, 0xe9, 0x00, 0x00, 0xcf, 0xe0, 0x7f, 0xf4, 0x00, 0x00, 0xbf,
    0xd0, 0x6f, 0xf3, 0x00, 0x00, 0xaf, 0xd0, 0x5f, 0xf3, 0x00, 0x00, 0xaf, 0xc0, 0x5f, 0xf2, 0x00,
    0x00, 0x9f, 0xb0, 0x4f, 0xf1, 0x00, 0x00, 0x8f, 0xb0, 0x3f, 0xf1, 0x00, 0x00, 0x47, 0x50, 0x17,
    0x70, 0x00, 0x00, 0x00, 0x00, 0x00, 0x00, 0x00, 0x00, 0x00, 0x00, 0x00, 0x00, 0x00, 0x00, 0x00,
    0x00, 0x00, 0x00, 0x00, 0x00, 0x00, 0x00, 0x00, 0x00, 0x00, 0x00, 0x00, 0x00, 0x00, 0x00, 0x00,
    0x00, 0x00, 0x00, 0x00, 0x00, 0x00, 0x00, 0x00, 0x00, 0x00, 0x00, 0x00, 0x00, 0x00, 0x00, 0x00,
    0x00, 0x00, 0x00, 0x00, 0x00, 0x00, 0x00, 0x00, 0x00, 0x00, 0x9f, 0x80, 0x00, 0xff, 0x30, 0x00,
    0x00, 0xcf, 0x60, 0x02, 0xff, 0x10, 0x00, 0x00, 0xef, 0x30, 0x05, 0xfd, 0x00, 0x00, 0x02, 0xff,
    0x10, 0x07, 0xfa, 0x00, 0x08, 0xff, 0xff, 0xff, 0xff, 0xff, 0xfc, 0x0a, 0xff, 0xff, 0xff, 0xff,
    0xff, 0xf9, 0x02, 0x3a, 0xfa, 0x33, 0x3f, 0xf5, 0x31, 0x00, 0x0b, 0xf6, 0x00, 0x2f, 0xf1, 0x00,
    0x00, 0x0e, 0xf4, 0x00, 0x4f, 0xd0, 0x00, 0x12, 0x3f, 0xf4, 0x22, 0x8f, 0xc2, 0x20, 0x7f, 0xff,
    0xff, 0xff, 0xff, 0xff, 0xd0, 0xaf, 0xff, 0xff, 0xff, 0xff, 0xff, 0xa0, 0x00, 0x8f, 0x90, 0x00,
    0xef, 0x40, 0x00, 0x00, 0xbf, 0x70, 0x01, 0xff, 0x10, 0x00, 0x00, 0xdf, 0x40, 0x04, 0xfe, 0x00,
    0x00, 0x01, 0xff, 0x20, 0x06, 0xfb, 0x00, 0x00, 0x00, 0x00, 0x00, 0x00, 0x00, 0x00, 0x00, 0x00,
    0x00, 0x00, 0x7d, 0x00, 0x00, 0x00, 0x00, 0x00, 0x00, 0x7d, 0x00, 0x00, 0x00, 0x00, 0x01, 0x7b,
    0xef, 0xda, 0x40, 0x00, 0x00, 0x3d, 0xff, 0xff, 0xff, 0xf9, 0x00, 0x01, 0xdf, 0xfd, 0xbe, 0xaf,
    0xff, 0x70, 0x05, 0xff, 0xa0, 0x7d, 0x02, 0xff, 0xc0, 0x07, 0xff, 0x60, 0x7d, 0x00, 0x67, 0x70,
    0x06, 0xff, 0xc1, 0x7d, 0x00, 0x00, 0x00, 0x01, 0xdf, 0xff, 0xcd, 0x10, 0x00, 0x00, 0x00, 0x3d,
    0xff, 0xff, 0xfc, 0x60, 0x00, 0x00, 0x00, 0x5a, 0xef, 0xff, 0xfc, 0x10, 0x00, 0x00, 0x00, 0x7e,
    0x8e, 0xff, 0xb0, 0x00, 0x00, 0x00, 0x7d, 0x01, 0xdf, 0xf1, 0x0b, 0xcb, 0x00, 0x7d, 0x00, 0xaf,
    0xf3, 0x0a, 0xff, 0x60, 0x7d, 0x02, 0xef, 0xf1, 0x04, 0xff, 0xfc, 0xbe, 0x8e, 0xff, 0xa0, 0x00,
    0x7f, 0xff, 0xff, 0xff, 0xfc, 0x10, 0x00, 0x02, 0x9c, 0xff, 0xda, 0x60, 0x00, 0x00, 0x00, 0x00,
    0x7d, 0x00, 0x00, 0x00, 0x00, 0x00, 0x00, 0x7d, 0x00, 0x00, 0x00, 0x00, 0x05, 0xce, 0xc5, 0x00,
    0x00, 0x00, 0x1d, 0xf3, 0x00, 0x00, 0x00, 0x4f, 0xfd, 0xff, 0x50, 0x00, 0x00, 0x9f, 0x70, 0x00,
    0x00, 0x00, 0xaf, 0x70, 0x6f, 0xb0, 0x00, 0x04, 0xfc, 0x00, 0x00, 0x00, 0x00, 0xdf, 0x30, 0x3f,
    0xd0, 0x00, 0x1e, 0xe2, 0x00, 0x00, 0x00, 0x00, 0xcf, 0x40, 0x3f, 0xd0, 0x00, 0xaf, 0x60, 0x00,
    0x00, 0x00, 0x00, 0xaf, 0x91, 0x8f, 0xa0, 0x05, 0xfb, 0x00, 0x00, 0x00, 0x00, 0x00, 0x3e, 0xff,
    0xff, 0x30, 0x2e, 0xe2, 0x00, 0x00, 0x00, 0x00, 0x00, 0x02, 0x9b, 0x93, 0x00, 0xbf, 0x60, 0x00,
    0x00, 0x00, 0x00, 0x00, 0x00, 0x00, 0x00, 0x06, 0xfa, 0x00, 0x00, 0x00, 0x00, 0x00, 0x00, 0x00,
    0x00, 0x00, 0x2e, 0xe1, 0x00, 0x5c, 0xec, 0x60, 0x00, 0x00, 0x00, 0x00, 0x00, 0xcf, 0x50, 0x04,
    0xff, 0xdf, 0xf6, 0x00, 0x00, 0x00, 0x00, 0x07, 0xf9, 0x00, 0x0a, 0xf7, 0x05, 0xfc, 0x00, 0x00,
    0x00, 0x00, 0x3f, 0xd1, 0x00, 0x0c, 0xf3, 0x02, 0xfe, 0x00, 0x00, 0x00, 0x00, 0xcf, 0x40, 0x00,
    0x0a, 0xf7, 0x05, 0xfc, 0x00, 0x00, 0x00, 0x08, 0xf8, 0x00, 0x00, 0x04, 0xff, 0xdf, 0xf6, 0x00,
    0x00, 0x00, 0x3f, 0xd0, 0x00, 0x00, 0x00, 0x5c, 0xec, 0x60, 0x00, 0x00, 0x01, 0x8c, 0xec, 0x81,
    0x00, 0x00, 0x00, 0x00, 0xcf, 0xff, 0xff, 0xb0, 0x00, 0x00, 0x00, 0x6f, 0xfb, 0x6a, 0xff, 0x50,
    0x00, 0x00, 0x09, 0xfe, 0x10, 0x0e, 0xf8, 0x00, 0x00, 0x00, 0x8f, 0xe0, 0x02, 0xff, 0x60, 0x00,
    0x00, 0x05, 0xff, 0x73, 0xdf, 0xe1, 0x00, 0x00, 0x00, 0x0c, 0xff, 0xff, 0xe3, 0x00, 0x00, 0x00,
    0x00, 0x4f, 0xff, 0xd3, 0x00, 0x00, 0x00, 0x00, 0x5e, 0xff, 0xfc, 0x10, 0x06, 0x62, 0x00, 0x4f,
    0xfd, 0x6f, 0xfb, 0x01, 0xff, 0x50, 0x0c, 0xff, 0x20, 0x6f, 0xf9, 0x5f, 0xf2, 0x00, 0xff, 0xc0,
    0x00, 0x7f, 0xfe, 0xfe, 0x00, 0x0d, 0xfe, 0x10, 0x00, 0x9f, 0xff, 0x70, 0x00, 0x8f, 0xfc, 0x65,
    0x8e, 0xff, 0xf4, 0x00, 0x00, 0xbf, 0xff, 0xff, 0xfe, 0xdf, 0xe2, 0x00, 0x00, 0x6b, 0xde, 0xc9,
    0x12, 0xef, 0xd1, 0x00, 0xcf, 0xe0, 0x00, 0x0b, 0xfd, 0x00, 0x00, 0xaf, 0xd0, 0x00, 0x0a, 0xfc,
    0x00, 0x00, 0x9f, 0xb0, 0x00, 0x08, 0xfb, 0x00, 0x00, 0x47, 0x50, 0x00, 0x00, 0x00, 0x00, 0x00,
    0x00, 0x00, 0x00, 0x00, 0x00, 0x00, 0x00, 0x00, 0x00, 0x00, 0x00, 0x00, 0x00, 0x00, 0x00, 0x00,
    0x00, 0x00, 0x00, 0x00, 0x00, 0x00, 0x00, 0x00, 0x00, 0x00, 0x00, 0x00, 0x00, 0x7f, 0xf3, 0x00,
    0x01, 0xef, 0xc0, 0x00, 0x06, 0xff, 0x60, 0x00, 0x0c, 0xff, 0x10, 0x00, 0x2f, 0xfb, 0x00, 0x00,
    0x5f, 0xf7, 0x00, 0x00, 0x8f, 0xf4, 0x00, 0x00, 0xbf, 0xf1, 0x00, 0x00, 0xdf, 0xf0, 0x00, 0x00,
    0xef, 0xd0, 0x00, 0x00, 0xff, 0xd0, 0x00, 0x00, 0xef, 0xd0, 0x00, 0x00, 0xdf, 0xf0, 0x00, 0x00,
    0xbf, 0xf2, 0x00, 0x00, 0x7f, 0xf6, 0x00, 0x00, 0x4f, 0xfa, 0x00, 0x00, 0x0d, 0xfe, 0x00, 0x00,
    0x08, 0xff, 0x50, 0x00, 0x01, 0xef, 0xb0, 0x00, 0x00, 0x7f, 0xf2, 0x1e, 0xfa, 0x00, 0x00, 0x09,
    0xff, 0x30, 0x00, 0x03, 0xff, 0x90, 0x00, 0x00, 0xdf, 0xe0, 0x00, 0x00, 0x8f, 0xf4, 0x00, 0x00,
    0x4f, 0xf8, 0x00, 0x00, 0x1f, 0xfb, 0x00, 0x00, 0x0e, 0xfe, 0x00, 0x00, 0x0c, 0xff, 0x10, 0x00,
    0x0b, 0xff, 0x20, 0x00, 0x0a, 0xff, 0x30, 0x00, 0x0b, 0xff, 0x20, 0x00, 0x0c, 0xff, 0x10, 0x00,
    0x0e, 0xfd, 0x00, 0x00, 0x3f, 0xfa, 0x00, 0x00, 0x7f, 0xf6, 0x00, 0x00, 0xcf, 0xf1, 0x00, 0x02,
    0xff, 0xa0, 0x00, 0x08, 0xff, 0x30, 0x00, 0x1e, 0xfa, 0x00, 0x00, 0x00, 0x00, 0x0f, 0xd0, 0x00,
    0x00, 0x00, 0x51, 0x0e, 0xc0, 0x14, 0x00, 0x02, 0xfd, 0x4d, 0xb5, 0xee, 0x10, 0x01, 0x9f, 0xff,
    0xff, 0xe8, 0x10, 0x00, 0x03, 0xef, 0xfd, 0x20, 0x00, 0x01, 0x8e, 0xff, 0xff, 0xe7, 0x10, 0x02,
    0xfd, 0x4d, 0xb6, 0xee, 0x10, 0x00, 0x51, 0x0e, 0xc0, 0x14, 0x00, 0x00, 0x00, 0x0f, 0xd0, 0x00,
    0x00, 0x00, 0x00, 0x00, 0x00, 0x00, 0x00, 0x00, 0x00, 0x00, 0x00, 0x00, 0x00, 0x00, 0x00, 0x00,
    0x00, 0x00, 0x00, 0x00, 0x00, 0x00, 0x00, 0x00, 0x00, 0x00, 0x00, 0x00, 0x00, 0x00, 0x00, 0x00,
    0x00, 0x00, 0x00, 0x00, 0x00, 0x00, 0x00, 0x00, 0x00, 0x00, 0x00, 0x00, 0x00, 0x00, 0x68, 0x50,
    0x00, 0x00, 0x00, 0x00, 0x00, 0x0c, 0xf9, 0x00, 0x00, 0x00, 0x00, 0x00, 0x00, 0xcf, 0x90, 0x00,
    0x00, 0x00, 0x00, 0x00, 0x0c, 0xf9, 0x00, 0x00, 0x00, 0x00, 0x44, 0x44, 0xdf, 0xb4, 0x44, 0x30,
    0x00, 0x0f, 0xff, 0xff, 0xff, 0xff, 0xfc, 0x00, 0x00, 0xff, 0xff, 0xff, 0xff, 0xff, 0xc0, 0x00,
    0x00, 0x00, 0x0c, 0xf9, 0x00, 0x00, 0x00, 0x00, 0x00, 0x00, 0xcf, 0x90, 0x00, 0x00, 0x00, 0x00,
    0x00, 0x0c, 0xf9, 0x00, 0x00, 0x00, 0x00, 0x00, 0x00, 0xcf, 0x90, 0x00, 0x00, 0x00, 0x00, 0x00,
    0x03, 0x42, 0x00, 0x00, 0x00, 0x00, 0x67, 0x70, 0x00, 0x0d, 0xfd, 0x00, 0x01, 0xff, 0x90, 0x00,
    0x3f, 0xf4, 0x00, 0x05, 0xfe, 0x00, 0x00, 0x7f, 0xa0, 0x00, 0x09, 0xf6, 0x00, 0x00, 0x07, 0xff,
    0xff, 0xff, 0xb0, 0x07, 0xff, 0xff, 0xff, 0xb0, 0x02, 0x55, 0x55, 0x55, 0x30, 0x00, 0x00, 0x00,
    0x00, 0x00, 0x00, 0x00, 0x00, 0x00, 0x00, 0x00, 0x00, 0x00, 0x00, 0x00, 0x00, 0x00, 0x00, 0x00,
    0x00, 0x00, 0x00, 0x00, 0x00, 0x00, 0x00, 0x15, 0x10, 0x00, 0x0d, 0xfd, 0x00, 0x02, 0xff, 0xf2,
    0x00, 0x08, 0xe8, 0x00, 0x00, 0x00, 0x09, 0xfc, 0x00, 0x00, 0x0d, 0xf8, 0x00, 0x00, 0x2f, 0xf4,
    0x00, 0x00, 0x6f, 0xf1, 0x00, 0x00, 0xaf, 0xb0, 0x00, 0x00, 0xef, 0x70, 0x00, 0x03, 0xff, 0x30,
    0x00, 0x08, 0xfe, 0x00, 0x00, 0x0c, 0xfa, 0x00, 0x00, 0x1f, 0xf6, 0x00, 0x00, 0x5f, 0xf2, 0x00,
    0x00, 0x9f, 0xd0, 0x00, 0x00, 0xdf, 0x90, 0x00, 0x02, 0xff, 0x50, 0x00, 0x06, 0xff, 0x10, 0x00,
    0x0a, 0xfc, 0x00, 0x00, 0x0e, 0xf8, 0x00, 0x00, 0x3f, 0xf4, 0x00, 0x00, 0x7f, 0xe0, 0x00, 0x00,
    0x23, 0x20, 0x00, 0x00, 0x00, 0x00, 0x5b, 0xef, 0xd8, 0x10, 0x00, 0x00, 0x00, 0xaf, 0xff, 0xff,
    0xfe, 0x30, 0x00, 0x00, 0x7f, 0xfe, 0x97, 0xcf, 0xfe, 0x10, 0x00, 0x0e, 0xfe, 0x30, 0x00, 0xaf,
    0xf6, 0x00, 0x06, 0xff, 0x90, 0x00, 0x02, 0xff, 0xd0, 0x00, 0x9f, 0xf4, 0x00, 0x00, 0x0c, 0xff,
    0x10, 0x0b, 0xff, 0x20, 0x00, 0x00, 0x9f, 0xf3, 0x00, 0xdf, 0xf0, 0x00, 0x00, 0x08, 0xff, 0x50,
    0x0d, 0xff, 0x00, 0x00, 0x00, 0x8f, 0xf5, 0x00, 0xbf, 0xf2, 0x00, 0x00, 0x09, 0xff, 0x30, 0x09,
    0xff, 0x40, 0x00, 0x00, 0xbf, 0xf1, 0x00, 0x6f, 0xf9, 0x00, 0x00, 0x2f, 0xfd, 0x00, 0x01, 0xef,
    0xe3, 0x00, 0x0a, 0xff, 0x70, 0x00, 0x07, 0xff, 0xe9, 0x7c, 0xff, 0xe1, 0x00, 0x00, 0x08, 0xff,
    0xff, 0xff, 0xd2, 0x00, 0x00, 0x00, 0x05, 0xbe, 0xfd, 0x91, 0x00, 0x00, 0x00, 0x04, 0xef, 0xfa,
    0x00, 0x08, 0xff, 0xff, 0xa0, 0x0c, 0xff, 0xcf, 0xfa, 0x00, 0xff, 0x72, 0xff, 0xa0, 0x0d, 0x30,
    0x2f, 0xfa, 0x00, 0x10, 0x02, 0xff, 0xa0, 0x00, 0x00, 0x2f, 0xfa, 0x00, 0x00, 0x02, 0xff, 0xa0,
    0x00, 0x00, 0x2f, 0xfa, 0x00, 0x00, 0x02, 0xff, 0xa0, 0x00, 0x00, 0x2f, 0xfa, 0x00, 0x00, 0x02,
    0xff, 0xa0, 0x00, 0x00, 0x2f, 0xfa, 0x00, 0x00, 0x02, 0xff, 0xa0, 0x00, 0x00, 0x2f, 0xfa, 0x00,
    0x00, 0x02, 0xff, 0xa0, 0x00, 0x01, 0x8c, 0xed, 0xb5, 0x00, 0x00, 0x00, 0x4e, 0xff, 0xff, 0xff,
    0xb0, 0x00, 0x01, 0xdf, 0xfa, 0x67, 0xdf, 0xf8, 0x00, 0x06, 0xff, 0x80, 0x00, 0x1e, 0xfe, 0x00,
    0x08, 0xff, 0x20, 0x00, 0x0a, 0xff, 0x10, 0x00, 0x00, 0x00, 0x00, 0x0c, 0xff, 0x00, 0x00, 0x00,
    0x00, 0x00, 0x3f, 0xfa, 0x00, 0x00, 0x00, 0x00, 0x02, 0xdf, 0xe2, 0x00, 0x00, 0x00, 0x00, 0x1d,
    0xff, 0x50, 0x00, 0x00, 0x00, 0x02, 0xdf, 0xf6, 0x00, 0x00, 0x00, 0x00, 0x2d, 0xff, 0x60, 0x00,
    0x00, 0x00, 0x02, 0xdf, 0xf6, 0x00, 0x00, 0x00, 0x00, 0x3e, 0xff, 0x60, 0x00, 0x00, 0x00, 0x03,
    0xef, 0xfb, 0x66, 0x66, 0x66, 0x20, 0x08, 0xff, 0xff, 0xff, 0xff, 0xff, 0x60, 0x08, 0xff, 0xff,
    0xff, 0xff, 0xff, 0x60, 0x00, 0x01, 0x7b, 0xee, 0xb7, 0x00, 0x00, 0x00, 0x2e, 0xff, 0xff, 0xff,
    0xd2, 0x00, 0x01, 0xdf, 0xfb, 0x66, 0xbf, 0xfb, 0x00, 0x04, 0xff, 0x90, 0x00, 0x0c, 0xff, 0x20,
    0x03, 0x77, 0x20, 0x00, 0x08, 0xff, 0x40, 0x00, 0x00, 0x00, 0x00, 0x0c, 0xff, 0x10, 0x00, 0x00,
    0x02, 0x35, 0xbf, 0xf7, 0x00, 0x00, 0x00, 0x0b, 0xff, 0xfc, 0x50, 0x00, 0x00, 0x00, 0x0b, 0xff,
    0xff, 0xc4, 0x00, 0x00, 0x00, 0x00, 0x02, 0x6e, 0xff, 0x40, 0x00, 0x00, 0x00, 0x00, 0x05, 0xff,
    0xb0, 0x05, 0x66, 0x10, 0x00, 0x02, 0xff, 0xd0, 0x09, 0xff, 0x70, 0x00, 0x08, 0xff, 0xa0, 0x04,
    0xff, 0xfb, 0x77, 0xbf, 0xff, 0x40, 0x00, 0x6f, 0xff, 0xff, 0xff, 0xf6, 0x00, 0x00, 0x02, 0x9c,
    0xee, 0xc8, 0x20, 0x00, 0x00, 0x00, 0x00, 0x06, 0xff, 0xf8, 0x00, 0x00, 0x00, 0x00, 0x01, 0xef,
    0xff, 0x80, 0x00, 0x00, 0x00, 0x00, 0xaf, 0xff, 0xf8, 0x00, 0x00, 0x00, 0x00, 0x4f, 0xfb, 0xff,
    0x80, 0x00, 0x00, 0x00, 0x1d, 0xfd, 0x3f, 0xf8, 0x00, 0x00, 0x00, 0x08, 0xff, 0x43, 0xff, 0x80,
    0x00, 0x00, 0x03, 0xff, 0x90, 0x3f, 0xf8, 0x00, 0x00, 0x00, 0xcf, 0xe1, 0x03, 0xff, 0x80, 0x00,
    0x00, 0x7f, 0xf5, 0x00, 0x3f, 0xf8, 0x00, 0x00, 0x2e, 0xfb, 0x00, 0x03, 0xff, 0x80, 0x00, 0x0a,
    0xff, 0x75, 0x55, 0x7f, 0xfa, 0x53, 0x00, 0xdf, 0xff, 0xff, 0xff, 0xff, 0xff, 0x90, 0x0d, 0xff,
    0xff, 0xff, 0xff, 0xff, 0xf9, 0x00, 0x00, 0x00, 0x00, 0x03, 0xff, 0x80, 0x00, 0x00, 0x00, 0x00,
    0x00, 0x3f, 0xf8, 0x00, 0x00, 0x00, 0x00, 0x00, 0x03, 0xff, 0x80, 0x00, 0x00, 0x7f, 0xff, 0xff,
    0xff, 0xfd, 0x00, 0x00, 0x8f, 0xff, 0xff, 0xff, 0xfd, 0x00, 0x00, 0xaf, 0xf6, 0x66, 0x66, 0x65,
    0x00, 0x00, 0xbf, 0xd0, 0x00, 0x00, 0x00, 0x00, 0x00, 0xdf, 0xb0, 0x00, 0x00, 0x00, 0x00, 0x00,
    0xff, 0x96, 0xce, 0xc9, 0x20, 0x00, 0x01, 0xff, 0xef, 0xff, 0xff, 0xe4, 0x00, 0x02, 0xef, 0xf9,
    0x55, 0xbf, 0xfd, 0x00, 0x00, 0x02, 0x20, 0x00, 0x0b, 0xff, 0x60, 0x00, 0x00, 0x00, 0x00, 0x04,
    0xff, 0x80, 0x00, 0x00, 0x00, 0x00, 0x02, 0xff, 0xa0, 0x04, 0x99, 0x30, 0x00, 0x04, 0xff, 0x80,
    0x04, 0xff, 0xa0, 0x00, 0x0b, 0xff, 0x50, 0x00, 0xcf, 0xfb, 0x66, 0xcf, 0xfb, 0x00, 0x00, 0x2d,
    0xff, 0xff, 0xff, 0xc2, 0x00, 0x00, 0x01, 0x7c, 0xee, 0xb7, 0x00, 0x00, 0x00, 0x00, 0x3a, 0xee,
    0xc9, 0x10, 0x00, 0x00, 0x07, 0xff, 0xff, 0xff, 0xe4, 0x00, 0x00, 0x4f, 0xff, 0xb8, 0xbf, 0xfe,
    0x20, 0x00, 0xbf, 0xf4, 0x00, 0x0a, 0xff, 0x70, 0x03, 0xff, 0x90, 0x00, 0x01, 0x99, 0x60, 0x08,
    0xff, 0x30, 0x02, 0x10, 0x00, 0x00, 0x0a, 0xff, 0x17, 0xef, 0xfd, 0x70, 0x00, 0x0b, 0xfe, 0x9f,
    0xff, 0xff, 0xfa, 0x00, 0x0d, 0xff, 0xf9, 0x21, 0x5d, 0xff, 0x50, 0x0d, 0xff, 0xa0, 0x00, 0x03,
    0xff, 0xb0, 0x0b, 0xff, 0x40, 0x00, 0x00, 0xef, 0xd0, 0x08, 0xff, 0x50, 0x00, 0x00, 0xef, 0xc0,
    0x03, 0xff, 0xc0, 0x00, 0x07, 0xff, 0x90, 0x00, 0xaf, 0xfd, 0x76, 0xaf, 0xfe, 0x20, 0x00, 0x1a,
    0xff, 0xff, 0xff, 0xe4, 0x00, 0x00, 0x00, 0x5b, 0xde, 0xc8, 0x10, 0x00, 0x2f, 0xff, 0xff, 0xff,
    0xff, 0xfc, 0x02, 0xff, 0xff, 0xff, 0xff, 0xff, 0xc0, 0x16, 0x66, 0x66, 0x66, 0x9f, 0xfb, 0x00,
    0x00, 0x00, 0x00, 0x0b, 0xff, 0x40, 0x00, 0x00, 0x00, 0x03, 0xff, 0xb0, 0x00, 0x00, 0x00, 0x00,
    0xbf, 0xf4, 0x00, 0x00, 0x00, 0x00, 0x3f, 0xfb, 0x00, 0x00, 0x00, 0x00, 0x0b, 0xff, 0x40, 0x00,
    0x00, 0x00, 0x03, 0xff, 0xb0, 0x00, 0x00, 0x00, 0x00, 0xbf, 0xf4, 0x00, 0x00, 0x00, 0x00, 0x4f,
    0xfb, 0x00, 0x00, 0x00, 0x00, 0x0b, 0xff, 0x40, 0x00, 0x00, 0x00, 0x04, 0xff, 0xb0, 0x00, 0x00,
    0x00, 0x00, 0xbf, 0xf3, 0x00, 0x00, 0x00, 0x00, 0x4f, 0xfb, 0x00, 0x00, 0x00, 0x00, 0x0b, 0xff,
    0x30, 0x00, 0x00, 0x00, 0x00, 0x01, 0x7c, 0xee, 0xc7, 0x10, 0x00, 0x00, 0x2d, 0xff, 0xff, 0xff,
    0xe2, 0x00, 0x00, 0xcf, 0xfb, 0x55, 0xaf, 0xfd, 0x00, 0x02, 0xff, 0xc0, 0x00, 0x0b, 0xff, 0x30,
    0x04, 0xff, 0x80, 0x00, 0x07, 0xff, 0x50, 0x01, 0xff, 0xb0, 0x00, 0x0a, 0xff, 0x20, 0x00, 0x7f,
    0xf9, 0x43, 0x9f, 0xf8, 0x00, 0x00, 0x05, 0xdf, 0xff, 0xfe, 0x60, 0x00, 0x00, 0x3c, 0xff, 0xff,
    0xff, 0xd4, 0x00, 0x03, 0xff, 0xe6, 0x11, 0x5e, 0xff, 0x30, 0x0a, 0xff, 0x50, 0x00, 0x04, 0xff,
    0xb0, 0x0d, 0xff, 0x20, 0x00, 0x01, 0xff, 0xe0, 0x0a, 0xff, 0x60, 0x00, 0x05, 0xff, 0xb0, 0x05,
    0xff, 0xe8, 0x44, 0x8e, 0xff, 0x50, 0x00, 0x7f, 0xff, 0xff, 0xff, 0xf7, 0x00, 0x00, 0x02, 0x9c,
    0xee, 0xc9, 0x20, 0x00, 0x00, 0x00, 0x00, 0x00, 0x00, 0x00, 0x00, 0x00, 0x01, 0x8b, 0xed, 0xb5,
    0x00, 0x00, 0x00, 0x4e, 0xff, 0xff, 0xff, 0xb1, 0x00, 0x01, 0xef, 0xfb, 0x67, 0xcf, 0xfb, 0x00,
    0x08, 0xff, 0x80, 0x00, 0x0b, 0xff, 0x40, 0x0b, 0xff, 0x10, 0x00, 0x04, 0xff, 0x90, 0x0d, 0xfe,
    0x00, 0x00, 0x03, 0xff, 0xc0, 0x0a, 0xff, 0x40, 0x00, 0x08, 0xff, 0xd0, 0x05, 0xff, 0xe5, 0x12,
    0x8f, 0xff, 0xe0, 0x00, 0x9f, 0xff, 0xff, 0xf8, 0xdf, 0xc0, 0x00, 0x06, 0xdf, 0xfe, 0x70, 0xff,
    0xa0, 0x00, 0x00, 0x01, 0x20, 0x02, 0xff, 0x90, 0x06, 0x99, 0x20, 0x00, 0x08, 0xff, 0x40, 0x06,
    0xff, 0xb0, 0x00, 0x3e, 0xfc, 0x00, 0x01, 0xdf, 0xfc, 0x8a, 0xef, 0xf5, 0x00, 0x00, 0x3e, 0xff,
    0xff, 0xff, 0x80, 0x00, 0x00, 0x01, 0x8c, 0xee, 0xa4, 0x00, 0x00, 0x00, 0x38, 0x30, 0x00, 0x1e,
    0xfe, 0x10, 0x01, 0xff, 0xf1, 0x00, 0x05, 0xa5, 0x00, 0x00, 0x00, 0x00, 0x00, 0x00, 0x00, 0x00,
    0x00, 0x00, 0x00, 0x00, 0x00, 0x00, 0x00, 0x00, 0x15, 0x10, 0x00, 0x0d, 0xfd, 0x00, 0x02, 0xff,
    0xf2, 0x00, 0x08, 0xe8, 0x00, 0x00, 0x17, 0x40, 0x00, 0x0c, 0xff, 0x30, 0x00, 0xef, 0xf5, 0x00,
    0x04, 0xb8, 0x00, 0x00, 0x00, 0x00, 0x00, 0x00, 0x00, 0x00, 0x00, 0x00, 0x00, 0x00, 0x00, 0x00,
    0x00, 0x00, 0x00, 0x00, 0x00, 0x06, 0x77, 0x00, 0x00, 0xdf, 0xd0, 0x00, 0x1f, 0xf9, 0x00, 0x03,
    0xff, 0x40, 0x00, 0x5f, 0xe0, 0x00, 0x07, 0xfa, 0x00, 0x00, 0x9f, 0x60, 0x00, 0x00, 0x00, 0x00,
    0x00, 0x00, 0x00, 0x00, 0x00, 0x00, 0x00, 0x00, 0x00, 0x03, 0xa7, 0x00, 0x00, 0x00, 0x00, 0x00,
    0x4b, 0xff, 0x70, 0x00, 0x00, 0x00, 0x05, 0xcf, 0xff, 0xf6, 0x00, 0x00, 0x00, 0x6d, 0xff, 0xfe,
    0x81, 0x00, 0x00, 0x17, 0xef, 0xff, 0xc6, 0x00, 0x00, 0x00, 0x03, 0xff, 0xfa, 0x40, 0x00, 0x00,
    0x00, 0x00, 0x3f, 0xff, 0xb5, 0x00, 0x00, 0x00, 0x00, 0x00, 0x6d, 0xff, 0xfd, 0x71, 0x00, 0x00,
    0x00, 0x00, 0x05, 0xcf, 0xff, 0xe9, 0x30, 0x00, 0x00, 0x00, 0x00, 0x3a, 0xff, 0xff, 0x60, 0x00,
    0x00, 0x00, 0x00, 0x02, 0x9f, 0xf7, 0x00, 0x00, 0x00, 0x00, 0x00, 0x00, 0x28, 0x60, 0x00, 0x00,
    0xcf, 0xff, 0xff, 0xff, 0xff, 0x90, 0x00, 0x0c, 0xff, 0xff, 0xff, 0xff, 0xf9, 0x00, 0x00, 0x56,
    0x66, 0x66, 0x66, 0x66, 0x30, 0x00, 0x00, 0x00, 0x00, 0x00, 0x00, 0x00, 0x00, 0x00, 0x00, 0x00,
    0x00, 0x00, 0x00, 0x00, 0x00, 0x0c, 0xff, 0xff, 0xff, 0xff, 0xf9, 0x00, 0x00, 0xcf, 0xff, 0xff,
    0xff, 0xff, 0x90, 0x00, 0x05, 0x66, 0x66, 0x66, 0x66, 0x64, 0x00, 0x00, 0x00, 0x00, 0x00, 0x00,
    0x00, 0x00, 0x00, 0x00, 0x00, 0x00, 0x00, 0x00, 0x00, 0x00, 0x00, 0x00, 0x00, 0x00, 0x00, 0x00,
    0x00, 0x00, 0x0a, 0x82, 0x00, 0x00, 0x00, 0x00, 0x00, 0x00, 0xaf, 0xf9, 0x30, 0x00, 0x00, 0x00,
    0x00, 0x08, 0xff, 0xff, 0xb4, 0x00, 0x00, 0x00, 0x00, 0x03, 0x9e, 0xff, 0xfc, 0x50, 0x00, 0x00,
    0x00, 0x00, 0x17, 0xdf, 0xff, 0xd6, 0x00, 0x00, 0x00, 0x00, 0x00, 0x5b, 0xff, 0xf0, 0x00, 0x00,
    0x00, 0x00, 0x16, 0xcf, 0xff, 0x00, 0x00, 0x00, 0x02, 0x8e, 0xff, 0xfb, 0x40, 0x00, 0x00, 0x4a,
    0xff, 0xff, 0xa3, 0x00, 0x00, 0x00, 0x9f, 0xff, 0xf9, 0x20, 0x00, 0x00, 0x00, 0x0a, 0xfe, 0x81,
    0x00, 0x00, 0x00, 0x00, 0x00, 0x97, 0x10, 0x00, 0x00, 0x00, 0x00, 0x00, 0x00, 0x17, 0xce, 0xeb,
    0x60, 0x00, 0x01, 0xdf, 0xff, 0xff, 0xfb, 0x00, 0x0a, 0xff, 0xb6, 0x7d, 0xff, 0x70, 0x0e, 0xfd,
    0x00, 0x03, 0xff, 0xb0, 0x16, 0x64, 0x00, 0x01, 0xff, 0xd0, 0x00, 0x00, 0x00, 0x07, 0xff, 0xa0,
    0x00, 0x00, 0x00, 0x7f, 0xfe, 0x30, 0x00, 0x00, 0x09, 0xff, 0xd3, 0x00, 0x00, 0x00, 0x7f, 0xfb,
    0x10, 0x00, 0x00, 0x00, 0xbf, 0xe1, 0x00, 0x00, 0x00, 0x00, 0xcf, 0xc0, 0x00, 0x00, 0x00, 0x00,
    0x11, 0x10, 0x00, 0x00, 0x00, 0x00, 0x14, 0x10, 0x00, 0x00, 0x00, 0x00, 0xef, 0xd1, 0x00, 0x00,
    0x00, 0x03, 0xff, 0xf2, 0x00, 0x00, 0x00, 0x00, 0x9e, 0x90, 0x00, 0x00, 0x00, 0x00, 0x00, 0x16,
    0xad, 0xef, 0xdb, 0x72, 0x00, 0x00, 0x00, 0x00, 0x00, 0x08, 0xef, 0xff, 0xff, 0xff, 0xff, 0xa1,
    0x00, 0x00, 0x00, 0x01, 0xbf, 0xfe, 0x95, 0x33, 0x47, 0xcf, 0xfd, 0x20, 0x00, 0x00, 0x0b, 0xff,
    0x91, 0x00, 0x00, 0x00, 0x06, 0xef, 0xd1, 0x00, 0x00, 0x7f, 0xf8, 0x00, 0x00, 0x00, 0x00, 0x00,
    0x3f, 0xf9, 0x00, 0x00, 0xef, 0xd0, 0x00, 0x6b, 0xec, 0x87, 0xe8, 0x08, 0xff, 0x20, 0x05, 0xff,
    0x50, 0x09, 0xff, 0xff, 0xff, 0xf9, 0x01, 0xef, 0x60, 0x08, 0xfe, 0x00, 0x4f, 0xf9, 0x44, 0xbf,
    0xf9, 0x00, 0xbf, 0xa0, 0x0b, 0xfa, 0x00, 0xaf, 0xa0, 0x00, 0x0d, 0xf9, 0x00, 0x9f, 0xc0, 0x0d,
    0xf9, 0x00, 0xdf, 0x40, 0x00, 0x0a, 0xf9, 0x00, 0x7f, 0xd0, 0x0d, 0xf8, 0x00, 0xef, 0x30, 0x00,
    0x08, 0xf9, 0x00, 0x7f, 0xb0, 0x0d, 0xf9, 0x00, 0xdf, 0x40, 0x00, 0x0a, 0xf9, 0x00, 0x8f, 0xa0,
    0x0b, 0xfa, 0x00, 0xbf, 0x90, 0x00, 0x0e, 0xf9, 0x00, 0xbf, 0x70, 0x08, 0xfe, 0x00, 0x5f, 0xf7,
    0x23, 0xbf, 0xfd, 0x25, 0xff, 0x20, 0x04, 0xff, 0x50, 0x0a, 0xff, 0xff, 0xf9, 0xff, 0xff, 0xf7,
    0x00, 0x00, 0xcf, 0xd1, 0x00, 0x7c, 0xed, 0x70, 0x4a, 0xdc, 0x70, 0x00, 0x00, 0x4f, 0xfc, 0x40,
    0x00, 0x00, 0x00, 0x00, 0x00, 0x00, 0x00, 0x00, 0x06, 0xff, 0xfb, 0x64, 0x20, 0x13, 0x57, 0x00,
    0x00, 0x00, 0x00, 0x00, 0x4d, 0xff, 0xff, 0xff, 0xff, 0xff, 0x30, 0x00, 0x00, 0x00, 0x00, 0x00,
    0x5a, 0xef, 0xff, 0xfe, 0xc8, 0x20, 0x00, 0x00, 0x00, 0x00, 0x00, 0x00, 0x01, 0x22, 0x10, 0x00,
    0x00, 0x00, 0x00, 0x00, 0x00, 0x01, 0xff, 0xfe, 0x00, 0x00, 0x00, 0x00, 0x00, 0x06, 0xff, 0xff,
    0x40, 0x00, 0x00, 0x00, 0x00, 0x0b, 0xfd, 0xff, 0xa0, 0x00, 0x00, 0x00, 0x00, 0x2f, 0xf9, 0xbf,
    0xe1, 0x00, 0x00, 0x00, 0x00, 0x7f, 0xf5, 0x7f, 0xf5, 0x00, 0x00, 0x00, 0x00, 0xcf, 0xf1, 0x3f,
    0xfb, 0x00, 0x00, 0x00, 0x02, 0xff, 0xb0, 0x0d, 0xff, 0x10, 0x00, 0x00, 0x08, 0xff, 0x70, 0x09,
    0xff, 0x60, 0x00, 0x00, 0x0d, 0xff, 0x20, 0x04, 0xff, 0xc0, 0x00, 0x00, 0x3f, 0xfd, 0x44, 0x45,
    0xef, 0xf2, 0x00, 0x00, 0x8f, 0xff, 0xff, 0xff, 0xff, 0xf7, 0x00, 0x00, 0xdf, 0xff, 0xff, 0xff,
    0xff, 0xfd, 0x00, 0x04, 0xff, 0xc0, 0x00, 0x00, 0x0d, 0xff, 0x30, 0x09, 0xff, 0x70, 0x00, 0x00,
    0x08, 0xff, 0x90, 0x0e, 0xff, 0x20, 0x00, 0x00, 0x03, 0xff, 0xe0, 0x4f, 0xfd, 0x00, 0x00, 0x00,
    0x00, 0xdf, 0xf4, 0x06, 0xff, 0xff, 0xff, 0xdb, 0x60, 0x00, 0x00, 0x6f, 0xff, 0xff, 0xff, 0xff,
    0xc0, 0x00, 0x06, 0xff, 0xa6, 0x66, 0x9f, 0xff, 0x70, 0x00, 0x6f, 0xf7, 0x00, 0x00, 0x5f, 0xfb,
    0x00, 0x06, 0xff, 0x70, 0x00, 0x00, 0xff, 0xd0, 0x00, 0x6f, 0xf7, 0x00, 0x00, 0x3f, 0xfa, 0x00,
    0x06, 0xff, 0x81, 0x11, 0x5d, 0xfe, 0x20, 0x00, 0x6f, 0xff, 0xff, 0xff, 0xf9, 0x10, 0x00, 0x06,
    0xff, 0xff, 0xff, 0xff, 0xfb, 0x20, 0x00, 0x6f, 0xf7, 0x00, 0x02, 0x8f, 0xfc, 0x00, 0x06, 0xff,
    0x70, 0x00, 0x00, 0xaf, 0xf4, 0x00, 0x6f, 0xf7, 0x00, 0x00, 0x07, 0xff, 0x70, 0x06, 0xff, 0x70,
    0x00, 0x00, 0xbf, 0xf5, 0x00, 0x6f, 0xfa, 0x66, 0x67, 0xcf, 0xfe, 0x20, 0x06, 0xff, 0xff, 0xff,
    0xff, 0xff, 0x50, 0x00, 0x6f, 0xff, 0xff, 0xfe, 0xc9, 0x20, 0x00, 0x00, 0x00, 0x06, 0xbe, 0xfd,
    0xa4, 0x00, 0x00, 0x00, 0x03, 0xdf, 0xff, 0xff, 0xff, 0xc1, 0x00, 0x00, 0x1e, 0xff, 0xfc, 0x9b,
    0xff, 0xfc, 0x10, 0x00, 0xaf, 0xfc, 0x20, 0x00, 0x2c, 0xff, 0x80, 0x03, 0xff, 0xe1, 0x00, 0x00,
    0x02, 0xff, 0xd0, 0x09, 0xff, 0x70, 0x00, 0x00, 0x00, 0x57, 0x71, 0x0c, 0xff, 0x30, 0x00, 0x00,
    0x00, 0x00, 0x00, 0x0d, 0xff, 0x10, 0x00, 0x00, 0x00, 0x00, 0x00, 0x0d, 0xff, 0x10, 0x00, 0x00,
    0x00, 0x00, 0x00, 0x0c, 0xff, 0x30, 0x00, 0x00, 0x00, 0x00, 0x00, 0x09, 0xff, 0x60, 0x00, 0x00,
    0x00, 0x56, 0x61, 0x04, 0xff, 0xe1, 0x00, 0x00, 0x02, 0xff, 0xd0, 0x00, 0xaf, 0xfb, 0x20, 0x00,
    0x2c, 0xff, 0x80, 0x00, 0x1e, 0xff, 0xeb, 0x9b, 0xff, 0xfb, 0x00, 0x00, 0x03, 0xdf, 0xff, 0xff,
    0xff, 0xb1, 0x00, 0x00, 0x00, 0x06, 0xbe, 0xfc, 0xa4, 0x00, 0x00, 0x06, 0xff, 0xff, 0xff, 0xda,
    0x50, 0x00, 0x00, 0x06, 0xff, 0xff, 0xff, 0xff, 0xfa, 0x10, 0x00, 0x06, 0xff, 0xb7, 0x79, 0xbe,
    0xff, 0xd1, 0x00, 0x06, 0xff, 0x70, 0x00, 0x02, 0xbf, 0xf8, 0x00, 0x06, 0xff, 0x70, 0x00, 0x00,
    0x1e, 0xff, 0x20, 0x06, 0xff, 0x70, 0x00, 0x00, 0x07, 0xff, 0x70, 0x06, 0xff, 0x70, 0x00, 0x00,
    0x04, 0xff, 0xa0, 0x06, 0xff, 0x70, 0x00, 0x00, 0x02, 0xff, 0xb0, 0x06, 0xff, 0x70, 0x00, 0x00,
    0x02, 0xff, 0xb0, 0x06, 0xff, 0x70, 0x00, 0x00, 0x04, 0xff, 0xa0, 0x06, 0xff, 0x70, 0x00, 0x00,
    0x07, 0xff, 0x70, 0x06, 0xff, 0x70, 0x00, 0x00, 0x1e, 0xff, 0x20, 0x06, 0xff, 0x70, 0x00, 0x02,
    0xbf, 0xf8, 0x00, 0x06, 0xff, 0xb7, 0x78, 0xbe, 0xff, 0xd1, 0x00, 0x06, 0xff, 0xff, 0xff, 0xff,
    0xfa, 0x10, 0x00, 0x06, 0xff, 0xff, 0xfe, 0xda, 0x40, 0x00, 0x00, 0x06, 0xff, 0xff, 0xff, 0xff,
    0xff, 0x00, 0x6f, 0xff, 0xff, 0xff, 0xff, 0xf0, 0x06, 0xff, 0xa6, 0x66, 0x66, 0x66, 0x00, 0x6f,
    0xf7, 0x00, 0x00, 0x00, 0x00, 0x06, 0xff, 0x70, 0x00, 0x00, 0x00, 0x00, 0x6f, 0xf7, 0x00, 0x00,
    0x00, 0x00, 0x06, 0xff, 0xa6, 0x66, 0x66, 0x62, 0x00, 0x6f, 0xff, 0xff, 0xff, 0xff, 0x70, 0x06,
    0xff, 0xff, 0xff, 0xff, 0xf7, 0x00, 0x6f, 0xf7, 0x00, 0x00, 0x00, 0x00, 0x06, 0xff, 0x70, 0x00,
    0x00, 0x00, 0x00, 0x6f, 0xf7, 0x00, 0x00, 0x00, 0x00, 0x06, 0xff, 0x70, 0x00, 0x00, 0x00, 0x00,
    0x6f, 0xfa, 0x66, 0x66, 0x66, 0x60, 0x06, 0xff, 0xff, 0xff, 0xff, 0xff, 0x10, 0x6f, 0xff, 0xff,
    0xff, 0xff, 0xf1, 0x06, 0xff, 0xff, 0xff, 0xff, 0xfd, 0x00, 0x6f, 0xff, 0xff, 0xff, 0xff, 0xd0,
    0x06, 0xff, 0xa6, 0x66, 0x66, 0x65, 0x00, 0x6f, 0xf7, 0x00, 0x00, 0x00, 0x00, 0x06, 0xff, 0x70,
    0x00, 0x00, 0x00, 0x00, 0x6f, 0xf7, 0x00, 0x00, 0x00, 0x00, 0x06, 0xff, 0x70, 0x00, 0x00, 0x00,
    0x00, 0x6f, 0xff, 0xff, 0xff, 0xff, 0x20, 0x06, 0xff, 0xff, 0xff, 0xff, 0xf2, 0x00, 0x6f, 0xfa,
    0x66, 0x66, 0x66, 0x10, 0x06, 0xff, 0x70, 0x00, 0x00, 0x00, 0x00, 0x6f, 0xf7, 0x00, 0x00, 0x00,
    0x00, 0x06, 0xff, 0x70, 0x00, 0x00, 0x00, 0x00, 0x6f, 0xf7, 0x00, 0x00, 0x00, 0x00, 0x06, 0xff,
    0x70, 0x00, 0x00, 0x00, 0x00, 0x6f, 0xf7, 0x00, 0x00, 0x00, 0x00, 0x00, 0x00, 0x06, 0xbe, 0xec,
    0xa4, 0x00, 0x00, 0x00, 0x02, 0xdf, 0xff, 0xff, 0xff, 0xb1, 0x00, 0x00, 0x1e, 0xff, 0xfc, 0x9b,
    0xff, 0xfc, 0x10, 0x00, 0x9f, 0xfc, 0x20, 0x00, 0x2d, 0xff, 0x80, 0x03, 0xff, 0xe1, 0x00, 0x00,
    0x02, 0xff, 0xd0, 0x08, 0xff, 0x70, 0x00, 0x00, 0x00, 0x44, 0x40, 0x0c, 0xff, 0x30, 0x00, 0x00,
    0x00, 0x00, 0x00, 0x0d, 0xff, 0x10, 0x00, 0x14, 0x44, 0x44, 0x41, 0x0d, 0xff, 0x10, 0x00, 0x3f,
    0xff, 0xff, 0xf4, 0x0c, 0xff, 0x30, 0x00, 0x3f, 0xff, 0xff, 0xf4, 0x09, 0xff, 0x60, 0x00, 0x00,
    0x00, 0x9f, 0xf3, 0x04, 0xff, 0xd0, 0x00, 0x00, 0x00, 0xdf, 0xf1, 0x00, 0xaf, 0xfb, 0x10, 0x00,
    0x1a, 0xff, 0x90, 0x00, 0x2e, 0xff, 0xeb, 0x9b, 0xef, 0xfd, 0x10, 0x00, 0x02, 0xcf, 0xff, 0xff,
    0xff, 0xc3, 0x00, 0x00, 0x00, 0x06, 0xbe, 0xfd, 0xa6, 0x00, 0x00, 0x06, 0xff, 0x70, 0x00, 0x00,
    0x01, 0xff, 0xc0, 0x06, 0xff, 0x70, 0x00, 0x00, 0x01, 0xff, 0xc0, 0x06, 0xff, 0x70, 0x00, 0x00,
    0x01, 0xff, 0xc0, 0x06, 0xff, 0x70, 0x00, 0x00, 0x01, 0xff, 0xc0, 0x06, 0xff, 0x70, 0x00, 0x00,
    0x01, 0xff, 0xc0, 0x06, 0xff, 0x70, 0x00, 0x00, 0x01, 0xff, 0xc0, 0x06, 0xff, 0xa6, 0x66, 0x66,
    0x67, 0xff, 0xc0, 0x06, 0xff, 0xff, 0xff, 0xff, 0xff, 0xff, 0xc0, 0x06, 0xff, 0xff, 0xff, 0xff,
    0xff, 0xff, 0xc0, 0x06, 0xff, 0x70, 0x00, 0x00, 0x01, 0xff, 0xc0, 0x06, 0xff, 0x70, 0x00, 0x00,
    0x01, 0xff, 0xc0, 0x06, 0xff, 0x70, 0x00, 0x00, 0x01, 0xff, 0xc0, 0x06, 0xff, 0x70, 0x00, 0x00,
    0x01, 0xff, 0xc0, 0x06, 0xff, 0x70, 0x00, 0x00, 0x01, 0xff, 0xc0, 0x06, 0xff, 0x70, 0x00, 0x00,
    0x01, 0xff, 0xc0, 0x06, 0xff, 0x70, 0x00, 0x00, 0x01, 0xff, 0xc0, 0x06, 0xff, 0x70, 0x06, 0xff,
    0x70, 0x06, 0xff, 0x70, 0x06, 0xff, 0x70, 0x06, 0xff, 0x70, 0x06, 0xff, 0x70, 0x06, 0xff, 0x70,
    0x06, 0xff, 0x70, 0x06, 0xff, 0x70, 0x06, 0xff, 0x70, 0x06, 0xff, 0x70, 0x06, 0xff, 0x70, 0x06,
    0xff, 0x70, 0x06, 0xff, 0x70, 0x06, 0xff, 0x70, 0x06, 0xff, 0x70, 0x00, 0x00, 0x00, 0x00, 0xbf,
    0xf2, 0x00, 0x00, 0x00, 0x00, 0x0b, 0xff, 0x20, 0x00, 0x00, 0x00, 0x00, 0xbf, 0xf2, 0x00, 0x00,
    0x00, 0x00, 0x0b, 0xff, 0x20, 0x00, 0x00, 0x00, 0x00, 0xbf, 0xf2, 0x00, 0x00, 0x00, 0x00, 0x0b,
    0xff, 0x20, 0x00, 0x00, 0x00, 0x00, 0xbf, 0xf2, 0x00, 0x00, 0x00, 0x00, 0x0b, 0xff, 0x20, 0x00,
    0x00, 0x00, 0x00, 0xbf, 0xf2, 0x00, 0x00, 0x00, 0x00, 0x0b, 0xff, 0x20, 0x2c, 0xc8, 0x00, 0x00,
    0xbf, 0xf2, 0x02, 0xff, 0xb0, 0x00, 0x0b, 0xff, 0x10, 0x0e, 0xfe, 0x10, 0x01, 0xef, 0xd0, 0x00,
    0x9f, 0xfd, 0x77, 0xdf, 0xf8, 0x00, 0x01, 0xdf, 0xff, 0xff, 0xfc, 0x10, 0x00, 0x00, 0x7c, 0xee,
    0xc7, 0x00, 0x00, 0x06, 0xff, 0x70, 0x00, 0x00, 0x4f, 0xff, 0x50, 0x6f, 0xf7, 0x00, 0x00, 0x2e,
    0xff, 0x70, 0x06, 0xff, 0x70, 0x00, 0x1d, 0xff, 0x90, 0x00, 0x6f, 0xf7, 0x00, 0x1c, 0xff, 0xa0,
    0x00, 0x06, 0xff, 0x70, 0x0b, 0xff, 0xc0, 0x00, 0x00, 0x6f, 0xf7, 0x08, 0xff, 0xd1, 0x00, 0x00,
    0x06, 0xff, 0x75, 0xff, 0xe2, 0x00, 0x00, 0x00, 0x6f, 0xf9, 0xef, 0xfe, 0x10, 0x00, 0x00, 0x06,
    0xff, 0xff, 0xff, 0xfb, 0x00, 0x00, 0x00, 0x6f, 0xff, 0xe3, 0xdf, 0xf6, 0x00, 0x00, 0x06, 0xff,
    0xe3, 0x03, 0xff, 0xe2, 0x00, 0x00, 0x6f, 0xf7, 0x00, 0x08, 0xff, 0xc0, 0x00, 0x06, 0xff, 0x70,
    0x00, 0x0c, 0xff, 0x70, 0x00, 0x6f, 0xf7, 0x00, 0x00, 0x3f, 0xff, 0x30, 0x06, 0xff, 0x70, 0x00,
    0x00, 0x8f, 0xfc, 0x00, 0x6f, 0xf7, 0x00, 0x00, 0x00, 0xcf, 0xf8, 0x06, 0xff, 0x70, 0x00, 0x00,
    0x00, 0x06, 0xff, 0x70, 0x00, 0x00, 0x00, 0x06, 0xff, 0x70, 0x00, 0x00, 0x00, 0x06, 0xff, 0x70,
    0x00, 0x00, 0x00, 0x06, 0xff, 0x70, 0x00, 0x00, 0x00, 0x06, 0xff, 0x70, 0x00, 0x00, 0x00, 0x06,
    0xff, 0x70, 0x00, 0x00, 0x00, 0x06, 0xff, 0x70, 0x00, 0x00, 0x00, 0x06, 0xff, 0x70, 0x00, 0x00,
    0x00, 0x06, 0xff, 0x70, 0x00, 0x00, 0x00, 0x06, 0xff, 0x70, 0x00, 0x00, 0x00, 0x06, 0xff, 0x70,
    0x00, 0x00, 0x00, 0x06, 0xff, 0x70, 0x00, 0x00, 0x00, 0x06, 0xff, 0xa6, 0x66, 0x66, 0x63, 0x06,
    0xff, 0xff, 0xff, 0xff, 0xf8, 0x06, 0xff, 0xff, 0xff, 0xff, 0xf8, 0x06, 0xff, 0xff, 0x20, 0x00,
    0x00, 0x00, 0xdf, 0xff, 0xa0, 0x06, 0xff, 0xff, 0x70, 0x00, 0x00, 0x03, 0xff, 0xff, 0xa0, 0x06,
    0xff, 0xff, 0xd0, 0x00, 0x00, 0x08, 0xff, 0xff, 0xa0, 0x06, 0xff, 0xcf, 0xf3, 0x00, 0x00, 0x0e,
    0xfb, 0xff, 0xa0, 0x06, 0xff, 0x8f, 0xf9, 0x00, 0x00, 0x4f, 0xf7, 0xff, 0xa0, 0x06, 0xff, 0x6d,
    0xfe, 0x00, 0x00, 0xaf, 0xf4, 0xff, 0xa0, 0x06, 0xff, 0x68, 0xff, 0x50, 0x01, 0xef, 0xc3, 0xff,
    0xa0, 0x06, 0xff, 0x63, 0xff, 0xa0, 0x06, 0xff, 0x73, 0xff, 0xa0, 0x06, 0xff, 0x60, 0xdf, 0xf1,
    0x0b, 0xff, 0x23, 0xff, 0xa0, 0x06, 0xff, 0x60, 0x7f, 0xf5, 0x1f, 0xfb, 0x03, 0xff, 0xa0, 0x06,
    0xff, 0x60, 0x2f, 0xf9, 0x4f, 0xf5, 0x03, 0xff, 0xa0, 0x06, 0xff, 0x60, 0x0b, 0xfd, 0x8f, 0xe1,
    0x03, 0xff, 0xa0, 0x06, 0xff, 0x60, 0x06, 0xff, 0xdf, 0xa0, 0x03, 0xff, 0xa0, 0x06, 0xff, 0x60,
    0x01, 0xef, 0xff, 0x40, 0x03, 0xff, 0xa0, 0x06, 0xff, 0x60, 0x00, 0xaf, 0xfd, 0x00, 0x03, 0xff,
    0xa0, 0x06, 0xff, 0x60, 0x00, 0x4f, 0xf8, 0x00, 0x03, 0xff, 0xa0, 0x06, 0xff, 0xf3, 0x00, 0x00,
    0x00, 0xcf, 0xf1, 0x00, 0x6f, 0xff, 0xc0, 0x00, 0x00, 0x0c, 0xff, 0x10, 0x06, 0xff, 0xff, 0x60,
    0x00, 0x00, 0xcf, 0xf1, 0x00, 0x6f, 0xfe, 0xfe, 0x10, 0x00, 0x0c, 0xff, 0x10, 0x06, 0xff, 0x8f,
    0xfa, 0x00, 0x00, 0xcf, 0xf1, 0x00, 0x6f, 0xf6, 0xaf, 0xf4, 0x00, 0x0c, 0xff, 0x10, 0x06, 0xff,
    0x72, 0xef, 0xd1, 0x00, 0xcf, 0xf1, 0x00, 0x6f, 0xf8, 0x08, 0xff, 0x80, 0x0c, 0xff, 0x10, 0x06,
    0xff, 0x80, 0x1d, 0xff, 0x30, 0xcf, 0xf1, 0x00, 0x6f, 0xf8, 0x00, 0x4f, 0xfb, 0x0c, 0xff, 0x10,
    0x06, 0xff, 0x80, 0x00, 0xaf, 0xf5, 0xcf, 0xf1, 0x00, 0x6f, 0xf8, 0x00, 0x01, 0xef, 0xcb, 0xff,
    0x10, 0x06, 0xff, 0x80, 0x00, 0x06, 0xff, 0xef, 0xf1, 0x00, 0x6f, 0xf8, 0x00, 0x00, 0x0b, 0xff,
    0xff, 0x10, 0x06, 0xff, 0x80, 0x00, 0x00, 0x2f, 0xff, 0xf1, 0x00, 0x6f, 0xf8, 0x00, 0x00, 0x00,
    0x7f, 0xff, 0x10, 0x00, 0x00, 0x06, 0xbe, 0xfe, 0xa5, 0x00, 0x00, 0x00, 0x00, 0x3d, 0xff, 0xff,
    0xff, 0xfc, 0x20, 0x00, 0x00, 0x1e, 0xff, 0xec, 0x9c, 0xff, 0xfd, 0x10, 0x00, 0x0a, 0xff, 0xc2,
    0x00, 0x02, 0xcf, 0xf8, 0x00, 0x03, 0xff, 0xe1, 0x00, 0x00, 0x02, 0xef, 0xf2, 0x00, 0x9f, 0xf6,
    0x00, 0x00, 0x00, 0x08, 0xff, 0x70, 0x0c, 0xff, 0x30, 0x00, 0x00, 0x00, 0x5f, 0xfa, 0x00, 0xdf,
    0xf1, 0x00, 0x00, 0x00, 0x02, 0xff, 0xb0, 0x0d, 0xff, 0x10, 0x00, 0x00, 0x00, 0x2f, 0xfb, 0x00,
    0xcf, 0xf3, 0x00, 0x00, 0x00, 0x05, 0xff, 0xa0, 0x09, 0xff, 0x60, 0x00, 0x00, 0x00, 0x8f, 0xf7,
    0x00, 0x4f, 0xfe, 0x10, 0x00, 0x00, 0x1e, 0xff, 0x20, 0x00, 0xaf, 0xfb, 0x20, 0x00, 0x2c, 0xff,
    0x80, 0x00, 0x01, 0xef, 0xfe, 0xb9, 0xbf, 0xff, 0xd1, 0x00, 0x00, 0x03, 0xdf, 0xff, 0xff, 0xff,
    0xc2, 0x00, 0x00, 0x00, 0x00, 0x6b, 0xef, 0xeb, 0x50, 0x00, 0x00, 0x06, 0xff, 0xff, 0xff, 0xda,
    0x50, 0x00, 0x06, 0xff, 0xff, 0xff, 0xff, 0xfa, 0x00, 0x06, 0xff, 0xa6, 0x67, 0xaf, 0xff, 0x70,
    0x06, 0xff, 0x70, 0x00, 0x04, 0xff, 0xe0, 0x06, 0xff, 0x70, 0x00, 0x00, 0xcf, 0xf2, 0x06, 0xff,
    0x70, 0x00, 0x00, 0xbf, 0xf3, 0x06, 0xff, 0x70, 0x00, 0x01, 0xef, 0xf0, 0x06, 0xff, 0x70, 0x01,
    0x4c, 0xff, 0xa0, 0x06, 0xff, 0xff, 0xff, 0xff, 0xfe, 0x10, 0x06, 0xff, 0xff, 0xff, 0xff, 0xa2,
    0x00, 0x06, 0xff, 0xa6, 0x65, 0x31, 0x00, 0x00, 0x06, 0xff, 0x70, 0x00, 0x00, 0x00, 0x00, 0x06,
    0xff, 0x70, 0x00, 0x00, 0x00, 0x00, 0x06, 0xff, 0x70, 0x00, 0x00, 0x00, 0x00, 0x06, 0xff, 0x70,
    0x00, 0x00, 0x00, 0x00, 0x06, 0xff, 0x70, 0x00, 0x00, 0x00, 0x00, 0x00, 0x00, 0x06, 0xbe, 0xfe,
    0xa5, 0x00, 0x00, 0x00, 0x00, 0x3d, 0xff, 0xff, 0xff, 0xfc, 0x20, 0x00, 0x00, 0x1e, 0xff, 0xec,
    0x9c, 0xff, 0xfd, 0x10, 0x00, 0x0a, 0xff, 0xc2, 0x00, 0x02, 0xcf, 0xf8, 0x00, 0x03, 0xff, 0xe1,
    0x00, 0x00, 0x02, 0xef, 0xf2, 0x00, 0x9f, 0xf6, 0x00, 0x00, 0x00, 0x08, 0xff, 0x70, 0x0c, 0xff,
    0x30, 0x00, 0x00, 0x00, 0x5f, 0xfa, 0x00, 0xdf, 0xf1, 0x00, 0x00, 0x00, 0x02, 0xff, 0xb0, 0x0d,
    0xff, 0x10, 0x00, 0x00, 0x00, 0x3f, 0xfb, 0x00, 0xcf, 0xf3, 0x00, 0x00, 0x00, 0x05, 0xff, 0xa0,
    0x09, 0xff, 0x60, 0x02, 0x77, 0x20, 0x8f, 0xf7, 0x00, 0x4f, 0xfe, 0x10, 0x0b, 0xfd, 0x3e, 0xff,
    0x20, 0x00, 0xaf, 0xfb, 0x20, 0x1d, 0xfe, 0xff, 0xa0, 0x00, 0x01, 0xef, 0xfe, 0xb9, 0xcf, 0xff,
    0xd1, 0x00, 0x00, 0x03, 0xdf, 0xff, 0xff, 0xff, 0xf6, 0x00, 0x00, 0x00, 0x00, 0x6b, 0xef, 0xeb,
    0xbf, 0xe2, 0x00, 0x00, 0x00, 0x00, 0x00, 0x00, 0x01, 0xcf, 0xd1, 0x00, 0x00, 0x00, 0x00, 0x00,
    0x00, 0x01, 0x33, 0x10, 0x06, 0xff, 0xff, 0xff, 0xdb, 0x50, 0x00, 0x06, 0xff, 0xff, 0xff, 0xff,
    0xfb, 0x00, 0x06, 0xff, 0xa6, 0x67, 0x9f, 0xff, 0x80, 0x06, 0xff, 0x70, 0x00, 0x03, 0xff, 0xe0,
    0x06, 0xff, 0x70, 0x00, 0x00, 0xcf, 0xf2, 0x06, 0xff, 0x70, 0x00, 0x00, 0xcf, 0xf3, 0x06, 0xff,
    0x70, 0x00, 0x02, 0xff, 0xf1, 0x06, 0xff, 0xa5, 0x56, 0x8e, 0xff, 0x90, 0x06, 0xff, 0xff, 0xff,
    0xff, 0xfc, 0x10, 0x06, 0xff, 0xff, 0xff, 0xff, 0x90, 0x00, 0x06, 0xff, 0x70, 0x04, 0xff, 0xd0,
    0x00, 0x06, 0xff, 0x70, 0x00, 0xbf, 0xf6, 0x00, 0x06, 0xff, 0x70, 0x00, 0x3f, 0xfd, 0x10, 0x06,
    0xff, 0x70, 0x00, 0x0b, 0xff, 0x70, 0x06, 0xff, 0x70, 0x00, 0x03, 0xff, 0xe1, 0x06, 0xff, 0x70,
    0x00, 0x00, 0xaf, 0xf8, 0x00, 0x00, 0x6b, 0xde, 0xca, 0x30, 0x00, 0x00, 0x2d, 0xff, 0xff, 0xff,
    0xf8, 0x00, 0x01, 0xdf, 0xfd, 0x87, 0xaf, 0xff, 0x60, 0x04, 0xff, 0xb0, 0x00, 0x03, 0xff, 0xc0,
    0x07, 0xff, 0x60, 0x00, 0x00, 0x68, 0x80, 0x06, 0xff, 0xc1, 0x00, 0x00, 0x00, 0x00, 0x01, 0xdf,
    0xfe, 0xa5, 0x10, 0x00, 0x00, 0x00, 0x3d, 0xff, 0xff, 0xfb, 0x60, 0x00, 0x00, 0x00, 0x5a, 0xef,
    0xff, 0xfc, 0x10, 0x00, 0x00, 0x00, 0x03, 0x8e, 0xff, 0xb0, 0x00, 0x00, 0x00, 0x00, 0x01, 0xdf,
    0xf1, 0x0b, 0xdc, 0x00, 0x00, 0x00, 0xaf, 0xf3, 0x0a, 0xff, 0x70, 0x00, 0x02, 0xef, 0xf1, 0x04,
    0xff, 0xfc, 0x87, 0xaf, 0xff, 0xa0, 0x00, 0x6f, 0xff, 0xff, 0xff, 0xfb, 0x10, 0x00, 0x02, 0x8c,
    0xee, 0xca, 0x40, 0x00, 0x2f, 0xff, 0xff, 0xff, 0xff, 0xff, 0xf9, 0x02, 0xff, 0xff, 0xff, 0xff,
    0xff, 0xff, 0x90, 0x16, 0x66, 0x68, 0xff, 0xc6, 0x66, 0x64, 0x00, 0x00, 0x00, 0x3f, 0xfa, 0x00,
    0x00, 0x00, 0x00, 0x00, 0x03, 0xff, 0xa0, 0x00, 0x00, 0x00, 0x00, 0x00, 0x3f, 0xfa, 0x00, 0x00,
    0x00, 0x00, 0x00, 0x03, 0xff, 0xa0, 0x00, 0x00, 0x00, 0x00, 0x00, 0x3f, 0xfa, 0x00, 0x00, 0x00,
    0x00, 0x00, 0x03, 0xff, 0xa0, 0x00, 0x00, 0x00, 0x00, 0x00, 0x3f, 0xfa, 0x00, 0x00, 0x00, 0x00,
    0x00, 0x03, 0xff, 0xa0, 0x00, 0x00, 0x00, 0x00, 0x00, 0x3f, 0xfa, 0x00, 0x00, 0x00, 0x00, 0x00,
    0x03, 0xff, 0xa0, 0x00, 0x00, 0x00, 0x00, 0x00, 0x3f, 0xfa, 0x00, 0x00, 0x00, 0x00, 0x00, 0x03,
    0xff, 0xa0, 0x00, 0x00, 0x00, 0x00, 0x00, 0x3f, 0xfa, 0x00, 0x00, 0x00, 0x06, 0xff, 0x70, 0x00,
    0x00, 0x04, 0xff, 0x90, 0x06, 0xff, 0x70, 0x00, 0x00, 0x04, 0xff, 0x90, 0x06, 0xff, 0x70, 0x00,
    0x00, 0x04, 0xff, 0x90, 0x06, 0xff, 0x70, 0x00, 0x00, 0x04, 0xff, 0x90, 0x06, 0xff, 0x70, 0x00,
    0x00, 0x04, 0xff, 0x90, 0x06, 0xff, 0x70, 0x00, 0x00, 0x04, 0xff, 0x90, 0x06, 0xff, 0x70, 0x00,
    0x00, 0x04, 0xff, 0x90, 0x06, 0xff, 0x70, 0x00, 0x00, 0x04, 0xff, 0x90, 0x06, 0xff, 0x70, 0x00,
    0x00, 0x04, 0xff, 0x90, 0x06, 0xff, 0x70, 0x00, 0x00, 0x04, 0xff, 0x90, 0x05, 0xff, 0x80, 0x00,
    0x00, 0x06, 0xff, 0x80, 0x02, 0xff, 0xc0, 0x00, 0x00, 0x0a, 0xff, 0x50, 0x00, 0xdf, 0xf8, 0x00,
    0x00, 0x6f, 0xff, 0x20, 0x00, 0x4f, 0xff, 0xda, 0x9c, 0xff, 0xf7, 0x00, 0x00, 0x06, 0xef, 0xff,
    0xff, 0xff, 0x80, 0x00, 0x00, 0x00, 0x18, 0xbe, 0xec, 0x92, 0x00, 0x00, 0x4f, 0xfd, 0x00, 0x00,
    0x00, 0x00, 0xdf, 0xf4, 0x0e, 0xff, 0x30, 0x00, 0x00, 0x03, 0xff, 0xe0, 0x09, 0xff, 0x80, 0x00,
    0x00, 0x08, 0xff, 0x90, 0x03, 0xff, 0xd0, 0x00, 0x00, 0x0c, 0xff, 0x40, 0x00, 0xdf, 0xf3, 0x00,
    0x00, 0x2f, 0xfd, 0x00, 0x00, 0x8f, 0xf8, 0x00, 0x00, 0x7f, 0xf8, 0x00, 0x00, 0x2f, 0xfd, 0x00,
    0x00, 0xcf, 0xf3, 0x00, 0x00, 0x0c, 0xff, 0x40, 0x02, 0xff, 0xd0, 0x00, 0x00, 0x07, 0xff, 0x90,
    0x07, 0xff, 0x70, 0x00, 0x00, 0x01, 0xff, 0xd0, 0x0c, 0xff, 0x20, 0x00, 0x00, 0x00, 0xbf, 0xf3,
    0x1f, 0xfc, 0x00, 0x00, 0x00, 0x00, 0x6f, 0xf7, 0x5f, 0xf6, 0x00, 0x00, 0x00, 0x00, 0x1e, 0xfb,
    0x9f, 0xf1, 0x00, 0x00, 0x00, 0x00, 0x0a, 0xff, 0xdf, 0xb0, 0x00, 0x00, 0x00, 0x00, 0x05, 0xff,
    0xff, 0x60, 0x00, 0x00, 0x00, 0x00, 0x00, 0xef, 0xff, 0x10, 0x00, 0x00, 0x5f, 0xfb, 0x00, 0x00,
    0x07, 0xff, 0xd0, 0x00, 0x00, 0x5f, 0xfb, 0x1f, 0xfe, 0x00, 0x00, 0x0a, 0xff, 0xf2, 0x00, 0x00,
    0x9f, 0xf7, 0x0c, 0xff, 0x30, 0x00, 0x0e, 0xff, 0xf5, 0x00, 0x00, 0xcf, 0xf3, 0x08, 0xff, 0x70,
    0x00, 0x3f, 0xfe, 0xf9, 0x00, 0x01, 0xff, 0xe0, 0x04, 0xff, 0xb0, 0x00, 0x7f, 0xf9, 0xfd, 0x00,
    0x04, 0xff, 0xa0, 0x00, 0xef, 0xe0, 0x00, 0xbf, 0xc6, 0xff, 0x20, 0x08, 0xff, 0x60, 0x00, 0xbf,
    0xf3, 0x00, 0xef, 0x93, 0xff, 0x60, 0x0c, 0xff, 0x20, 0x00, 0x7f, 0xf7, 0x03, 0xff, 0x60, 0xef,
    0x90, 0x1f, 0xfd, 0x00, 0x00, 0x3f, 0xfa, 0x07, 0xff, 0x20, 0xaf, 0xd0, 0x4f, 0xf9, 0x00, 0x00,
    0x0e, 0xfd, 0x0a, 0xfd, 0x00, 0x7f, 0xf1, 0x7f, 0xf5, 0x00, 0x00, 0x0a, 0xff, 0x1d, 0xf9, 0x00,
    0x3f, 0xf4, 0xaf, 0xf1, 0x00, 0x00, 0x06, 0xff, 0x5f, 0xf5, 0x00, 0x0e, 0xf8, 0xdf, 0xc0, 0x00,
    0x00, 0x02, 0xff, 0xbf, 0xf1, 0x00, 0x0a, 0xfb, 0xff, 0x80, 0x00, 0x00, 0x00, 0xdf, 0xff, 0xc0,
    0x00, 0x06, 0xff, 0xff, 0x40, 0x00, 0x00, 0x00, 0x8f, 0xff, 0x80, 0x00, 0x02, 0xff, 0xfe, 0x00,
    0x00, 0x00, 0x00, 0x4f, 0xff, 0x40, 0x00, 0x00, 0xdf, 0xfa, 0x00, 0x00, 0x0a, 0xff, 0xa0, 0x00,
    0x00, 0x0b, 0xff, 0x70, 0x01, 0xdf, 0xf5, 0x00, 0x00, 0x6f, 0xfc, 0x00, 0x00, 0x4f, 0xfe, 0x10,
    0x02, 0xef, 0xf2, 0x00, 0x00, 0x09, 0xff, 0x90, 0x0b, 0xff, 0x70, 0x00, 0x00, 0x01, 0xdf, 0xf3,
    0x5f, 0xfb, 0x00, 0x00, 0x00, 0x00, 0x4f, 0xfb, 0xdf, 0xe2, 0x00, 0x00, 0x00, 0x00, 0x09, 0xff,
    0xff, 0x60, 0x00, 0x00, 0x00, 0x00, 0x01, 0xdf, 0xfc, 0x00, 0x00, 0x00, 0x00, 0x00, 0x03, 0xff,
    0xfe, 0x20, 0x00, 0x00, 0x00, 0x00, 0x0c, 0xff, 0xff, 0xc0, 0x00, 0x00, 0x00, 0x00, 0x9f, 0xf8,
    0xbf, 0xf7, 0x00, 0x00, 0x00, 0x04, 0xff, 0xd1, 0x2f, 0xff, 0x30, 0x00, 0x00, 0x1e, 0xff, 0x40,
    0x07, 0xff, 0xc0, 0x00, 0x00, 0xaf, 0xf9, 0x00, 0x00, 0xcf, 0xf8, 0x00, 0x06, 0xff, 0xd1, 0x00,
    0x00, 0x2f, 0xff, 0x30, 0x2e, 0xff, 0x30, 0x00, 0x00, 0x07, 0xff, 0xd1, 0x3f, 0xff, 0x30, 0x00,
    0x00, 0x07, 0xff, 0xd0, 0x08, 0xff, 0xb0, 0x00, 0x00, 0x1e, 0xff, 0x40, 0x01, 0xef, 0xf4, 0x00,
    0x00, 0x9f, 0xfa, 0x00, 0x00, 0x5f, 0xfd, 0x00, 0x02, 0xff, 0xe2, 0x00, 0x00, 0x0b, 0xff, 0x60,
    0x0a, 0xff, 0x70, 0x00, 0x00, 0x03, 0xff, 0xe1, 0x3f, 0xfd, 0x00, 0x00, 0x00, 0x00, 0x8f, 0xf7,
    0xaf, 0xf4, 0x00, 0x00, 0x00, 0x00, 0x1e, 0xfe, 0xff, 0xa0, 0x00, 0x00, 0x00, 0x00, 0x05, 0xff,
    0xfe, 0x20, 0x00, 0x00, 0x00, 0x00, 0x00, 0xbf, 0xf8, 0x00, 0x00, 0x00, 0x00, 0x00, 0x00, 0x8f,
    0xf5, 0x00, 0x00, 0x00, 0x00, 0x00, 0x00, 0x8f, 0xf5, 0x00, 0x00, 0x00, 0x00, 0x00, 0x00, 0x8f,
    0xf5, 0x00, 0x00, 0x00, 0x00, 0x00, 0x00, 0x8f, 0xf5, 0x00, 0x00, 0x00, 0x00, 0x00, 0x00, 0x8f,
    0xf5, 0x00, 0x00, 0x00, 0x00, 0x00, 0x00, 0x8f, 0xf5, 0x00, 0x00, 0x00, 0x0b, 0xff, 0xff, 0xff,
    0xff, 0xff, 0xf1, 0x0b, 0xff, 0xff, 0xff, 0xff, 0xff, 0xf1, 0x05, 0x66, 0x66, 0x66, 0x6b, 0xff,
    0x90, 0x00, 0x00, 0x00, 0x00, 0x3f, 0xfd, 0x10, 0x00, 0x00, 0x00, 0x01, 0xdf, 0xf3, 0x00, 0x00,
    0x00, 0x00, 0x0a, 0xff, 0x70, 0x00, 0x00, 0x00, 0x00, 0x5f, 0xfc, 0x00, 0x00, 0x00, 0x00, 0x02,
    0xef, 0xe2, 0x00, 0x00, 0x00, 0x00, 0x0b, 0xff, 0x60, 0x00, 0x00, 0x00, 0x00, 0x7f, 0xfb, 0x00,
    0x00, 0x00, 0x00, 0x02, 0xff, 0xe1, 0x00, 0x00, 0x00, 0x00, 0x0c, 0xff, 0x40, 0x00, 0x00, 0x00,
    0x00, 0x8f, 0xf8, 0x00, 0x00, 0x00, 0x00, 0x03, 0xff, 0xe6, 0x66, 0x66, 0x66, 0x61, 0x0b, 0xff,
    0xff, 0xff, 0xff, 0xff, 0xf2, 0x0b, 0xff, 0xff, 0xff, 0xff, 0xff, 0xf2, 0x00, 0xef, 0xff, 0xf0,
    0x00, 0xef, 0xff, 0xf0, 0x00, 0xef, 0xd3, 0x30, 0x00, 0xef, 0xc0, 0x00, 0x00, 0xef, 0xc0, 0x00,
    0x00, 0xef, 0xc0, 0x00, 0x00, 0xef, 0xc0, 0x00, 0x00, 0xef, 0xc0, 0x00, 0x00, 0xef, 0xc0, 0x00,
    0x00, 0xef, 0xc0, 0x00, 0x00, 0xef, 0xc0, 0x00, 0x00, 0xef, 0xc0, 0x00, 0x00, 0xef, 0xc0, 0x00,
    0x00, 0xef, 0xc0, 0x00, 0x00, 0xef, 0xc0, 0x00, 0x00, 0xef, 0xc0, 0x00, 0x00, 0xef, 0xc0, 0x00,
    0x00, 0xef, 0xc3, 0x30, 0x00, 0xef, 0xff, 0xf0, 0x00, 0xef, 0xff, 0xf0, 0x8f, 0xe0, 0x00, 0x00,
    0x4f, 0xf3, 0x00, 0x00, 0x0e, 0xf7, 0x00, 0x00, 0x0b, 0xfb, 0x00, 0x00, 0x06, 0xff, 0x10, 0x00,
    0x02, 0xff, 0x40, 0x00, 0x00, 0xdf, 0x80, 0x00, 0x00, 0x9f, 0xc0, 0x00, 0x00, 0x5f, 0xf1, 0x00,
    0x00, 0x1f, 0xf5, 0x00, 0x00, 0x0c, 0xfa, 0x00, 0x00, 0x08, 0xfe, 0x00, 0x00, 0x04, 0xff, 0x30,
    0x00, 0x01, 0xff, 0x70, 0x00, 0x00, 0xbf, 0xb0, 0x00, 0x00, 0x7f, 0xe0, 0x00, 0x00, 0x3f, 0xf4,
    0x00, 0x00, 0x0e, 0xf8, 0x00, 0x00, 0x0a, 0xfc, 0x00, 0x00, 0x01, 0x32, 0x0d, 0xff, 0xff, 0x10,
    0x0d, 0xff, 0xff, 0x10, 0x02, 0x3a, 0xff, 0x10, 0x00, 0x09, 0xff, 0x10, 0x00, 0x09, 0xff, 0x10,
    0x00, 0x09, 0xff, 0x10, 0x00, 0x09, 0xff, 0x10, 0x00, 0x09, 0xff, 0x10, 0x00, 0x09, 0xff, 0x10,
    0x00, 0x09, 0xff, 0x10, 0x00, 0x09, 0xff, 0x10, 0x00, 0x09, 0xff, 0x10, 0x00, 0x09, 0xff, 0x10,
    0x00, 0x09, 0xff, 0x10, 0x00, 0x09, 0xff, 0x10, 0x00, 0x09, 0xff, 0x10, 0x00, 0x09, 0xff, 0x10,
    0x02, 0x3a, 0xff, 0x10, 0x0d, 0xff, 0xff, 0x10, 0x0d, 0xff, 0xff, 0x10, 0x00, 0x03, 0xff, 0xc0,
    0x00, 0x00, 0x00, 0xaf, 0xff, 0x40, 0x00, 0x00, 0x2f, 0xe7, 0xfb, 0x00, 0x00, 0x09, 0xf8, 0x1e,
    0xf3, 0x00, 0x02, 0xff, 0x20, 0x8f, 0xa0, 0x00, 0x9f, 0xa0, 0x02, 0xff, 0x20, 0x1c, 0xd3, 0x00,
    0x09, 0xd8, 0x00, 0x00, 0x00, 0x00, 0x00, 0x00, 0x00, 0x00, 0x00, 0x00, 0x00, 0x00, 0x00, 0x00,
    0x00, 0x00, 0x00, 0x00, 0x00, 0x00, 0x00, 0x00, 0x00, 0x00, 0x00, 0x00, 0x00, 0x00, 0x00, 0x00,
    0x00, 0x00, 0x00, 0x00, 0x00, 0x00, 0x00, 0x00, 0x00, 0x00, 0x00, 0x00, 0x00, 0x00, 0x00, 0x00,
    0x00, 0x00, 0x00, 0x00, 0xff, 0xff, 0xff, 0xff, 0xff, 0x5f, 0xff, 0xff, 0xff, 0xff, 0xf5, 0x44,
    0x44, 0x44, 0x44, 0x44, 0x10, 0x01, 0xef, 0x90, 0x00, 0x00, 0x5f, 0xf1, 0x00, 0x00, 0x0a, 0xf8,
    0x00, 0x00, 0x01, 0x44, 0x00, 0x00, 0x00, 0x00, 0x00, 0x00, 0x00, 0x00, 0x00, 0x00, 0x00, 0x00,
    0x00, 0x00, 0x00, 0x00, 0x00, 0x00, 0x00, 0x00, 0x00, 0x00, 0x00, 0x00, 0x00, 0x00, 0x00, 0x00,
    0x00, 0x00, 0x00, 0x00, 0x00, 0x00, 0x00, 0x00, 0x00, 0x00, 0x00, 0x00, 0x00, 0x00, 0x00, 0x00,
    0x00, 0x00, 0x00, 0x00, 0x00, 0x00, 0x00, 0x00, 0x00, 0x00, 0x06, 0xbe, 0xed, 0x92, 0x00, 0x00,
    0x1b, 0xff, 0xff, 0xff, 0xe3, 0x00, 0x08, 0xff, 0xb5, 0x37, 0xff, 0xc0, 0x00, 0x36, 0x81, 0x00,
    0x0b, 0xff, 0x00, 0x00, 0x00, 0x00, 0x24, 0xdf, 0xf2, 0x00, 0x04, 0x9d, 0xff, 0xff, 0xff, 0x20,
    0x06, 0xff, 0xfd, 0xa8, 0xbf, 0xf2, 0x00, 0xef, 0xd3, 0x00, 0x0a, 0xff, 0x20, 0x2f, 0xf9, 0x00,
    0x00, 0xdf, 0xf2, 0x00, 0xff, 0xe5, 0x23, 0xbf, 0xff, 0x20, 0x07, 0xff, 0xff, 0xfd, 0xaf, 0xf2,
    0x00, 0x06, 0xce, 0xea, 0x28, 0xff, 0x20, 0x08, 0xff, 0x40, 0x00, 0x00, 0x00, 0x00, 0x08, 0xff,
    0x40, 0x00, 0x00, 0x00, 0x00, 0x08, 0xff, 0x40, 0x00, 0x00, 0x00, 0x00, 0x08, 0xff, 0x40, 0x00,
    0x00, 0x00, 0x00, 0x08, 0xff, 0x44, 0xbe, 0xda, 0x20, 0x00, 0x08, 0xff, 0x7f, 0xff, 0xff, 0xe4,
    0x00, 0x08, 0xff, 0xfc, 0x76, 0xcf, 0xfd, 0x00, 0x08, 0xff, 0xd1, 0x00, 0x0b, 0xff, 0x50, 0x08,
    0xff, 0x70, 0x00, 0x05, 0xff, 0x80, 0x08, 0xff, 0x40, 0x00, 0x02, 0xff, 0xb0, 0x08, 0xff, 0x40,
    0x00, 0x02, 0xff, 0xb0, 0x08, 0xff, 0x70, 0x00, 0x05, 0xff, 0x80, 0x08, 0xff, 0xd1, 0x00, 0x0b,
    0xff, 0x50, 0x08, 0xff, 0xfc, 0x66, 0xbf, 0xfd, 0x00, 0x08, 0xff, 0x8f, 0xff, 0xff, 0xe4, 0x00,
    0x08, 0xff, 0x34, 0xce, 0xda, 0x20, 0x00, 0x00, 0x01, 0x9c, 0xed, 0xb4, 0x00, 0x00, 0x04, 0xef,
    0xff, 0xff, 0xf8, 0x00, 0x01, 0xef, 0xf9, 0x56, 0xdf, 0xf5, 0x00, 0x8f, 0xf7, 0x00, 0x03, 0xfe,
    0x90, 0x0c, 0xff, 0x10, 0x00, 0x02, 0x00, 0x00, 0xef, 0xd0, 0x00, 0x00, 0x00, 0x00, 0x0e, 0xfd,
    0x00, 0x00, 0x00, 0x00, 0x00, 0xcf, 0xf1, 0x00, 0x00, 0x31, 0x00, 0x08, 0xff, 0x70, 0x00, 0x3f,
    0xfa, 0x00, 0x1e, 0xff, 0x95, 0x6d, 0xff, 0x50, 0x00, 0x4e, 0xff, 0xff, 0xff, 0x80, 0x00, 0x00,
    0x19, 0xce, 0xdb, 0x40, 0x00, 0x00, 0x00, 0x00, 0x00, 0x08, 0xff, 0x40, 0x00, 0x00, 0x00, 0x00,
    0x08, 0xff, 0x40, 0x00, 0x00, 0x00, 0x00, 0x08, 0xff, 0x40, 0x00, 0x00, 0x00, 0x00, 0x08, 0xff,
    0x40, 0x00, 0x04, 0xbe, 0xea, 0x28, 0xff, 0x40, 0x00, 0x7f, 0xff, 0xff, 0xd9, 0xff, 0x40, 0x02,
    0xff, 0xf9, 0x67, 0xef, 0xff, 0x40, 0x09, 0xff, 0x70, 0x00, 0x3f, 0xff, 0x40, 0x0c, 0xff, 0x10,
    0x00, 0x0b, 0xff, 0x40, 0x0e, 0xfd, 0x00, 0x00, 0x08, 0xff, 0x40, 0x0f, 0xfd, 0x00, 0x00, 0x08,
    0xff, 0x40, 0x0d, 0xff, 0x10, 0x00, 0x0b, 0xff, 0x40, 0x0a, 0xff, 0x80, 0x00, 0x3f, 0xff, 0x40,
    0x03, 0xff, 0xf9, 0x57, 0xef, 0xff, 0x40, 0x00, 0x7f, 0xff, 0xff, 0xd8, 0xff, 0x40, 0x00, 0x04,
    0xbe, 0xea, 0x27, 0xff, 0x40, 0x00, 0x01, 0x9c, 0xed, 0xa2, 0x00, 0x00, 0x04, 0xef, 0xff, 0xff,
    0xf6, 0x00, 0x01, 0xef, 0xe7, 0x46, 0xdf, 0xf2, 0x00, 0x8f, 0xf4, 0x00, 0x02, 0xff, 0xa0, 0x0c,
    0xfd, 0x00, 0x00, 0x0b, 0xfd, 0x00, 0xef, 0xff, 0xff, 0xff, 0xff, 0xf0, 0x0f, 0xff, 0xee, 0xee,
    0xee, 0xee, 0x10, 0xcf, 0xd0, 0x00, 0x00, 0x00, 0x00, 0x09, 0xff, 0x40, 0x00, 0x07, 0x52, 0x00,
    0x2e, 0xfe, 0x74, 0x5b, 0xff, 0x90, 0x00, 0x5e, 0xff, 0xff, 0xff, 0xc1, 0x00, 0x00, 0x19, 0xce,
    0xec, 0x60, 0x00, 0x00, 0x02, 0xad, 0xed, 0x20, 0x01, 0xdf, 0xff, 0xe0, 0x00, 0x6f, 0xfd, 0x76,
    0x00, 0x08, 0xff, 0x50, 0x00, 0x00, 0x9f, 0xf3, 0x00, 0x0c, 0xff, 0xff, 0xff, 0xc0, 0xcf, 0xff,
    0xff, 0xfc, 0x02, 0x3a, 0xff, 0x53, 0x20, 0x00, 0x9f, 0xf3, 0x00, 0x00, 0x09, 0xff, 0x30, 0x00,
    0x00, 0x9f, 0xf3, 0x00, 0x00, 0x09, 0xff, 0x30, 0x00, 0x00, 0x9f, 0xf3, 0x00, 0x00, 0x09, 0xff,
    0x30, 0x00, 0x00, 0x9f, 0xf3, 0x00, 0x00, 0x09, 0xff, 0x30, 0x00, 0x00, 0x9f, 0xf3, 0x00, 0x00,
    0x00, 0x04, 0xbe, 0xea, 0x27, 0xff, 0x40, 0x00, 0x7f, 0xff, 0xff, 0xd8, 0xff, 0x40, 0x02, 0xff,
    0xfa, 0x68, 0xef, 0xff, 0x40, 0x09, 0xff, 0x80, 0x00, 0x3f, 0xff, 0x40, 0x0c, 0xff, 0x10, 0x00,
    0x0b, 0xff, 0x40, 0x0e, 0xfd, 0x00, 0x00, 0x08, 0xff, 0x40, 0x0f, 0xfd, 0x00, 0x00, 0x08, 0xff,
    0x40, 0x0d, 0xff, 0x00, 0x00, 0x0a, 0xff, 0x40, 0x0a, 0xff, 0x60, 0x00, 0x2f, 0xff, 0x40, 0x03,
    0xff, 0xf7, 0x45, 0xdf, 0xff, 0x40, 0x00, 0x8f, 0xff, 0xff, 0xe9, 0xff, 0x40, 0x00, 0x05, 0xbe,
    0xea, 0x27, 0xff, 0x40, 0x00, 0x00, 0x00, 0x00, 0x08, 0xff, 0x30, 0x00, 0x38, 0x10, 0x00, 0x0c,
    0xff, 0x00, 0x05, 0xff, 0xc5, 0x24, 0xaf, 0xfa, 0x00, 0x00, 0xaf, 0xff, 0xff, 0xff, 0xd1, 0x00,
    0x00, 0x05, 0xbd, 0xfd, 0xb6, 0x00, 0x00, 0x08, 0xff, 0x30, 0x00, 0x00, 0x00, 0x00, 0x8f, 0xf3,
    0x00, 0x00, 0x00, 0x00, 0x08, 0xff, 0x30, 0x00, 0x00, 0x00, 0x00, 0x8f, 0xf3, 0x00, 0x00, 0x00,
    0x00, 0x08, 0xff, 0x34, 0xbe, 0xda, 0x20, 0x00, 0x8f, 0xf7, 0xff, 0xff, 0xfe, 0x10, 0x08, 0xff,
    0xeb, 0x78, 0xef, 0xf9, 0x00, 0x8f, 0xfb, 0x00, 0x03, 0xff, 0xc0, 0x08, 0xff, 0x50, 0x00, 0x0d,
    0xfe, 0x00, 0x8f, 0xf4, 0x00, 0x00, 0xcf, 0xf0, 0x08, 0xff, 0x40, 0x00, 0x0c, 0xff, 0x00, 0x8f,
    0xf4, 0x00, 0x00, 0xcf, 0xf0, 0x08, 0xff, 0x40, 0x00, 0x0c, 0xff, 0x00, 0x8f, 0xf4, 0x00, 0x00,
    0xcf, 0xf0, 0x08, 0xff, 0x40, 0x00, 0x0c, 0xff, 0x00, 0x8f, 0xf4, 0x00, 0x00, 0xcf, 0xf0, 0x03,
    0xdb, 0x10, 0x0a, 0xff, 0x60, 0x04, 0xec, 0x10, 0x00, 0x00, 0x00, 0x00, 0x00, 0x00, 0x08, 0xff,
    0x40, 0x08, 0xff, 0x40, 0x08, 0xff, 0x40, 0x08, 0xff, 0x40, 0x08, 0xff, 0x40, 0x08, 0xff, 0x40,
    0x08, 0xff, 0x40, 0x08, 0xff, 0x40, 0x08, 0xff, 0x40, 0x08, 0xff, 0x40, 0x08, 0xff, 0x40, 0x08,
    0xff, 0x40, 0x00, 0x3d, 0xb1, 0x00, 0x0a, 0xff, 0x60, 0x00, 0x4e, 0xc1, 0x00, 0x00, 0x00, 0x00,
    0x00, 0x00, 0x00, 0x00, 0x08, 0xff, 0x40, 0x00, 0x8f, 0xf4, 0x00, 0x08, 0xff, 0x40, 0x00, 0x8f,
    0xf4, 0x00, 0x08, 0xff, 0x40, 0x00, 0x8f, 0xf4, 0x00, 0x08, 0xff, 0x40, 0x00, 0x8f, 0xf4, 0x00,
    0x08, 0xff, 0x40, 0x00, 0x8f, 0xf4, 0x00, 0x08, 0xff, 0x40, 0x00, 0x8f, 0xf4, 0x00, 0x09, 0xff,
    0x40, 0x03, 0xdf, 0xf1, 0x07, 0xff, 0xfc, 0x00, 0x7f, 0xfb, 0x20, 0x02, 0x42, 0x00, 0x00, 0x08,
    0xff, 0x40, 0x00, 0x00, 0x00, 0x00, 0x8f, 0xf4, 0x00, 0x00, 0x00, 0x00, 0x08, 0xff, 0x40, 0x00,
    0x00, 0x00, 0x00, 0x8f, 0xf4, 0x00, 0x00, 0x00, 0x00, 0x08, 0xff, 0x40, 0x00, 0xaf, 0xf9, 0x00,
    0x8f, 0xf4, 0x00, 0x8f, 0xfb, 0x00, 0x08, 0xff, 0x40, 0x6f, 0xfc, 0x10, 0x00, 0x8f, 0xf4, 0x5f,
    0xfd, 0x10, 0x00, 0x08, 0xff, 0x8f, 0xfe, 0x20, 0x00, 0x00, 0x8f, 0xff, 0xff, 0xa0, 0x00, 0x00,
    0x08, 0xff, 0xff, 0xff, 0x50, 0x00, 0x00, 0x8f, 0xfa, 0x4f, 0xfe, 0x20, 0x00, 0x08, 0xff, 0x40,
    0x8f, 0xfc, 0x00, 0x00, 0x8f, 0xf4, 0x00, 0xcf, 0xf8, 0x00, 0x08, 0xff, 0x40, 0x02, 0xef, 0xf4,
    0x00, 0x8f, 0xf4, 0x00, 0x05, 0xff, 0xe1, 0x08, 0xff, 0x40, 0x08, 0xff, 0x40, 0x08, 0xff, 0x40,
    0x08, 0xff, 0x40, 0x08, 0xff, 0x40, 0x08, 0xff, 0x40, 0x08, 0xff, 0x40, 0x08, 0xff, 0x40, 0x08,
    0xff, 0x40, 0x08, 0xff, 0x40, 0x08, 0xff, 0x40, 0x08, 0xff, 0x40, 0x08, 0xff, 0x40, 0x08, 0xff,
    0x40, 0x08, 0xff, 0x40, 0x08, 0xff, 0x40, 0x08, 0xff, 0x24, 0xce, 0xc4, 0x00, 0x7d, 0xec, 0x60,
    0x00, 0x08, 0xff, 0x6f, 0xff, 0xff, 0x3a, 0xff, 0xff, 0xf7, 0x00, 0x08, 0xff, 0xea, 0x7a, 0xff,
    0xcf, 0xa7, 0xaf, 0xff, 0x10, 0x08, 0xff, 0x90, 0x00, 0xbf, 0xf9, 0x00, 0x0b, 0xff, 0x30, 0x08,
    0xff, 0x50, 0x00, 0x7f, 0xf4, 0x00, 0x08, 0xff, 0x50, 0x08, 0xff, 0x40, 0x00, 0x7f, 0xf4, 0x00,
    0x07, 0xff, 0x50, 0x08, 0xff, 0x40, 0x00, 0x7f, 0xf4, 0x00, 0x07, 0xff, 0x50, 0x08, 0xff, 0x40,
    0x00, 0x7f, 0xf4, 0x00, 0x07, 0xff, 0x50, 0x08, 0xff, 0x40, 0x00, 0x7f, 0xf4, 0x00, 0x07, 0xff,
    0x50, 0x08, 0xff, 0x40, 0x00, 0x7f, 0xf4, 0x00, 0x07, 0xff, 0x50, 0x08, 0xff, 0x40, 0x00, 0x7f,
    0xf4, 0x00, 0x07, 0xff, 0x50, 0x08, 0xff, 0x40, 0x00, 0x7f, 0xf4, 0x00, 0x07, 0xff, 0x50, 0x08,
    0xff, 0x24, 0xbe, 0xda, 0x20, 0x00, 0x8f, 0xf6, 0xff, 0xff, 0xfe, 0x10, 0x08, 0xff, 0xeb, 0x78,
    0xef, 0xf9, 0x00, 0x8f, 0xfb, 0x00, 0x03, 0xff, 0xc0, 0x08, 0xff, 0x50, 0x00, 0x0d, 0xfe, 0x00,
    0x8f, 0xf4, 0x00, 0x00, 0xcf, 0xf0, 0x08, 0xff, 0x40, 0x00, 0x0c, 0xff, 0x00, 0x8f, 0xf4, 0x00,
    0x00, 0xcf, 0xf0, 0x08, 0xff, 0x40, 0x00, 0x0c, 0xff, 0x00, 0x8f, 0xf4, 0x00, 0x00, 0xcf, 0xf0,
    0x08, 0xff, 0x40, 0x00, 0x0c, 0xff, 0x00, 0x8f, 0xf4, 0x00, 0x00, 0xcf, 0xf0, 0x00, 0x01, 0x9c,
    0xed, 0xa4, 0x00, 0x00, 0x04, 0xef, 0xff, 0xff, 0xf9, 0x00, 0x01, 0xef, 0xf9, 0x57, 0xef, 0xf6,
    0x00, 0x8f, 0xf7, 0x00, 0x02, 0xff, 0xe0, 0x0c, 0xff, 0x10, 0x00, 0x0a, 0xff, 0x30, 0xef, 0xd0,
    0x00, 0x00, 0x7f, 0xf5, 0x0e, 0xfd, 0x00, 0x00, 0x07, 0xff, 0x50, 0xcf, 0xf1, 0x00, 0x00, 0xaf,
    0xf3, 0x08, 0xff, 0x70, 0x00, 0x2f, 0xfe, 0x00, 0x1e, 0xff, 0x95, 0x7e, 0xff, 0x60, 0x00, 0x4e,
    0xff, 0xff, 0xff, 0x90, 0x00, 0x00, 0x19, 0xce, 0xda, 0x40, 0x00, 0x08, 0xff, 0x34, 0xbe, 0xda,
    0x20, 0x00, 0x08, 0xff, 0x6f, 0xff, 0xff, 0xe4, 0x00, 0x08, 0xff, 0xfc, 0x76, 0xcf, 0xfd, 0x00,
    0x08, 0xff, 0xd1, 0x00, 0x0b, 0xff, 0x50, 0x08, 0xff, 0x70, 0x00, 0x05, 0xff, 0x80, 0x08, 0xff,
    0x40, 0x00, 0x02, 0xff, 0xb0, 0x08, 0xff, 0x40, 0x00, 0x02, 0xff, 0xb0, 0x08, 0xff, 0x70, 0x00,
    0x05, 0xff, 0x80, 0x08, 0xff, 0xd1, 0x00, 0x0c, 0xff, 0x50, 0x08, 0xff, 0xfc, 0x66, 0xbf, 0xfd,
    0x00, 0x08, 0xff, 0x8f, 0xff, 0xff, 0xe4, 0x00, 0x08, 0xff, 0x44, 0xbe, 0xda, 0x20, 0x00, 0x08,
    0xff, 0x40, 0x00, 0x00, 0x00, 0x00, 0x08, 0xff, 0x40, 0x00, 0x00, 0x00, 0x00, 0x08, 0xff, 0x40,
    0x00, 0x00, 0x00, 0x00, 0x08, 0xff, 0x40, 0x00, 0x00, 0x00, 0x00, 0x02, 0x44, 0x10, 0x00, 0x00,
    0x00, 0x00, 0x00, 0x04, 0xbe, 0xea, 0x27, 0xff, 0x40, 0x00, 0x7f, 0xff, 0xff, 0xd9, 0xff, 0x40,
    0x02, 0xff, 0xf9, 0x67, 0xef, 0xff, 0x40, 0x09, 0xff, 0x70, 0x00, 0x3f, 0xff, 0x40, 0x0c, 0xff,
    0x10, 0x00, 0x0b, 0xff, 0x40, 0x0f, 0xfd, 0x00, 0x00, 0x08, 0xff, 0x40, 0x0f, 0xfd, 0x00, 0x00,
    0x08, 0xff, 0x40, 0x0c, 0xff, 0x10, 0x00, 0x0b, 0xff, 0x40, 0x0a, 0xff, 0x80, 0x00, 0x3f, 0xff,
    0x40, 0x02, 0xff, 0xf9, 0x57, 0xef, 0xff, 0x40, 0x00, 0x7f, 0xff, 0xff, 0xd9, 0xff, 0x40, 0x00,
    0x04, 0xbe, 0xea, 0x28, 0xff, 0x40, 0x00, 0x00, 0x00, 0x00, 0x08, 0xff, 0x40, 0x00, 0x00, 0x00,
    0x00, 0x08, 0xff, 0x40, 0x00, 0x00, 0x00, 0x00, 0x08, 0xff, 0x40, 0x00, 0x00, 0x00, 0x00, 0x08,
    0xff, 0x40, 0x00, 0x00, 0x00, 0x00, 0x02, 0x44, 0x10, 0x08, 0xff, 0x36, 0xdf, 0x40, 0x8f, 0xf6,
    0xff, 0xf4, 0x08, 0xff, 0xfd, 0x98, 0x30, 0x8f, 0xfc, 0x10, 0x00, 0x08, 0xff, 0x60, 0x00, 0x00,
    0x8f, 0xf4, 0x00, 0x00, 0x08, 0xff, 0x40, 0x00, 0x00, 0x8f, 0xf4, 0x00, 0x00, 0x08, 0xff, 0x40,
    0x00, 0x00, 0x8f, 0xf4, 0x00, 0x00, 0x08, 0xff, 0x40, 0x00, 0x00, 0x8f, 0xf4, 0x00, 0x00, 0x00,
    0x16, 0xce, 0xec, 0x81, 0x00, 0x01, 0xcf, 0xff, 0xff, 0xfd, 0x20, 0x07, 0xff, 0xa4, 0x38, 0xff,
    0xa0, 0x0a, 0xff, 0x30, 0x00, 0x65, 0x20, 0x08, 0xff, 0xc5, 0x10, 0x00, 0x00, 0x01, 0xdf, 0xff,
    0xfd, 0x94, 0x00, 0x00, 0x16, 0xbe, 0xff, 0xff, 0x70, 0x00, 0x00, 0x00, 0x38, 0xff, 0xf1, 0x06,
    0x99, 0x00, 0x00, 0xcf, 0xf1, 0x0b, 0xff, 0x94, 0x37, 0xff, 0xd0, 0x02, 0xdf, 0xff, 0xff, 0xfe,
    0x30, 0x00, 0x18, 0xce, 0xec, 0x81, 0x00, 0x01, 0xdd, 0x90, 0x00, 0x01, 0xff, 0xb0, 0x00, 0x01,
    0xff, 0xb0, 0x00, 0xcf, 0xff, 0xff, 0xf0, 0xcf, 0xff, 0xff, 0xf0, 0x24, 0xff, 0xb3, 0x30, 0x01,
    0xff, 0xb0, 0x00, 0x01, 0xff, 0xb0, 0x00, 0x01, 0xff, 0xb0, 0x00, 0x01, 0xff, 0xb0, 0x00, 0x01,
    0xff, 0xb0, 0x00, 0x01, 0xff, 0xb0, 0x00, 0x00, 0xef, 0xe6, 0x50, 0x00, 0x9f, 0xff, 0xf2, 0x00,
    0x18, 0xdf, 0xd3, 0x08, 0xff, 0x40, 0x00, 0x0c, 0xff, 0x00, 0x8f, 0xf4, 0x00, 0x00, 0xcf, 0xf0,
    0x08, 0xff, 0x40, 0x00, 0x0c, 0xff, 0x00, 0x8f, 0xf4, 0x00, 0x00, 0xcf, 0xf0, 0x08, 0xff, 0x40,
    0x00, 0x0c, 0xff, 0x00, 0x8f, 0xf4, 0x00, 0x00, 0xcf, 0xf0, 0x08, 0xff, 0x40, 0x00, 0x0c, 0xff,
    0x00, 0x8f, 0xf5, 0x00, 0x00, 0xef, 0xf0, 0x06, 0xff, 0x90, 0x00, 0x4f, 0xff, 0x00, 0x2f, 0xff,
    0xa6, 0x8e, 0xef, 0xf0, 0x00, 0x9f, 0xff, 0xff, 0xaa, 0xff, 0x00, 0x00, 0x6c, 0xed, 0x80, 0xaf,
    0xf0, 0x6f, 0xf8, 0x00, 0x00, 0x0a, 0xff, 0x51, 0xff, 0xd0, 0x00, 0x00, 0xef, 0xe0, 0x0a, 0xff,
    0x30, 0x00, 0x5f, 0xf8, 0x00, 0x4f, 0xf9, 0x00, 0x0a, 0xff, 0x30, 0x00, 0xef, 0xe0, 0x00, 0xef,
    0xc0, 0x00, 0x08, 0xff, 0x40, 0x5f, 0xf6, 0x00, 0x00, 0x3f, 0xf9, 0x0a, 0xff, 0x10, 0x00, 0x00,
    0xcf, 0xd0, 0xef, 0xa0, 0x00, 0x00, 0x06, 0xff, 0x5f, 0xf5, 0x00, 0x00, 0x00, 0x1f, 0xfd, 0xfe,
    0x00, 0x00, 0x00, 0x00, 0xaf, 0xff, 0x80, 0x00, 0x00, 0x00, 0x05, 0xff, 0xf3, 0x00, 0x00, 0x6f,
    0xf8, 0x00, 0x03, 0xff, 0xa0, 0x00, 0x2f, 0xfc, 0x1f, 0xfc, 0x00, 0x07, 0xff, 0xe0, 0x00, 0x5f,
    0xf8, 0x0c, 0xff, 0x10, 0x0b, 0xff, 0xf3, 0x00, 0x9f, 0xf3, 0x07, 0xff, 0x40, 0x0e, 0xfd, 0xf7,
    0x00, 0xdf, 0xe0, 0x03, 0xff, 0x80, 0x4f, 0xe7, 0xfa, 0x02, 0xff, 0xa0, 0x00, 0xdf, 0xc0, 0x7f,
    0xa4, 0xfe, 0x05, 0xff, 0x50, 0x00, 0x9f, 0xf1, 0xbf, 0x60, 0xef, 0x39, 0xff, 0x10, 0x00, 0x4f,
    0xf4, 0xef, 0x20, 0xbf, 0x6c, 0xfb, 0x00, 0x00, 0x1e, 0xfa, 0xfd, 0x00, 0x6f, 0xaf, 0xf7, 0x00,
    0x00, 0x0b, 0xff, 0xf9, 0x00, 0x2f, 0xff, 0xf2, 0x00, 0x00, 0x06, 0xff, 0xf5, 0x00, 0x0d, 0xff,
    0xd0, 0x00, 0x00, 0x02, 0xff, 0xf1, 0x00, 0x08, 0xff, 0x80, 0x00, 0x1d, 0xff, 0x20, 0x00, 0x8f,
    0xf7, 0x00, 0x4f, 0xfb, 0x00, 0x2f, 0xfc, 0x00, 0x00, 0xaf, 0xf4, 0x0b, 0xff, 0x30, 0x00, 0x01,
    0xef, 0xc4, 0xff, 0x80, 0x00, 0x00, 0x05, 0xff, 0xef, 0xd1, 0x00, 0x00, 0x00, 0x0b, 0xff, 0xf4,
    0x00, 0x00, 0x00, 0x01, 0xdf, 0xff, 0x50, 0x00, 0x00, 0x00, 0x9f, 0xfc, 0xfe, 0x10, 0x00, 0x00,
    0x3f, 0xf9, 0x2f, 0xfa, 0x00, 0x00, 0x0d, 0xfe, 0x20, 0x9f, 0xf5, 0x00, 0x08, 0xff, 0x70, 0x01,
    0xef, 0xe1, 0x03, 0xff, 0xd0, 0x00, 0x06, 0xff, 0xa0, 0x6f, 0xf8, 0x00, 0x00, 0x09, 0xff, 0x51,
    0xef, 0xd0, 0x00, 0x00, 0xef, 0xe0, 0x0a, 0xff, 0x40, 0x00, 0x5f, 0xf8, 0x00, 0x4f, 0xf9, 0x00,
    0x0a, 0xff, 0x20, 0x00, 0xdf, 0xe0, 0x01, 0xff, 0xb0, 0x00, 0x07, 0xff, 0x40, 0x6f, 0xf6, 0x00,
    0x00, 0x2f, 0xf9, 0x0b, 0xfe, 0x10, 0x00, 0x00, 0xbf, 0xd1, 0xff, 0x90, 0x00, 0x00, 0x05, 0xff,
    0x7f, 0xf3, 0x00, 0x00, 0x00, 0x0e, 0xfe, 0xfc, 0x00, 0x00, 0x00, 0x00, 0x8f, 0xff, 0x60, 0x00,
    0x00, 0x00, 0x03, 0xff, 0xf1, 0x00, 0x00, 0x00, 0x00, 0x4f, 0xfa, 0x00, 0x00, 0x00, 0x01, 0x1b,
    0xff, 0x40, 0x00, 0x00, 0x03, 0xff, 0xff, 0xa0, 0x00, 0x00, 0x00, 0x7f, 0xff, 0xa1, 0x00, 0x00,
    0x00, 0x01, 0x34, 0x10, 0x00, 0x00, 0x00, 0x00, 0x07, 0xff, 0xff, 0xff, 0xff, 0xe0, 0x07, 0xff,
    0xff, 0xff, 0xff, 0xe0, 0x03, 0x55, 0x55, 0x5c, 0xff, 0x70, 0x00, 0x00, 0x00, 0x5f, 0xfb, 0x00,
    0x00, 0x00, 0x03, 0xef, 0xd1, 0x00, 0x00, 0x00, 0x1d, 0xff, 0x30, 0x00, 0x00, 0x00, 0xbf, 0xf6,
    0x00, 0x00, 0x00, 0x08, 0xff, 0x90, 0x00, 0x00, 0x00, 0x5f, 0xfc, 0x10, 0x00, 0x00, 0x03, 0xef,
    0xf7, 0x55, 0x55, 0x51, 0x0a, 0xff, 0xff, 0xff, 0xff, 0xf2, 0x0b, 0xff, 0xff, 0xff, 0xff, 0xf2,
    0x00, 0x00, 0x01, 0x69, 0x80, 0x00, 0x00, 0x2e, 0xff, 0xc0, 0x00, 0x00, 0xbf, 0xfb, 0x70, 0x00,
    0x00, 0xef, 0xb0, 0x00, 0x00, 0x01, 0xff, 0x80, 0x00, 0x00, 0x02, 0xff, 0x70, 0x00, 0x00, 0x02,
    0xff, 0x70, 0x00, 0x00, 0x03, 0xff, 0x70, 0x00, 0x00, 0x2b, 0xff, 0x40, 0x00, 0x07, 0xff, 0xe8,
    0x00, 0x00, 0x07, 0xff, 0x71, 0x00, 0x00, 0x05, 0xbf, 0xfd, 0x10, 0x00, 0x00, 0x07, 0xff, 0x60,
    0x00, 0x00, 0x02, 0xff, 0x70, 0x00, 0x00, 0x02, 0xff, 0x70, 0x00, 0x00, 0x02, 0xff, 0x70, 0x00,
    0x00, 0x00, 0xff, 0x90, 0x00, 0x00, 0x00, 0xdf, 0xe6, 0x20, 0x00, 0x00, 0x5f, 0xff, 0xc0, 0x00,
    0x00, 0x04, 0xbd, 0xc0, 0x00, 0x25, 0x51, 0x00, 0x00, 0x5f, 0xf3, 0x00, 0x00, 0x5f, 0xf3, 0x00,
    0x00, 0x5f, 0xf3, 0x00, 0x00, 0x5f, 0xf3, 0x00, 0x00, 0x5f, 0xf3, 0x00, 0x00, 0x5f, 0xf3, 0x00,
    0x00, 0x5f, 0xf3, 0x00, 0x00, 0x5f, 0xf3, 0x00, 0x00, 0x5f, 0xf3, 0x00, 0x00, 0x5f, 0xf3, 0x00,
    0x00, 0x5f, 0xf3, 0x00, 0x00, 0x5f, 0xf3, 0x00, 0x00, 0x5f, 0xf3, 0x00, 0x00, 0x5f, 0xf3, 0x00,
    0x00, 0x5f, 0xf3, 0x00, 0x00, 0x5f, 0xf3, 0x00, 0x00, 0x5f, 0xf3, 0x00, 0x00, 0x5f, 0xf3, 0x00,
    0x00, 0x5f, 0xf3, 0x00, 0x00, 0x5f, 0xf3, 0x00, 0x00, 0x5f, 0xf3, 0x00, 0x00, 0x5f, 0xf3, 0x00,
    0x00, 0x5f, 0xf3, 0x00, 0x00, 0x5f, 0xf3, 0x00, 0x00, 0x5f, 0xf3, 0x00, 0x00, 0x5f, 0xf3, 0x00,
    0x0c, 0xda, 0x40, 0x00, 0x00, 0x0d, 0xff, 0xf4, 0x00, 0x00, 0x03, 0x7f, 0xfc, 0x00, 0x00, 0x00,
    0x0a, 0xfe, 0x00, 0x00, 0x00, 0x08, 0xff, 0x10, 0x00, 0x00, 0x07, 0xff, 0x10, 0x00, 0x00, 0x07,
    0xff, 0x20, 0x00, 0x00, 0x07, 0xff, 0x30, 0x00, 0x00, 0x04, 0xff, 0xb2, 0x00, 0x00, 0x00, 0x8e,
    0xff, 0x70, 0x00, 0x00, 0x17, 0xff, 0x70, 0x00, 0x01, 0xdf, 0xfb, 0x40, 0x00, 0x06, 0xff, 0x60,
    0x00, 0x00, 0x07, 0xff, 0x20, 0x00, 0x00, 0x07, 0xff, 0x10, 0x00, 0x00, 0x07, 0xff, 0x10, 0x00,
    0x00, 0x09, 0xff, 0x00, 0x00, 0x02, 0x6f, 0xfc, 0x00, 0x00, 0x0d, 0xff, 0xf5, 0x00, 0x00, 0x0c,
    0xdb, 0x40, 0x00, 0x00, 0x00, 0x19, 0xed, 0x80, 0x00, 0x13, 0x30, 0x00, 0x09, 0xff, 0xff, 0xa0,
    0x05, 0xff, 0x00, 0x01, 0xff, 0xc7, 0xdf, 0xc7, 0xdf, 0xd0, 0x00, 0x3f, 0xf1, 0x01, 0xdf, 0xff,
    0xf6, 0x00, 0x01, 0x33, 0x00, 0x01, 0xae, 0xd7, 0x00, 0x00, 0x00, 0x00, 0x00, 0x00, 0x00, 0x00,
    0x00, 0x00, 0x00, 0x00, 0x00, 0x00, 0x00, 0x00, 0x00, 0x00, 0x00, 0x00, 0x00, 0x00, 0x00, 0x00,
    0x00, 0x00, 0x00, 0x00, 0x00, 0x00, 0x00, 0x00, 0x00, 0x19, 0xde, 0xa2, 0x00, 0x01, 0xdf, 0xff,
    0xfe, 0x10, 0x07, 0xfb, 0x32, 0xbf, 0x80, 0x0a, 0xf5, 0x00, 0x4f, 0xb0, 0x07, 0xfb, 0x32, 0xaf,
    0x80, 0x01, 0xdf, 0xff, 0xfe, 0x10, 0x00, 0x19, 0xde, 0xa2, 0x00, 0x00, 0x00, 0x00, 0x00, 0x00,
    0x00, 0x00, 0x00, 0x00, 0x00, 0x00, 0x00, 0x00, 0x00, 0x00, 0x00, 0x00, 0x00, 0x00, 0x00, 0x00,
    0x00, 0x00, 0x00, 0x00, 0x00, 0x00, 0x00, 0x00, 0x00, 0x00, 0x00, 0x00, 0x00, 0x00, 0x00, 0x00,
    0x00, 0x00, 0x00, 0x00, 0x00, 0x00, 0x00, 0x00,
};
static const dash_glyph_t s_large_glyphs[96] = {
    {0, 0, 0, 0, 0, 6},
    {0, 7, 16, 0, 6, 7},
    {56, 12, 16, 0, 6, 12},
    {152, 14, 16, 0, 6, 14},
    {264, 14, 21, 0, 3, 14},
    {411, 22, 16, 0, 6, 22},
    {587, 15, 16, 0, 6, 15},
    {707, 7, 16, 0, 6, 7},
    {763, 8, 20, 0, 5, 8},
    {843, 8, 20, 0, 5, 8},
    {923, 12, 16, 0, 6, 12},
    {1019, 15, 12, 0, 10, 15},
    {1109, 7, 7, 0, 19, 7},
    {1134, 10, 8, 0, 14, 10},
    {1174, 7, 4, 0, 18, 7},
    {1188, 8, 20, 0, 5, 8},
    {1268, 15, 16, 0, 6, 15},
    {1388, 9, 16, 0, 6, 9},
    {1460, 14, 16, 0, 6, 14},
    {1572, 14, 16, 0, 6, 14},
    {1684, 15, 16, 0, 6, 15},
    {1804, 14, 16, 0, 6, 14},
    {1916, 14, 16, 0, 6, 14},
    {2028, 13, 16, 0, 6, 13},
    {2132, 14, 16, 0, 6, 14},
    {2244, 14, 17, 0, 5, 14},
    {2363, 7, 12, 0, 10, 7},
    {2405, 7, 16, 0, 10, 7},
    {2461, 15, 13, 0, 9, 15},
    {2559, 15, 10, 0, 12, 15},
    {2634, 15, 13, 0, 9, 15},
    {2732, 12, 16, 0, 6, 12},
    {2828, 22, 21, 0, 6, 22},
    {3059, 16, 16, 0, 6, 16},
    {3187, 15, 16, 0, 6, 14},
    {3307, 16, 16, 0, 6, 16},
    {3435, 16, 16, 0, 6, 16},
    {3563, 13, 16, 0, 6, 13},
    {3667, 13, 16, 0, 6, 13},
    {3771, 16, 16, 0, 6, 16},
    {3899, 16, 16, 0, 6, 16},
    {4027, 6, 16, 0, 6, 6},
    {4075, 13, 16, 0, 6, 13},
    {4179, 15, 16, 0, 6, 15},
    {4299, 12, 16, 0, 6, 12},
    {4395, 20, 16, 0, 6, 20},
    {4555, 17, 16, 0, 6, 17},
    {4691, 17, 16, 0, 6, 17},
    {4827, 14, 16, 0, 6, 14},
    {4939, 17, 18, 0, 6, 17},
    {5092, 14, 16, 0, 6, 14},
    {5204, 14, 16, 0, 6, 14},
    {5316, 15, 16, 0, 6, 15},
    {5436, 16, 16, 0, 6, 16},
    {5564, 16, 16, 0, 6, 16},
    {5692, 22, 16, 0, 6, 22},
    {5868, 16, 16, 0, 6, 16},
    {5996, 16, 16, 0, 6, 16},
    {6124, 14, 16, 0, 6, 14},
    {6236, 8, 20, 0, 5, 8},
    {6316, 8, 20, 0, 5, 8},
    {6396, 8, 20, 0, 5, 8},
    {6476, 11, 16, 0, 6, 11},
    {6564, 11, 3, 0, 22, 10},
    {6581, 8, 17, 0, 5, 8},
    {6649, 13, 12, 0, 10, 13},
    {6727, 14, 16, 0, 6, 14},
    {6839, 13, 12, 0, 10, 13},
    {6917, 14, 16, 0, 6, 14},
    {7029, 13, 12, 0, 10, 13},
    {7107, 9, 17, 0, 5, 9},
    {7184, 14, 17, 0, 10, 14},
    {7303, 13, 16, 0, 6, 13},
    {7407, 6, 17, 0, 5, 6},
    {7458, 7, 22, -1, 5, 6},
    {7535, 13, 16, 0, 6, 13},
    {7639, 6, 16, 0, 6, 6},
    {7687, 20, 12, 0, 10, 20},
    {7807, 13, 12, 0, 10, 13},
    {7885, 13, 12, 0, 10, 13},
    {7963, 14, 17, 0, 10, 14},
    {8082, 14, 17, 0, 10, 14},
    {8201, 9, 12, 0, 10, 9},
    {8255, 12, 12, 0, 10, 12},
    {8327, 8, 15, 0, 7, 8},
    {8387, 13, 12, 0, 10, 13},
    {8465, 13, 12, 0, 10, 13},
    {8543, 18, 12, 0, 10, 18},
    {8651, 13, 12, 0, 10, 13},
    {8729, 13, 17, 0, 10, 13},
    {8840, 12, 12, 0, 10, 12},
    {8912, 10, 20, 0, 5, 10},
    {9012, 8, 27, 0, 0, 8},
    {9120, 10, 20, 0, 5, 10},
    {9220, 15, 9, 0, 13, 15},
    {9288, 10, 16, 0, 6, 10},
};
const dash_font_t dash_font_large = {s_large_bits, s_large_glyphs, 28, 22};

static const uint8_t s_huge_bits[] = {
    0x00, 0x0b, 0xff, 0xff, 0xff, 0xff, 0xff, 0xff, 0xff, 0xff, 0xff, 0x30, 0x00, 0x00, 0xbf, 0xff,
    0xff, 0xff, 0xff, 0xff, 0xff, 0xff, 0xff, 0xf3, 0x00, 0x00, 0x0b, 0xff, 0xff, 0xff, 0xff, 0xff,
    0xff, 0xff, 0xff, 0xff, 0x30, 0x00, 0x00, 0xbf, 0xff, 0xff, 0xff, 0xff, 0xff, 0xff, 0xff, 0xff,
    0xf3, 0x00, 0x00, 0x0b, 0xff, 0xff, 0xff, 0xff, 0xff, 0xff, 0xff, 0xff, 0xff, 0x30, 0x00, 0x00,
    0xbf, 0xff, 0xff, 0xff, 0xff, 0xff, 0xff, 0xff, 0xff, 0xf3, 0x00, 0x00, 0x00, 0x00, 0x00, 0x00,
    0x00, 0x00, 0x00, 0x00, 0x00, 0x00, 0x00, 0x00, 0x00, 0x00, 0x00, 0x00, 0x00, 0x00, 0x00, 0x00,
    0x00, 0x00, 0x00, 0x00, 0x00, 0x00, 0x00, 0x00, 0x00, 0x00, 0x00, 0x00, 0x00, 0x00, 0x00, 0x00,
    0x00, 0x00, 0x00, 0x00, 0x00, 0x00, 0x00, 0x00, 0x00, 0x00, 0x00, 0x00, 0x00, 0x00, 0x00, 0x00,
    0x00, 0x00, 0x00, 0x00, 0x00, 0x00, 0x00, 0x00, 0x00, 0x00, 0x00, 0x00, 0x00, 0x00, 0x00, 0x00,
    0x00, 0x00, 0x00, 0x00, 0x00, 0x00, 0x00, 0x00, 0x00, 0x00, 0x00, 0x00, 0x00, 0x00, 0x00, 0x00,
    0x00, 0x00, 0x00, 0x00, 0x00, 0x00, 0x00, 0x00, 0x00, 0x00, 0x00, 0x00, 0x00, 0x00, 0x00, 0x00,
    0x00, 0x00, 0x00, 0x00, 0x00, 0x00, 0x00, 0x00, 0x00, 0x00, 0x00, 0x00, 0x00, 0x00, 0x00, 0x00,
    0x00, 0x00, 0x00, 0x00, 0x00, 0x00, 0x00, 0x00, 0x00, 0x00, 0x00, 0x00, 0x00, 0x00, 0x00, 0x00,
    0x00, 0x00, 0x00, 0x00, 0x00, 0x00, 0x00, 0x00, 0x00, 0x00, 0x00, 0x00, 0x00, 0x00, 0x00, 0x00,
    0x00, 0x00, 0x00, 0x00, 0x00, 0x00, 0x00, 0x00, 0x00, 0x00, 0x00, 0x00, 0x00, 0x00, 0x00, 0x00,
    0x00, 0x00, 0x00, 0x00, 0x00, 0x00, 0x00, 0x00, 0x00, 0x00, 0x00, 0x00, 0x00, 0x00, 0x00, 0x00,
    0x02, 0x7a, 0xcd, 0xfd, 0xca, 0x72, 0x00, 0x00, 0x00, 0x00, 0x00, 0x00, 0x00, 0x00, 0x00, 0x00,
    0x00, 0x00, 0x6c, 0xff, 0xff, 0xff, 0xff, 0xff, 0xfc, 0x60, 0x00, 0x00, 0x00, 0x00, 0x00, 0x00,
    0x00, 0x00, 0x00, 0x03, 0xcf, 0xff, 0xff, 0xff, 0xff, 0xff, 0xff, 0xff, 0xc2, 0x00, 0x00, 0x00,
    0x00, 0x00, 0x00, 0x00, 0x00, 0x06, 0xff, 0xff, 0xff, 0xff, 0xff, 0xff, 0xff, 0xff, 0xff, 0xf6,
    0x00, 0x00, 0x00, 0x00, 0x00, 0x00, 0x00, 0x05, 0xff, 0xff, 0xff, 0xff, 0xff, 0xff, 0xff, 0xff,
    0xff, 0xff, 0xf5, 0x00, 0x00, 0x00, 0x00, 0x00, 0x00, 0x05, 0xff, 0xff, 0xff, 0xff, 0xff, 0xff,
    0xff, 0xff, 0xff, 0xff, 0xff, 0xf5, 0x00, 0x00, 0x00, 0x00, 0x00, 0x01, 0xef, 0xff, 0xff, 0xff,
    0xfc, 0x75, 0x35, 0x7d, 0xff, 0xff, 0xff, 0xff, 0xe1, 0x00, 0x00, 0x00, 0x00, 0x00, 0xaf, 0xff,
    0xff, 0xff, 0xe4, 0x00, 0x00, 0x00, 0x05, 0xef, 0xff, 0xff, 0xff, 0x90, 0x00, 0x00, 0x00, 0x00,
    0x4f, 0xff, 0xff, 0xff, 0xd2, 0x00, 0x00, 0x00, 0x00, 0x02, 0xdf, 0xff, 0xff, 0xff, 0x40, 0x00,
    0x00, 0x00, 0x0b, 0xff, 0xff, 0xff, 0xe3, 0x00, 0x00, 0x00, 0x00, 0x00, 0x03, 0xef, 0xff, 0xff,
    0xfa, 0x00, 0x00, 0x00, 0x02, 0xff, 0xff, 0xff, 0xf7, 0x00, 0x00, 0x00, 0x00, 0x00, 0x00, 0x07,
    0xff, 0xff, 0xff, 0xf1, 0x00, 0x00, 0x00, 0x7f, 0xff, 0xff, 0xfe, 0x00, 0x00, 0x00, 0x00, 0x00,
    0x00, 0x00, 0x1e, 0xff, 0xff, 0xff, 0x70, 0x00, 0x00, 0x0d, 0xff, 0xff, 0xff, 0x70, 0x00, 0x00,
    0x00, 0x00, 0x00, 0x00, 0x00, 0x8f, 0xff, 0xff, 0xfc, 0x00, 0x00, 0x01, 0xff, 0xff, 0xff, 0xf2,
    0x00, 0x00, 0x00, 0x00, 0x00, 0x00, 0x00, 0x03, 0xff, 0xff, 0xff, 0xf1, 0x00, 0x00, 0x4f, 0xff,
    0xff, 0xfd, 0x00, 0x00, 0x00, 0x00, 0x00, 0x00, 0x00, 0x00, 0x0d, 0xff, 0xff, 0xff, 0x40, 0x00,
    0x07, 0xff, 0xff, 0xff, 0xa0, 0x00, 0x00, 0x00, 0x00, 0x00, 0x00, 0x00, 0x00, 0xaf, 0xff, 0xff,
    0xf7, 0x00, 0x00, 0xaf, 0xff, 0xff, 0xf7, 0x00, 0x00, 0x00, 0x00, 0x00, 0x00, 0x00, 0x00, 0x08,
    0xff, 0xff, 0xff, 0xa0, 0x00, 0x0b, 0xff, 0xff, 0xff, 0x50, 0x00, 0x00, 0x00, 0x00, 0x00, 0x00,
    0x00, 0x00, 0x5f, 0xff, 0xff, 0xfb, 0x00, 0x00, 0xcf, 0xff, 0xff, 0xf3, 0x00, 0x00, 0x00, 0x00,
    0x00, 0x00, 0x00, 0x00, 0x04, 0xff, 0xff, 0xff, 0xc0, 0x00, 0x0d, 0xff, 0xff, 0xff, 0x30, 0x00,
    0x00, 0x00, 0x00, 0x00, 0x00, 0x00, 0x00, 0x3f, 0xff, 0xff, 0xfd, 0x00, 0x00, 0xef, 0xff, 0xff,
    0xf2, 0x00, 0x00, 0x00, 0x00, 0x00, 0x00, 0x00, 0x00, 0x03, 0xff, 0xff, 0xff, 0xe0, 0x00, 0x0e,
    0xff, 0xff, 0xff, 0x20, 0x00, 0x00, 0x00, 0x00, 0x00, 0x00, 0x00, 0x00, 0x2f, 0xff, 0xff, 0xfe,
    0x00, 0x00, 0xdf, 0xff, 0xff, 0xf3, 0x00, 0x00, 0x00, 0x00, 0x00, 0x00, 0x00, 0x00, 0x03, 0xff,
    0xff, 0xff, 0xd0, 0x00, 0x0c, 0xff, 0xff, 0xff, 0x30, 0x00, 0x00, 0x00, 0x00, 0x00, 0x00, 0x00,
    0x00, 0x4f, 0xff, 0xff, 0xfc, 0x00, 0x00, 0xbf, 0xff, 0xff, 0xf5, 0x00, 0x00, 0x00, 0x00, 0x00,
    0x00, 0x00, 0x00, 0x05, 0xff, 0xff, 0xff, 0xb0, 0x00, 0x0a, 0xff, 0xff, 0xff, 0x70, 0x00, 0x00,
    0x00, 0x00, 0x00, 0x00, 0x00, 0x00, 0x8f, 0xff, 0xff, 0xfa, 0x00, 0x00, 0x7f, 0xff, 0xff, 0xfa,
    0x00, 0x00, 0x00, 0x00, 0x00, 0x00, 0x00, 0x00, 0x0a, 0xff, 0xff, 0xff, 0x70, 0x00, 0x04, 0xff,
    0xff, 0xff, 0xd0, 0x00, 0x00, 0x00, 0x00, 0x00, 0x00, 0x00, 0x00, 0xdf, 0xff, 0xff, 0xf4, 0x00,
    0x00, 0x1f, 0xff, 0xff, 0xff, 0x20, 0x00, 0x00, 0x00, 0x00, 0x00, 0x00, 0x00, 0x3f, 0xff, 0xff,
    0xff, 0x10, 0x00, 0x00, 0xdf, 0xff, 0xff, 0xf7, 0x00, 0x00, 0x00, 0x00, 0x00, 0x00, 0x00, 0x07,
    0xff, 0xff, 0xff, 0xc0, 0x00, 0x00, 0x08, 0xff, 0xff, 0xff, 0xd0, 0x00, 0x00, 0x00, 0x00, 0x00,
    0x00, 0x01, 0xef, 0xff, 0xff, 0xf7, 0x00, 0x00, 0x00, 0x2f, 0xff, 0xff, 0xff, 0x60, 0x00, 0x00,
    0x00, 0x00, 0x00, 0x00, 0x7f, 0xff, 0xff, 0xff, 0x20, 0x00, 0x00, 0x00, 0xbf, 0xff, 0xff, 0xfe,
    0x20, 0x00, 0x00, 0x00, 0x00, 0x00, 0x3e, 0xff, 0xff, 0xff, 0xb0, 0x00, 0x00, 0x00, 0x04, 0xff,
    0xff, 0xff, 0xfd, 0x10, 0x00, 0x00, 0x00, 0x00, 0x2d, 0xff, 0xff, 0xff, 0xf4, 0x00, 0x00, 0x00,
    0x00, 0x0a, 0xff, 0xff, 0xff, 0xfe, 0x40, 0x00, 0x00, 0x00, 0x4e, 0xff, 0xff, 0xff, 0xfa, 0x00,
    0x00, 0x00, 0x00, 0x00, 0x2e, 0xff, 0xff, 0xff, 0xff, 0xc7, 0x43, 0x47, 0xcf, 0xff, 0xff, 0xff,
    0xfe, 0x10, 0x00, 0x00, 0x00, 0x00, 0x00, 0x5f, 0xff, 0xff, 0xff, 0xff, 0xff, 0xff, 0xff, 0xff,
    0xff, 0xff, 0xff, 0x50, 0x00, 0x00, 0x00, 0x00, 0x00, 0x00, 0x6f, 0xff, 0xff, 0xff, 0xff, 0xff,
    0xff, 0xff, 0xff, 0xff, 0xff, 0x50, 0x00, 0x00, 0x00, 0x00, 0x00, 0x00, 0x00, 0x6f, 0xff, 0xff,
    0xff, 0xff, 0xff, 0xff, 0xff, 0xff, 0xff, 0x60, 0x00, 0x00, 0x00, 0x00, 0x00, 0x00, 0x00, 0x00,
    0x3c, 0xff, 0xff, 0xff, 0xff, 0xff, 0xff, 0xff, 0xfc, 0x30, 0x00, 0x00, 0x00, 0x00, 0x00, 0x00,
    0x00, 0x00, 0x00, 0x06, 0xcf, 0xff, 0xff, 0xff, 0xff, 0xff, 0xc6, 0x00, 0x00, 0x00, 0x00, 0x00,
    0x00, 0x00, 0x00, 0x00, 0x00, 0x00, 0x00, 0x28, 0xac, 0xef, 0xdc, 0xa7, 0x20, 0x00, 0x00, 0x00,
    0x00, 0x00, 0x00, 0x00, 0x00, 0x00, 0x00, 0x00, 0x4d, 0xff, 0xff, 0xff, 0x90, 0x00, 0x00, 0x00,
    0x00, 0x00, 0x19, 0xff, 0xff, 0xff, 0xff, 0x90, 0x00, 0x00, 0x00, 0x00, 0x05, 0xef, 0xff, 0xff,
    0xff, 0xff, 0x90, 0x00, 0x00, 0x00, 0x01, 0xaf, 0xff, 0xff, 0xff, 0xff, 0xff, 0x90, 0x00, 0x00,
    0x00, 0x6e, 0xff, 0xff, 0xff, 0xff, 0xff, 0xff, 0x90, 0x00, 0x00, 0x2b, 0xff, 0xff, 0xff, 0xff,
    0xff, 0xff, 0xff, 0x90, 0x00, 0x06, 0xef, 0xff, 0xff, 0xff, 0xff, 0xff, 0xff, 0xff, 0x90, 0x00,
    0x0c, 0xff, 0xff, 0xff, 0xff, 0x9b, 0xff, 0xff, 0xff, 0x90, 0x00, 0x0c, 0xff, 0xff, 0xff, 0xd3,
    0x0a, 0xff, 0xff, 0xff, 0x90, 0x00, 0x0c, 0xff, 0xff, 0xf8, 0x00, 0x0a, 0xff, 0xff, 0xff, 0x90,
    0x00, 0x0c, 0xff, 0xfc, 0x30, 0x00, 0x0a, 0xff, 0xff, 0xff, 0x90, 0x00, 0x0c, 0xfe, 0x70, 0x00,
    0x00, 0x0a, 0xff, 0xff, 0xff, 0x90, 0x00, 0x0c, 0xb2, 0x00, 0x00, 0x00, 0x0a, 0xff, 0xff, 0xff,
    0x90, 0x00, 0x04, 0x00, 0x00, 0x00, 0x00, 0x0a, 0xff, 0xff, 0xff, 0x90, 0x00, 0x00, 0x00, 0x00,
    0x00, 0x00, 0x0a, 0xff, 0xff, 0xff, 0x90, 0x00, 0x00, 0x00, 0x00, 0x00, 0x00, 0x0a, 0xff, 0xff,
    0xff, 0x90, 0x00, 0x00, 0x00, 0x00, 0x00, 0x00, 0x0a, 0xff, 0xff, 0xff, 0x90, 0x00, 0x00, 0x00,
    0x00, 0x00, 0x00, 0x0a, 0xff, 0xff, 0xff, 0x90, 0x00, 0x00, 0x00, 0x00, 0x00, 0x00, 0x0a, 0xff,
    0xff, 0xff, 0x90, 0x00, 0x00, 0x00, 0x00, 0x00, 0x00, 0x0a, 0xff, 0xff, 0xff, 0x90, 0x00, 0x00,
    0x00, 0x00, 0x00, 0x00, 0x0a, 0xff, 0xff, 0xff, 0x90, 0x00, 0x00, 0x00, 0x00, 0x00, 0x00, 0x0a,
    0xff, 0xff, 0xff, 0x90, 0x00, 0x00, 0x00, 0x00, 0x00, 0x00, 0x0a, 0xff, 0xff, 0xff, 0x90, 0x00,
    0x00, 0x00, 0x00, 0x00, 0x00, 0x0a, 0xff, 0xff, 0xff, 0x90, 0x00, 0x00, 0x00, 0x00, 0x00, 0x00,
    0x0a, 0xff, 0xff, 0xff, 0x90, 0x00, 0x00, 0x00, 0x00, 0x00, 0x00, 0x0a, 0xff, 0xff, 0xff, 0x90,
    0x00, 0x00, 0x00, 0x00, 0x00, 0x00, 0x0a, 0xff, 0xff, 0xff, 0x90, 0x00, 0x00, 0x00, 0x00, 0x00,
    0x00, 0x0a, 0xff, 0xff, 0xff, 0x90, 0x00, 0x00, 0x00, 0x00, 0x00, 0x00, 0x0a, 0xff, 0xff, 0xff,
    0x90, 0x00, 0x00, 0x00, 0x00, 0x00, 0x00, 0x0a, 0xff, 0xff, 0xff, 0x90, 0x00, 0x00, 0x00, 0x00,
    0x00, 0x00, 0x0a, 0xff, 0xff, 0xff, 0x90, 0x00, 0x00, 0x00, 0x00, 0x00, 0x00, 0x0a, 0xff, 0xff,
    0xff, 0x90, 0x00, 0x00, 0x00, 0x00, 0x00, 0x00, 0x0a, 0xff, 0xff, 0xff, 0x90, 0x00, 0x00, 0x00,
    0x00, 0x00, 0x00, 0x0a, 0xff, 0xff, 0xff, 0x90, 0x00, 0x00, 0x00, 0x00, 0x00, 0x00, 0x0a, 0xff,
    0xff, 0xff, 0x90, 0x00, 0x00, 0x00, 0x00, 0x00, 0x00, 0x0a, 0xff, 0xff, 0xff, 0x90, 0x00, 0x00,
    0x00, 0x00, 0x00, 0x00, 0x0a, 0xff, 0xff, 0xff, 0x90, 0x00, 0x00, 0x00, 0x00, 0x00, 0x00, 0x0a,
    0xff, 0xff, 0xff, 0x90, 0x00, 0x00, 0x00, 0x00, 0x00, 0x00, 0x0a, 0xff, 0xff, 0xff, 0x90, 0x00,
    0x00, 0x00, 0x00, 0x00, 0x00, 0x0a, 0xff, 0xff, 0xff, 0x90, 0x00, 0x00, 0x00, 0x00, 0x00, 0x00,
    0x0a, 0xff, 0xff, 0xff, 0x90, 0x00, 0x00, 0x00, 0x00, 0x00, 0x00, 0x0a, 0xff, 0xff, 0xff, 0x90,
    0x00, 0x00, 0x00, 0x00, 0x00, 0x00, 0x01, 0x59, 0xcd, 0xee, 0xdc, 0xa6, 0x20, 0x00, 0x00, 0x00,
    0x00, 0x00, 0x00, 0x00, 0x00, 0x00, 0x03, 0xbf, 0xff, 0xff, 0xff, 0xff, 0xff, 0xfc, 0x50, 0x00,
    0x00, 0x00, 0x00, 0x00, 0x00, 0x00, 0x01, 0xaf, 0xff, 0xff, 0xff, 0xff, 0xff, 0xff, 0xff, 0xfc,
    0x20, 0x00, 0x00, 0x00, 0x00, 0x00, 0x00, 0x2d, 0xff, 0xff, 0xff, 0xff, 0xff, 0xff, 0xff, 0xff,
    0xff, 0xe5, 0x00, 0x00, 0x00, 0x00, 0x00, 0x02, 0xef, 0xff, 0xff, 0xff, 0xff, 0xff, 0xff, 0xff,
    0xff, 0xff, 0xff, 0x50, 0x00, 0x00, 0x00, 0x00, 0x1c, 0xff, 0xff, 0xff, 0xff, 0xff, 0xff, 0xff,
    0xff, 0xff, 0xff, 0xff, 0xf3, 0x00, 0x00, 0x00, 0x00, 0x9f, 0xff, 0xff, 0xff, 0xfd, 0x95, 0x44,
    0x69, 0xdf, 0xff, 0xff, 0xff, 0xfc, 0x00, 0x00, 0x00, 0x02, 0xff, 0xff, 0xff, 0xff, 0x70, 0x00,
    0x00, 0x00, 0x07, 0xef, 0xff, 0xff, 0xff, 0x50, 0x00, 0x00, 0x09, 0xff, 0xff, 0xff, 0xf5, 0x00,
    0x00, 0x00, 0x00, 0x00, 0x4f, 0xff, 0xff, 0xff, 0xb0, 0x00, 0x00, 0x0e, 0xff, 0xff, 0xff, 0xa0,
    0x00, 0x00, 0x00, 0x00, 0x00, 0x08, 0xff, 0xff, 0xff, 0xf1, 0x00, 0x00, 0x3f, 0xff, 0xff, 0xff,
    0x20, 0x00, 0x00, 0x00, 0x00, 0x00, 0x01, 0xef, 0xff, 0xff, 0xf4, 0x00, 0x00, 0x7f, 0xff, 0xff,
    0xfa, 0x00, 0x00, 0x00, 0x00, 0x00, 0x00, 0x00, 0xbf, 0xff, 0xff, 0xf6, 0x00, 0x00, 0x8f, 0xff,
    0xff, 0xf6, 0x00, 0x00, 0x00, 0x00, 0x00, 0x00, 0x00, 0x9f, 0xff, 0xff, 0xf7, 0x00, 0x00, 0xaf,
    0xff, 0xff, 0xf4, 0x00, 0x00, 0x00, 0x00, 0x00, 0x00, 0x00, 0x9f, 0xff, 0xff, 0xf7, 0x00, 0x00,
    0x7a, 0xaa, 0xaa, 0xa2, 0x00, 0x00, 0x00, 0x00, 0x00, 0x00, 0x00, 0xbf, 0xff, 0xff, 0xf6, 0x00,
    0x00, 0x00, 0x00, 0x00, 0x00, 0x00, 0x00, 0x00, 0x00, 0x00, 0x00, 0x00, 0xef, 0xff, 0xff, 0xf3,
    0x00, 0x00, 0x00, 0x00, 0x00, 0x00, 0x00, 0x00, 0x00, 0x00, 0x00, 0x00, 0x05, 0xff, 0xff, 0xff,
    0xe0, 0x00, 0x00, 0x00, 0x00, 0x00, 0x00, 0x00, 0x00, 0x00, 0x00, 0x00, 0x00, 0x0d, 0xff, 0xff,
    0xff, 0x90, 0x00, 0x00, 0x00, 0x00, 0x00, 0x00, 0x00, 0x00, 0x00, 0x00, 0x00, 0x00, 0x8f, 0xff,
    0xff, 0xff, 0x30, 0x00, 0x00, 0x00, 0x00, 0x00, 0x00, 0x00, 0x00, 0x00, 0x00, 0x00, 0x06, 0xff,
    0xff, 0xff, 0xf9, 0x00, 0x00, 0x00, 0x00, 0x00, 0x00, 0x00, 0x00, 0x00, 0x00, 0x00, 0x00, 0x5f,
    0xff, 0xff, 0xff, 0xd1, 0x00, 0x00, 0x00, 0x00, 0x00, 0x00, 0x00, 0x00, 0x00, 0x00, 0x00, 0x06,
    0xff, 0xff, 0xff, 0xff, 0x30, 0x00, 0x00, 0x00, 0x00, 0x00, 0x00, 0x00, 0x00, 0x00, 0x00, 0x00,
    0x8f, 0xff, 0xff, 0xff, 0xf5, 0x00, 0x00, 0x00, 0x00, 0x00, 0x00, 0x00, 0x00, 0x00, 0x00, 0x00,
    0x09, 0xff, 0xff, 0xff, 0xff, 0x70, 0x00, 0x00, 0x00, 0x00, 0x00, 0x00, 0x00, 0x00, 0x00, 0x00,
    0x01, 0xbf, 0xff, 0xff, 0xff, 0xf6, 0x00, 0x00, 0x00, 0x00, 0x00, 0x00, 0x00, 0x00, 0x00, 0x00,
    0x00, 0x2d, 0xff, 0xff, 0xff, 0xff, 0x60, 0x00, 0x00, 0x00, 0x00, 0x00, 0x00, 0x00, 0x00, 0x00,
    0x00, 0x04, 0xef, 0xff, 0xff, 0xff, 0xe4, 0x00, 0x00, 0x00, 0x00, 0x00, 0x00, 0x00, 0x00, 0x00,
    0x00, 0x00, 0x6f, 0xff, 0xff, 0xff, 0xfd, 0x30, 0x00, 0x00, 0x00, 0x00, 0x00, 0x00, 0x00, 0x00,
    0x00, 0x00, 0x08, 0xff, 0xff, 0xff, 0xff, 0xc2, 0x00, 0x00, 0x00, 0x00, 0x00, 0x00, 0x00, 0x00,
    0x00, 0x00, 0x01, 0xaf, 0xff, 0xff, 0xff, 0xfb, 0x10, 0x00, 0x00, 0x00, 0x00, 0x00, 0x00, 0x00,
    0x00, 0x00, 0x00, 0x1c, 0xff, 0xff, 0xff, 0xff, 0x90, 0x00, 0x00, 0x00, 0x00, 0x00, 0x00, 0x00,
    0x00, 0x00, 0x00, 0x03, 0xdf, 0xff, 0xff, 0xff, 0xf7, 0x00, 0x00, 0x00, 0x00, 0x00, 0x00, 0x00,
    0x00, 0x00, 0x00, 0x00, 0x4e, 0xff, 0xff, 0xff, 0xfe, 0x50, 0x00, 0x00, 0x00, 0x00, 0x00, 0x00,
    0x00, 0x00, 0x00, 0x00, 0x06, 0xff, 0xff, 0xff, 0xff, 0xe3, 0x00, 0x00, 0x00, 0x00, 0x00, 0x00,
    0x00, 0x00, 0x00, 0x00, 0x00, 0x9f, 0xff, 0xff, 0xff, 0xfd, 0x20, 0x00, 0x00, 0x00, 0x00, 0x00,
    0x00, 0x00, 0x00, 0x00, 0x00, 0x1b, 0xff, 0xff, 0xff, 0xff, 0xd4, 0x33, 0x33, 0x33, 0x33, 0x33,
    0x33, 0x33, 0x33, 0x32, 0x00, 0x00, 0xaf, 0xff, 0xff, 0xff, 0xff, 0xff, 0xff, 0xff, 0xff, 0xff,
    0xff, 0xff, 0xff, 0xff, 0xfb, 0x00, 0x00, 0xbf, 0xff, 0xff, 0xff, 0xff, 0xff, 0xff, 0xff, 0xff,
    0xff, 0xff, 0xff, 0xff, 0xff, 0xfb, 0x00, 0x00, 0xbf, 0xff, 0xff, 0xff, 0xff, 0xff, 0xff, 0xff,
    0xff, 0xff, 0xff, 0xff, 0xff, 0xff, 0xfb, 0x00, 0x00, 0xbf, 0xff, 0xff, 0xff, 0xff, 0xff, 0xff,
    0xff, 0xff, 0xff, 0xff, 0xff, 0xff, 0xff, 0xfb, 0x00, 0x00, 0xbf, 0xff, 0xff, 0xff, 0xff, 0xff,
    0xff, 0xff, 0xff, 0xff, 0xff, 0xff, 0xff, 0xff, 0xfb, 0x00, 0x00, 0xbf, 0xff, 0xff, 0xff, 0xff,
    0xff, 0xff, 0xff, 0xff, 0xff, 0xff, 0xff, 0xff, 0xff, 0xfb, 0x00, 0x00, 0x00, 0x00, 0x00, 0x00,
    0x00, 0x37, 0xbc, 0xdf, 0xed, 0xc9, 0x52, 0x00, 0x00, 0x00, 0x00, 0x00, 0x00, 0x00, 0x00, 0x00,
    0x00, 0x01, 0x7d, 0xff, 0xff, 0xff, 0xff, 0xff, 0xff, 0xb4, 0x00, 0x00, 0x00, 0x00, 0x00, 0x00,
    0x00, 0x00, 0x00, 0x5e, 0xff, 0xff, 0xff, 0xff, 0xff, 0xff, 0xff, 0xff, 0xb2, 0x00, 0x00, 0x00,
    0x00, 0x00, 0x00, 0x00, 0x09, 0xff, 0xff, 0xff, 0xff, 0xff, 0xff, 0xff, 0xff, 0xff, 0xfe, 0x50,
    0x00, 0x00, 0x00, 0x00, 0x00, 0x00, 0x9f, 0xff, 0xff, 0xff, 0xff, 0xff, 0xff, 0xff, 0xff, 0xff,
    0xff, 0xf5, 0x00, 0x00, 0x00, 0x00, 0x00, 0x07, 0xff, 0xff, 0xff, 0xff, 0xff, 0xff, 0xff, 0xff,
    0xff, 0xff, 0xff, 0xff, 0x20, 0x00, 0x00, 0x00, 0x00, 0x2f, 0xff, 0xff, 0xff, 0xfe, 0x84, 0x20,
    0x13, 0x5c, 0xff, 0xff, 0xff, 0xff, 0xc0, 0x00, 0x00, 0x00, 0x00, 0xaf, 0xff, 0xff, 0xff, 0xa2,
    0x00, 0x00, 0x00, 0x00, 0x5e, 0xff, 0xff, 0xff, 0xf4, 0x00, 0x00, 0x00, 0x01, 0xff, 0xff, 0xff,
    0xfc, 0x00, 0x00, 0x00, 0x00, 0x00, 0x04, 0xff, 0xff, 0xff, 0xfa, 0x00, 0x00, 0x00, 0x06, 0xff,
    0xff, 0xff, 0xe2, 0x00, 0x00, 0x00, 0x00, 0x00, 0x00, 0x8f, 0xff, 0xff, 0xfe, 0x00, 0x00, 0x00,
    0x0a, 0xff, 0xff, 0xff, 0x90, 0x00, 0x00, 0x00, 0x00, 0x00, 0x00, 0x2f, 0xff, 0xff, 0xff, 0x10,
    0x00, 0x00, 0x0b, 0xff, 0xff, 0xff, 0x50, 0x00, 0x00, 0x00, 0x00, 0x00, 0x00, 0x0f, 0xff, 0xff,
    0xff, 0x20, 0x00, 0x00, 0x0c, 0xff, 0xff, 0xff, 0x40, 0x00, 0x00, 0x00, 0x00, 0x00, 0x00, 0x0e,
    0xff, 0xff, 0xff, 0x20, 0x00, 0x00, 0x00, 0x00, 0x00, 0x00, 0x00, 0x00, 0x00, 0x00, 0x00, 0x00,
    0x00, 0x1f, 0xff, 0xff, 0xfe, 0x00, 0x00, 0x00, 0x00, 0x00, 0x00, 0x00, 0x00, 0x00, 0x00, 0x00,
    0x00, 0x00, 0x00, 0x6f, 0xff, 0xff, 0xfa, 0x00, 0x00, 0x00, 0x00, 0x00, 0x00, 0x00, 0x00, 0x00,
    0x00, 0x00, 0x00, 0x00, 0x02, 0xef, 0xff, 0xff, 0xf2, 0x00, 0x00, 0x00, 0x00, 0x00, 0x00, 0x00,
    0x00, 0x00, 0x00, 0x00, 0x00, 0x00, 0x5e, 0xff, 0xff, 0xff, 0x80, 0x00, 0x00, 0x00, 0x00, 0x00,
    0x00, 0x00, 0x00, 0x00, 0x00, 0x01, 0x34, 0x7d, 0xff, 0xff, 0xff, 0xfb, 0x00, 0x00, 0x00, 0x00,
    0x00, 0x00, 0x00, 0x00, 0x00, 0x08, 0xff, 0xff, 0xff, 0xff, 0xff, 0xff, 0xff, 0x80, 0x00, 0x00,
    0x00, 0x00, 0x00, 0x00, 0x00, 0x00, 0x00, 0x08, 0xff, 0xff, 0xff, 0xff, 0xff, 0xff, 0xa4, 0x00,
    0x00, 0x00, 0x00, 0x00, 0x00, 0x00, 0x00, 0x00, 0x00, 0x08, 0xff, 0xff, 0xff, 0xff, 0xff, 0xc3,
    0x00, 0x00, 0x00, 0x00, 0x00, 0x00, 0x00, 0x00, 0x00, 0x00, 0x00, 0x08, 0xff, 0xff, 0xff, 0xff,
    0xff, 0xff, 0xd7, 0x10, 0x00, 0x00, 0x00, 0x00, 0x00, 0x00, 0x00, 0x00, 0x00, 0x08, 0xff, 0xff,
    0xff, 0xff, 0xff, 0xff, 0xff, 0xe6, 0x00, 0x00, 0x00, 0x00, 0x00, 0x00, 0x00, 0x00, 0x00, 0x06,
    0xbb, 0xbc, 0xef, 0xff, 0xff, 0xff, 0xff, 0xff, 0x90, 0x00, 0x00, 0x00, 0x00, 0x00, 0x00, 0x00,
    0x00, 0x00, 0x00, 0x00, 0x00, 0x27, 0xdf, 0xff, 0xff, 0xff, 0xf8, 0x00, 0x00, 0x00, 0x00, 0x00,
    0x00, 0x00, 0x00, 0x00, 0x00, 0x00, 0x00, 0x00, 0x05, 0xef, 0xff, 0xff, 0xff, 0x40, 0x00, 0x00,
    0x00, 0x00, 0x00, 0x00, 0x00, 0x00, 0x00, 0x00, 0x00, 0x00, 0x00, 0x3e, 0xff, 0xff, 0xff, 0xb0,
    0x00, 0x00, 0x00, 0x00, 0x00, 0x00, 0x00, 0x00, 0x00, 0x00, 0x00, 0x00, 0x00, 0x07, 0xff, 0xff,
    0xff, 0xf2, 0x00, 0x00, 0x7a, 0xaa, 0xaa, 0xa5, 0x00, 0x00, 0x00, 0x00, 0x00, 0x00, 0x00, 0x01,
    0xff, 0xff, 0xff, 0xf5, 0x00, 0x00, 0xaf, 0xff, 0xff, 0xf9, 0x00, 0x00, 0x00, 0x00, 0x00, 0x00,
    0x00, 0x00, 0xef, 0xff, 0xff, 0xf7, 0x00, 0x00, 0x8f, 0xff, 0xff, 0xfc, 0x00, 0x00, 0x00, 0x00,
    0x00, 0x00, 0x00, 0x00, 0xff, 0xff, 0xff, 0xf7, 0x00, 0x00, 0x5f, 0xff, 0xff, 0xff, 0x10, 0x00,
    0x00, 0x00, 0x00, 0x00, 0x00, 0x03, 0xff, 0xff, 0xff, 0xf5, 0x00, 0x00, 0x1f, 0xff, 0xff, 0xff,
    0x90, 0x00, 0x00, 0x00, 0x00, 0x00, 0x00, 0x0a, 0xff, 0xff, 0xff, 0xf2, 0x00, 0x00, 0x0b, 0xff,
    0xff, 0xff, 0xf5, 0x00, 0x00, 0x00, 0x00, 0x00, 0x00, 0x6f, 0xff, 0xff, 0xff, 0xc0, 0x00, 0x00,
    0x03, 0xff, 0xff, 0xff, 0xff, 0x91, 0x00, 0x00, 0x00, 0x00, 0x29, 0xff, 0xff, 0xff, 0xff, 0x60,
    0x00, 0x00, 0x00, 0xaf, 0xff, 0xff, 0xff, 0xfe, 0x84, 0x21, 0x24, 0x6a, 0xff, 0xff, 0xff, 0xff,
    0xfc, 0x00, 0x00, 0x00, 0x00, 0x1d, 0xff, 0xff, 0xff, 0xff, 0xff, 0xff, 0xff, 0xff, 0xff, 0xff,
    0xff, 0xff, 0xe3, 0x00, 0x00, 0x00, 0x00, 0x02, 0xef, 0xff, 0xff, 0xff, 0xff, 0xff, 0xff, 0xff,
    0xff, 0xff, 0xff, 0xfe, 0x40, 0x00, 0x00, 0x00, 0x00, 0x00, 0x2c, 0xff, 0xff, 0xff, 0xff, 0xff,
    0xff, 0xff, 0xff, 0xff, 0xff, 0xd3, 0x00, 0x00, 0x00, 0x00, 0x00, 0x00, 0x00, 0x8f, 0xff, 0xff,
    0xff, 0xff, 0xff, 0xff, 0xff, 0xff, 0xf8, 0x10, 0x00, 0x00, 0x00, 0x00, 0x00, 0x00, 0x00, 0x01,
    0x8e, 0xff, 0xff, 0xff, 0xff, 0xff, 0xff, 0xe8, 0x20, 0x00, 0x00, 0x00, 0x00, 0x00, 0x00, 0x00,
    0x00, 0x00, 0x00, 0x37, 0xbc, 0xdf, 0xed, 0xca, 0x73, 0x00, 0x00, 0x00, 0x00, 0x00, 0x00, 0x00,
    0x00, 0x00, 0x00, 0x00, 0x00, 0x00, 0x00, 0x00, 0x00, 0xaf, 0xff, 0xff, 0xff, 0xfe, 0x00, 0x00,
    0x00, 0x00, 0x00, 0x00, 0x00, 0x00, 0x00, 0x00, 0x00, 0x00, 0x00, 0x6f, 0xff, 0xff, 0xff, 0xff,
    0xe0, 0x00, 0x00, 0x00, 0x00, 0x00, 0x00, 0x00, 0x00, 0x00, 0x00, 0x00, 0x00, 0x2e, 0xff, 0xff,
    0xff, 0xff, 0xfe, 0x00, 0x00, 0x00, 0x00, 0x00, 0x00, 0x00, 0x00, 0x00, 0x00, 0x00, 0x00, 0x0c,
    0xff, 0xff, 0xff, 0xff, 0xff, 0xe0, 0x00, 0x00, 0x00, 0x00, 0x00, 0x00, 0x00, 0x00, 0x00, 0x00,
    0x00, 0x07, 0xff, 0xff, 0xff, 0xff, 0xff, 0xfe, 0x00, 0x00, 0x00, 0x00, 0x00, 0x00, 0x00, 0x00,
    0x00, 0x00, 0x00, 0x03, 0xff, 0xff, 0xff, 0xff, 0xff, 0xff, 0xe0, 0x00, 0x00, 0x00, 0x00, 0x00,
    0x00, 0x00, 0x00, 0x00, 0x00, 0x01, 0xdf, 0xff, 0xff, 0xff, 0xff, 0xff, 0xfe, 0x00, 0x00, 0x00,
    0x00, 0x00, 0x00, 0x00, 0x00, 0x00, 0x00, 0x00, 0x9f, 0xff, 0xff, 0xfe, 0xff, 0xff, 0xff, 0xe0,
    0x00, 0x00, 0x00, 0x00, 0x00, 0x00, 0x00, 0x00, 0x00, 0x00, 0x5f, 0xff, 0xff, 0xfe, 0x5f, 0xff,
    0xff, 0xfe, 0x00, 0x00, 0x00, 0x00, 0x00, 0x00, 0x00, 0x00, 0x00, 0x00, 0x1e, 0xff, 0xff, 0xff,
    0x63, 0xff, 0xff, 0xff, 0xe0, 0x00, 0x00, 0x00, 0x00, 0x00, 0x00, 0x00, 0x00, 0x00, 0x0b, 0xff,
    0xff, 0xff, 0xa0, 0x3f, 0xff, 0xff, 0xfe, 0x00, 0x00, 0x00, 0x00, 0x00, 0x00, 0x00, 0x00, 0x00,
    0x06, 0xff, 0xff, 0xff, 0xd1, 0x03, 0xff, 0xff, 0xff, 0xe0, 0x00, 0x00, 0x00, 0x00, 0x00, 0x00,
    0x00, 0x00, 0x02, 0xef, 0xff, 0xff, 0xf4, 0x00, 0x3f, 0xff, 0xff, 0xfe, 0x00, 0x00, 0x00, 0x00,
    0x00, 0x00, 0x00, 0x00, 0x00, 0xcf, 0xff, 0xff, 0xf8, 0x00, 0x03, 0xff, 0xff, 0xff, 0xe0, 0x00,
    0x00, 0x00, 0x00, 0x00, 0x00, 0x00, 0x00, 0x8f, 0xff, 0xff, 0xfc, 0x00, 0x00, 0x3f, 0xff, 0xff,
    0xfe, 0x00, 0x00, 0x00, 0x00, 0x00, 0x00, 0x00, 0x00, 0x4f, 0xff, 0xff, 0xff, 0x30, 0x00, 0x03,
    0xff, 0xff, 0xff, 0xe0, 0x00, 0x00, 0x00, 0x00, 0x00, 0x00, 0x00, 0x1d, 0xff, 0xff, 0xff, 0x70,
    0x00, 0x00, 0x3f, 0xff, 0xff, 0xfe, 0x00, 0x00, 0x00, 0x00, 0x00, 0x00, 0x00, 0x0a, 0xff, 0xff,
    0xff, 0xb0, 0x00, 0x00, 0x03, 0xff, 0xff, 0xff, 0xe0, 0x00, 0x00, 0x00, 0x00, 0x00, 0x00, 0x05,
    0xff, 0xff, 0xff, 0xe2, 0x00, 0x00, 0x00, 0x3f, 0xff, 0xff, 0xfe, 0x00, 0x00, 0x00, 0x00, 0x00,
    0x00, 0x02, 0xef, 0xff, 0xff, 0xf5, 0x00, 0x00, 0x00, 0x03, 0xff, 0xff, 0xff, 0xe0, 0x00, 0x00,
    0x00, 0x00, 0x00, 0x00, 0xbf, 0xff, 0xff, 0xf9, 0x00, 0x00, 0x00, 0x00, 0x3f, 0xff, 0xff, 0xfe,
    0x00, 0x00, 0x00, 0x00, 0x00, 0x00, 0x7f, 0xff, 0xff, 0xfd, 0x10, 0x00, 0x00, 0x00, 0x03, 0xff,
    0xff, 0xff, 0xe0, 0x00, 0x00, 0x00, 0x00, 0x00, 0x3f, 0xff, 0xff, 0xff, 0x40, 0x00, 0x00, 0x00,
    0x00, 0x3f, 0xff, 0xff, 0xfe, 0x00, 0x00, 0x00, 0x00, 0x00, 0x1d, 0xff, 0xff, 0xff, 0x80, 0x00,
    0x00, 0x00, 0x00, 0x03, 0xff, 0xff, 0xff, 0xe0, 0x00, 0x00, 0x00, 0x00, 0x09, 0xff, 0xff, 0xff,
    0xc0, 0x00, 0x00, 0x00, 0x00, 0x00, 0x3f, 0xff, 0xff, 0xfe, 0x00, 0x00, 0x00, 0x00, 0x04, 0xff,
    0xff, 0xff, 0xe2, 0x00, 0x00, 0x00, 0x00, 0x00, 0x03, 0xff, 0xff, 0xff, 0xe0, 0x00, 0x00, 0x00,
    0x01, 0xef, 0xff, 0xff, 0xf7, 0x00, 0x00, 0x00, 0x00, 0x00, 0x00, 0x3f, 0xff, 0xff, 0xfe, 0x00,
    0x00, 0x00, 0x00, 0x6f, 0xff, 0xff, 0xff, 0xff, 0xff, 0xff, 0xff, 0xff, 0xff, 0xff, 0xff, 0xff,
    0xff, 0xff, 0xff, 0xff, 0xb0, 0x06, 0xff, 0xff, 0xff, 0xff, 0xff, 0xff, 0xff, 0xff, 0xff, 0xff,
    0xff, 0xff, 0xff, 0xff, 0xff, 0xff, 0xfb, 0x00, 0x6f, 0xff, 0xff, 0xff, 0xff, 0xff, 0xff, 0xff,
    0xff, 0xff, 0xff, 0xff, 0xff, 0xff, 0xff, 0xff, 0xff, 0xb0, 0x06, 0xff, 0xff, 0xff, 0xff, 0xff,
    0xff, 0xff, 0xff, 0xff, 0xff, 0xff, 0xff, 0xff, 0xff, 0xff, 0xff, 0xfb, 0x00, 0x6f, 0xff, 0xff,
    0xff, 0xff, 0xff, 0xff, 0xff, 0xff, 0xff, 0xff, 0xff, 0xff, 0xff, 0xff, 0xff, 0xff, 0xb0, 0x06,
    0xff, 0xff, 0xff, 0xff, 0xff, 0xff, 0xff, 0xff, 0xff, 0xff, 0xff, 0xff, 0xff, 0xff, 0xff, 0xff,
    0xfb, 0x00, 0x00, 0x00, 0x00, 0x00, 0x00, 0x00, 0x00, 0x00, 0x00, 0x00, 0x03, 0xff, 0xff, 0xff,
    0xe0, 0x00, 0x00, 0x00, 0x00, 0x00, 0x00, 0x00, 0x00, 0x00, 0x00, 0x00, 0x00, 0x00, 0x00, 0x3f,
    0xff, 0xff, 0xfe, 0x00, 0x00, 0x00, 0x00, 0x00, 0x00, 0x00, 0x00, 0x00, 0x00, 0x00, 0x00, 0x00,
    0x00, 0x03, 0xff, 0xff, 0xff, 0xe0, 0x00, 0x00, 0x00, 0x00, 0x00, 0x00, 0x00, 0x00, 0x00, 0x00,
    0x00, 0x00, 0x00, 0x00, 0x3f, 0xff, 0xff, 0xfe, 0x00, 0x00, 0x00, 0x00, 0x00, 0x00, 0x00, 0x00,
    0x00, 0x00, 0x00, 0x00, 0x00, 0x00, 0x03, 0xff, 0xff, 0xff, 0xe0, 0x00, 0x00, 0x00, 0x00, 0x00,
    0x00, 0x00, 0x00, 0x00, 0x00, 0x00, 0x00, 0x00, 0x00, 0x3f, 0xff, 0xff, 0xfe, 0x00, 0x00, 0x00,
    0x00, 0x00, 0x00, 0x00, 0x00, 0x00, 0x00, 0x00, 0x00, 0x00, 0x00, 0x03, 0xff, 0xff, 0xff, 0xe0,
    0x00, 0x00, 0x00, 0x00, 0x00, 0x00, 0x00, 0x00, 0x00, 0x00, 0x00, 0x00, 0x00, 0x00, 0x3f, 0xff,
    0xff, 0xfe, 0x00, 0x00, 0x00, 0x00, 0x00, 0x00, 0x00, 0x00, 0x00, 0x00, 0x00, 0x00, 0x00, 0x00,
    0x03, 0xff, 0xff, 0xff, 0xe0, 0x00, 0x00, 0x00, 0x00, 0x05, 0xff, 0xff, 0xff, 0xff, 0xff, 0xff,
    0xff, 0xff, 0xff, 0xff, 0xff, 0xff, 0xfd, 0x00, 0x00, 0x00, 0x06, 0xff, 0xff, 0xff, 0xff, 0xff,
    0xff, 0xff, 0xff, 0xff, 0xff, 0xff, 0xff, 0xfd, 0x00, 0x00, 0x00, 0x07, 0xff, 0xff, 0xff, 0xff,
    0xff, 0xff, 0xff, 0xff, 0xff, 0xff, 0xff, 0xff, 0xfd, 0x00, 0x00, 0x00, 0x07, 0xff, 0xff, 0xff,
    0xff, 0xff, 0xff, 0xff, 0xff, 0xff, 0xff, 0xff, 0xff, 0xfd, 0x00, 0x00, 0x00, 0x08, 0xff, 0xff,
    0xff, 0xff, 0xff, 0xff, 0xff, 0xff, 0xff, 0xff, 0xff, 0xff, 0xfd, 0x00, 0x00, 0x00, 0x09, 0xff,
    0xff, 0xff, 0xff, 0xff, 0xff, 0xff, 0xff, 0xff, 0xff, 0xff, 0xff, 0xfd, 0x00, 0x00, 0x00, 0x0a,
    0xff, 0xff, 0xff, 0x73, 0x33, 0x33, 0x33, 0x33, 0x33, 0x33, 0x33, 0x33, 0x33, 0x00, 0x00, 0x00,
    0x0b, 0xff, 0xff, 0xff, 0x40, 0x00, 0x00, 0x00, 0x00, 0x00, 0x00, 0x00, 0x00, 0x00, 0x00, 0x00,
    0x00, 0x0c, 0xff, 0xff, 0xff, 0x30, 0x00, 0x00, 0x00, 0x00, 0x00, 0x00, 0x00, 0x00, 0x00, 0x00,
    0x00, 0x00, 0x0c, 0xff, 0xff, 0xff, 0x10, 0x00, 0x00, 0x00, 0x00, 0x00, 0x00, 0x00, 0x00, 0x00,
    0x00, 0x00, 0x00, 0x0d, 0xff, 0xff, 0xff, 0x00, 0x00, 0x00, 0x00, 0x00, 0x00, 0x00, 0x00, 0x00,
    0x00, 0x00, 0x00, 0x00, 0x0e, 0xff, 0xff, 0xfe, 0x00, 0x00, 0x00, 0x00, 0x00, 0x00, 0x00, 0x00,
    0x00, 0x00, 0x00, 0x00, 0x00, 0x0f, 0xff, 0xff, 0xfd, 0x00, 0x00, 0x00, 0x00, 0x00, 0x00, 0x00,
    0x00, 0x00, 0x00, 0x00, 0x00, 0x00, 0x1f, 0xff, 0xff, 0xfc, 0x00, 0x00, 0x48, 0xbd, 0xed, 0xb9,
    0x51, 0x00, 0x00, 0x00, 0x00, 0x00, 0x00, 0x2f, 0xff, 0xff, 0xfa, 0x00, 0x6e, 0xff, 0xff, 0xff,
    0xff, 0xfe, 0x81, 0x00, 0x00, 0x00, 0x00, 0x00, 0x2f, 0xff, 0xff, 0xf9, 0x2d, 0xff, 0xff, 0xff,
    0xff, 0xff, 0xff, 0xfe, 0x60, 0x00, 0x00, 0x00, 0x00, 0x3f, 0xff, 0xff, 0xfb, 0xef, 0xff, 0xff,
    0xff, 0xff, 0xff, 0xff, 0xff, 0xf8, 0x00, 0x00, 0x00, 0x00, 0x4f, 0xff, 0xff, 0xff, 0xff, 0xff,
    0xff, 0xff, 0xff, 0xff, 0xff, 0xff, 0xff, 0x90, 0x00, 0x00, 0x00, 0x5f, 0xff, 0xff, 0xff, 0xff,
    0xff, 0xff, 0xff, 0xff, 0xff, 0xff, 0xff, 0xff, 0xf6, 0x00, 0x00, 0x00, 0x6f, 0xff, 0xff, 0xff,
    0xff, 0xfb, 0x63, 0x20, 0x25, 0xaf, 0xff, 0xff, 0xff, 0xfe, 0x20, 0x00, 0x00, 0x7f, 0xff, 0xff,
    0xff, 0xfc, 0x20, 0x00, 0x00, 0x00, 0x03, 0xdf, 0xff, 0xff, 0xff, 0x90, 0x00, 0x00, 0x7f, 0xff,
    0xff, 0xff, 0xb1, 0x00, 0x00, 0x00, 0x00, 0x00, 0x2e, 0xff, 0xff, 0xff, 0xf2, 0x00, 0x00, 0x8f,
    0xff, 0xff, 0xfe, 0x10, 0x00, 0x00, 0x00, 0x00, 0x00, 0x06, 0xff, 0xff, 0xff, 0xf6, 0x00, 0x00,
    0x7b, 0xbb, 0xbb, 0xb6, 0x00, 0x00, 0x00, 0x00, 0x00, 0x00, 0x00, 0xcf, 0xff, 0xff, 0xfb, 0x00,
    0x00, 0x00, 0x00, 0x00, 0x00, 0x00, 0x00, 0x00, 0x00, 0x00, 0x00, 0x00, 0x5f, 0xff, 0xff, 0xff,
    0x00, 0x00, 0x00, 0x00, 0x00, 0x00, 0x00, 0x00, 0x00, 0x00, 0x00, 0x00, 0x00, 0x2f, 0xff, 0xff,
    0xff, 0x10, 0x00, 0x00, 0x00, 0x00, 0x00, 0x00, 0x00, 0x00, 0x00, 0x00, 0x00, 0x00, 0x0f, 0xff,
    0xff, 0xff, 0x20, 0x00, 0x00, 0x00, 0x00, 0x00, 0x00, 0x00, 0x00, 0x00, 0x00, 0x00, 0x00, 0x0e,
    0xff, 0xff, 0xff, 0x30, 0x01, 0x44, 0x44, 0x44, 0x40, 0x00, 0x00, 0x00, 0x00, 0x00, 0x00, 0x00,
    0x0f, 0xff, 0xff, 0xff, 0x20, 0x01, 0xff, 0xff, 0xff, 0xf2, 0x00, 0x00, 0x00, 0x00, 0x00, 0x00,
    0x00, 0x1f, 0xff, 0xff, 0xff, 0x10, 0x00, 0xef, 0xff, 0xff, 0xf5, 0x00, 0x00, 0x00, 0x00, 0x00,
    0x00, 0x00, 0x5f, 0xff, 0xff, 0xfe, 0x00, 0x00, 0xbf, 0xff, 0xff, 0xfb, 0x00, 0x00, 0x00, 0x00,
    0x00, 0x00, 0x00, 0xbf, 0xff, 0xff, 0xfa, 0x00, 0x00, 0x7f, 0xff, 0xff, 0xff, 0x60, 0x00, 0x00,
    0x00, 0x00, 0x00, 0x04, 0xff, 0xff, 0xff, 0xf6, 0x00, 0x00, 0x1f, 0xff, 0xff, 0xff, 0xf3, 0x00,
    0x00, 0x00, 0x00, 0x00, 0x2e, 0xff, 0xff, 0xff, 0xe1, 0x00, 0x00, 0x09, 0xff, 0xff, 0xff, 0xfe,
    0x70, 0x00, 0x00, 0x00, 0x04, 0xef, 0xff, 0xff, 0xff, 0x80, 0x00, 0x00, 0x01, 0xef, 0xff, 0xff,
    0xff, 0xfd, 0x62, 0x10, 0x25, 0xaf, 0xff, 0xff, 0xff, 0xfe, 0x10, 0x00, 0x00, 0x00, 0x5f, 0xff,
    0xff, 0xff, 0xff, 0xff, 0xff, 0xff, 0xff, 0xff, 0xff, 0xff, 0xf4, 0x00, 0x00, 0x00, 0x00, 0x06,
    0xff, 0xff, 0xff, 0xff, 0xff, 0xff, 0xff, 0xff, 0xff, 0xff, 0xff, 0x60, 0x00, 0x00, 0x00, 0x00,
    0x00, 0x6e, 0xff, 0xff, 0xff, 0xff, 0xff, 0xff, 0xff, 0xff, 0xff, 0xe5, 0x00, 0x00, 0x00, 0x00,
    0x00, 0x00, 0x02, 0xcf, 0xff, 0xff, 0xff, 0xff, 0xff, 0xff, 0xff, 0xfc, 0x30, 0x00, 0x00, 0x00,
    0x00, 0x00, 0x00, 0x00, 0x04, 0xbf, 0xff, 0xff, 0xff, 0xff, 0xff, 0xfc, 0x50, 0x00, 0x00, 0x00,
    0x00, 0x00, 0x00, 0x00, 0x00, 0x00, 0x02, 0x69, 0xcd, 0xef, 0xdc, 0xa6, 0x20, 0x00, 0x00, 0x00,
    0x00, 0x00, 0x00, 0x00, 0x00, 0x00, 0x00, 0x00, 0x03, 0x8a, 0xcd, 0xfe, 0xdb, 0x74, 0x00, 0x00,
    0x00, 0x00, 0x00, 0x00, 0x00, 0x00, 0x00, 0x00, 0x01, 0x7d, 0xff, 0xff, 0xff, 0xff, 0xff, 0xfd,
    0x71, 0x00, 0x00, 0x00, 0x00, 0x00, 0x00, 0x00, 0x00, 0x03, 0xdf, 0xff, 0xff, 0xff, 0xff, 0xff,
    0xff, 0xff, 0xd4, 0x00, 0x00, 0x00, 0x00, 0x00, 0x00, 0x00, 0x08, 0xff, 0xff, 0xff, 0xff, 0xff,
    0xff, 0xff, 0xff, 0xff, 0xf8, 0x00, 0x00, 0x00, 0x00, 0x00, 0x00, 0x07, 0xff, 0xff, 0xff, 0xff,
    0xff, 0xff, 0xff, 0xff, 0xff, 0xff, 0xf8, 0x00, 0x00, 0x00, 0x00, 0x00, 0x05, 0xff, 0xff, 0xff,
    0xff, 0xff, 0xff, 0xff, 0xff, 0xff, 0xff, 0xff, 0xf5, 0x00, 0x00, 0x00, 0x00, 0x02, 0xff, 0xff,
    0xff, 0xff, 0xd8, 0x42, 0x12, 0x48, 0xef, 0xff, 0xff, 0xff, 0xe2, 0x00, 0x00, 0x00, 0x00, 0xaf,
    0xff, 0xff, 0xff, 0x80, 0x00, 0x00, 0x00, 0x01, 0xaf, 0xff, 0xff, 0xff, 0x80, 0x00, 0x00, 0x00,
    0x4f, 0xff, 0xff, 0xff, 0x50, 0x00, 0x00, 0x00, 0x00, 0x00, 0xbf, 0xff, 0xff, 0xfe, 0x10, 0x00,
    0x00, 0x0b, 0xff, 0xff, 0xff, 0x70, 0x00, 0x00, 0x00, 0x00, 0x00, 0x01, 0xff, 0xff, 0xff, 0xf4,
    0x00, 0x00, 0x01, 0xff, 0xff, 0xff, 0xd0, 0x00, 0x00, 0x00, 0x00, 0x00, 0x00, 0x0a, 0xff, 0xff,
    0xff, 0x80, 0x00, 0x00, 0x6f, 0xff, 0xff, 0xf5, 0x00, 0x00, 0x00, 0x00, 0x00, 0x00, 0x00, 0x13,
    0x33, 0x33, 0x32, 0x00, 0x00, 0x0c, 0xff, 0xff, 0xfe, 0x00, 0x00, 0x00, 0x00, 0x00, 0x00, 0x00,
    0x00, 0x00, 0x00, 0x00, 0x00, 0x00, 0x01, 0xff, 0xff, 0xff, 0xa0, 0x00, 0x00, 0x00, 0x00, 0x00,
    0x00, 0x00, 0x00, 0x00, 0x00, 0x00, 0x00, 0x00, 0x3f, 0xff, 0xff, 0xf7, 0x00, 0x00, 0x05, 0x9a,
    0xcd, 0xca, 0x83, 0x00, 0x00, 0x00, 0x00, 0x00, 0x00, 0x06, 0xff, 0xff, 0xff, 0x40, 0x01, 0x9e,
    0xff, 0xff, 0xff, 0xff, 0xfe, 0x71, 0x00, 0x00, 0x00, 0x00, 0x00, 0x9f, 0xff, 0xff, 0xf2, 0x05,
    0xef, 0xff, 0xff, 0xff, 0xff, 0xff, 0xff, 0xd5, 0x00, 0x00, 0x00, 0x00, 0x0b, 0xff, 0xff, 0xff,
    0x17, 0xff, 0xff, 0xff, 0xff, 0xff, 0xff, 0xff, 0xff, 0xf7, 0x00, 0x00, 0x00, 0x00, 0xcf, 0xff,
    0xff, 0xf6, 0xff, 0xff, 0xff, 0xff, 0xff, 0xff, 0xff, 0xff, 0xff, 0xf8, 0x00, 0x00, 0x00, 0x0c,
    0xff, 0xff, 0xff, 0xff, 0xff, 0xff, 0xff, 0xff, 0xff, 0xff, 0xff, 0xff, 0xff, 0xf5, 0x00, 0x00,
    0x00, 0xdf, 0xff, 0xff, 0xff, 0xff, 0xff, 0xd7, 0x31, 0x12, 0x6c, 0xff, 0xff, 0xff, 0xff, 0xe1,
    0x00, 0x00, 0x0e, 0xff, 0xff, 0xff, 0xff, 0xff, 0x81, 0x00, 0x00, 0x00, 0x07, 0xff, 0xff, 0xff,
    0xff, 0x80, 0x00, 0x00, 0xef, 0xff, 0xff, 0xff, 0xff, 0x40, 0x00, 0x00, 0x00, 0x00, 0x03, 0xff,
    0xff, 0xff, 0xff, 0x10, 0x00, 0x0d, 0xff, 0xff, 0xff, 0xff, 0x60, 0x00, 0x00, 0x00, 0x00, 0x00,
    0x07, 0xff, 0xff, 0xff, 0xf5, 0x00, 0x00, 0xcf, 0xff, 0xff, 0xff, 0xc0, 0x00, 0x00, 0x00, 0x00,
    0x00, 0x00, 0x0c, 0xff, 0xff, 0xff, 0xa0, 0x00, 0x0b, 0xff, 0xff, 0xff, 0xf6, 0x00, 0x00, 0x00,
    0x00, 0x00, 0x00, 0x00, 0x6f, 0xff, 0xff, 0xfd, 0x00, 0x00, 0xaf, 0xff, 0xff, 0xff, 0x20, 0x00,
    0x00, 0x00, 0x00, 0x00, 0x00, 0x03, 0xff, 0xff, 0xff, 0xe0, 0x00, 0x07, 0xff, 0xff, 0xff, 0xf1,
    0x00, 0x00, 0x00, 0x00, 0x00, 0x00, 0x00, 0x1f, 0xff, 0xff, 0xff, 0x10, 0x00, 0x4f, 0xff, 0xff,
    0xff, 0x10, 0x00, 0x00, 0x00, 0x00, 0x00, 0x00, 0x01, 0xff, 0xff, 0xff, 0xf1, 0x00, 0x01, 0xff,
    0xff, 0xff, 0xf3, 0x00, 0x00, 0x00, 0x00, 0x00, 0x00, 0x00, 0x3f, 0xff, 0xff, 0xfe, 0x00, 0x00,
    0x0d, 0xff, 0xff, 0xff, 0x70, 0x00, 0x00, 0x00, 0x00, 0x00, 0x00, 0x07, 0xff, 0xff, 0xff, 0xd0,
    0x00, 0x00, 0x7f, 0xff, 0xff, 0xfd, 0x10, 0x00, 0x00, 0x00, 0x00, 0x00, 0x00, 0xdf, 0xff, 0xff,
    0xf9, 0x00, 0x00, 0x02, 0xff, 0xff, 0xff, 0xf9, 0x00, 0x00, 0x00, 0x00, 0x00, 0x00, 0x7f, 0xff,
    0xff, 0xff, 0x50, 0x00, 0x00, 0x0b, 0xff, 0xff, 0xff, 0xf5, 0x00, 0x00, 0x00, 0x00, 0x00, 0x5f,
    0xff, 0xff, 0xff, 0xe1, 0x00, 0x00, 0x00, 0x3f, 0xff, 0xff, 0xff, 0xf9, 0x10, 0x00, 0x00, 0x01,
    0x9f, 0xff, 0xff, 0xff, 0xf7, 0x00, 0x00, 0x00, 0x00, 0x8f, 0xff, 0xff, 0xff, 0xfd, 0x73, 0x22,
    0x48, 0xdf, 0xff, 0xff, 0xff, 0xfd, 0x10, 0x00, 0x00, 0x00, 0x01, 0xdf, 0xff, 0xff, 0xff, 0xff,
    0xff, 0xff, 0xff, 0xff, 0xff, 0xff, 0xff, 0x40, 0x00, 0x00, 0x00, 0x00, 0x02, 0xdf, 0xff, 0xff,
    0xff, 0xff, 0xff, 0xff, 0xff, 0xff, 0xff, 0xff, 0x50, 0x00, 0x00, 0x00, 0x00, 0x00, 0x02, 0xdf,
    0xff, 0xff, 0xff, 0xff, 0xff, 0xff, 0xff, 0xff, 0xfe, 0x50, 0x00, 0x00, 0x00, 0x00, 0x00, 0x00,
    0x01, 0x9f, 0xff, 0xff, 0xff, 0xff, 0xff, 0xff, 0xff, 0xfc, 0x20, 0x00, 0x00, 0x00, 0x00, 0x00,
    0x00, 0x00, 0x00, 0x3b, 0xff, 0xff, 0xff, 0xff, 0xff, 0xff, 0xb4, 0x00, 0x00, 0x00, 0x00, 0x00,
    0x00, 0x00, 0x00, 0x00, 0x00, 0x01, 0x6a, 0xbd, 0xee, 0xdc, 0xa6, 0x20, 0x00, 0x00, 0x00, 0x00,
    0x00, 0x0b, 0xff, 0xff, 0xff, 0xff, 0xff, 0xff, 0xff, 0xff, 0xff, 0xff, 0xff, 0xff, 0xff, 0xfe,
    0x00, 0xbf, 0xff, 0xff, 0xff, 0xff, 0xff, 0xff, 0xff, 0xff, 0xff, 0xff, 0xff, 0xff, 0xff, 0xe0,
    0x0b, 0xff, 0xff, 0xff, 0xff, 0xff, 0xff, 0xff, 0xff, 0xff, 0xff, 0xff, 0xff, 0xff, 0xfe, 0x00,
    0xbf, 0xff, 0xff, 0xff, 0xff, 0xff, 0xff, 0xff, 0xff, 0xff, 0xff, 0xff, 0xff, 0xff, 0xe0, 0x0b,
    0xff, 0xff, 0xff, 0xff, 0xff, 0xff, 0xff, 0xff, 0xff, 0xff, 0xff, 0xff, 0xff, 0xfe, 0x00, 0xbf,
    0xff, 0xff, 0xff, 0xff, 0xff, 0xff, 0xff, 0xff, 0xff, 0xff, 0xff, 0xff, 0xff, 0xe0, 0x04, 0x55,
    0x55, 0x55, 0x55, 0x55, 0x55, 0x55, 0x55, 0x55, 0x55, 0xdf, 0xff, 0xff, 0xfc, 0x00, 0x00, 0x00,
    0x00, 0x00, 0x00, 0x00, 0x00, 0x00, 0x00, 0x00, 0x3f, 0xff, 0xff, 0xff, 0x50, 0x00, 0x00, 0x00,
    0x00, 0x00, 0x00, 0x00, 0x00, 0x00, 0x00, 0x0b, 0xff, 0xff, 0xff, 0xc0, 0x00, 0x00, 0x00, 0x00,
    0x00, 0x00, 0x00, 0x00, 0x00, 0x00, 0x04, 0xff, 0xff, 0xff, 0xf5, 0x00, 0x00, 0x00, 0x00, 0x00,
    0x00, 0x00, 0x00, 0x00, 0x00, 0x00, 0xbf, 0xff, 0xff, 0xfc, 0x00, 0x00, 0x00, 0x00, 0x00, 0x00,
    0x00, 0x00, 0x00, 0x00, 0x00, 0x4f, 0xff, 0xff, 0xff, 0x50, 0x00, 0x00, 0x00, 0x00, 0x00, 0x00,
    0x00, 0x00, 0x00, 0x00, 0x0c, 0xff, 0xff, 0xff, 0xc0, 0x00, 0x00, 0x00, 0x00, 0x00, 0x00, 0x00,
    0x00, 0x00, 0x00, 0x04, 0xff, 0xff, 0xff, 0xf4, 0x00, 0x00, 0x00, 0x00, 0x00, 0x00, 0x00, 0x00,
    0x00, 0x00, 0x00, 0xcf, 0xff, 0xff, 0xfc, 0x00, 0x00, 0x00, 0x00, 0x00, 0x00, 0x00, 0x00, 0x00,
    0x00, 0x00, 0x4f, 0xff, 0xff, 0xff, 0x40, 0x00, 0x00, 0x00, 0x00, 0x00, 0x00, 0x00, 0x00, 0x00,
    0x00, 0x0c, 0xff, 0xff, 0xff, 0xc0, 0x00, 0x00, 0x00, 0x00, 0x00, 0x00, 0x00, 0x00, 0x00, 0x00,
    0x05, 0xff, 0xff, 0xff, 0xf4, 0x00, 0x00, 0x00, 0x00, 0x00, 0x00, 0x00, 0x00, 0x00, 0x00, 0x00,
    0xcf, 0xff, 0xff, 0xfc, 0x00, 0x00, 0x00, 0x00, 0x00, 0x00, 0x00, 0x00, 0x00, 0x00, 0x00, 0x5f,
    0xff, 0xff, 0xff, 0x40, 0x00, 0x00, 0x00, 0x00, 0x00, 0x00, 0x00, 0x00, 0x00, 0x00, 0x0d, 0xff,
    0xff, 0xff, 0xb0, 0x00, 0x00, 0x00, 0x00, 0x00, 0x00, 0x00, 0x00, 0x00, 0x00, 0x05, 0xff, 0xff,
    0xff, 0xf4, 0x00, 0x00, 0x00, 0x00, 0x00, 0x00, 0x00, 0x00, 0x00, 0x00, 0x00, 0xdf, 0xff, 0xff,
    0xfb, 0x00, 0x00, 0x00, 0x00, 0x00, 0x00, 0x00, 0x00, 0x00, 0x00, 0x00, 0x6f, 0xff, 0xff, 0xff,
    0x40, 0x00, 0x00, 0x00, 0x00, 0x00, 0x00, 0x00, 0x00, 0x00, 0x00, 0x0d, 0xff, 0xff, 0xff, 0xb0,
    0x00, 0x00, 0x00, 0x00, 0x00, 0x00, 0x00, 0x00, 0x00, 0x00, 0x06, 0xff, 0xff, 0xff, 0xf3, 0x00,
    0x00, 0x00, 0x00, 0x00, 0x00, 0x00, 0x00, 0x00, 0x00, 0x00, 0xdf, 0xff, 0xff, 0xfb, 0x00, 0x00,
    0x00, 0x00, 0x00, 0x00, 0x00, 0x00, 0x00, 0x00, 0x00, 0x6f, 0xff, 0xff, 0xff, 0x30, 0x00, 0x00,
    0x00, 0x00, 0x00, 0x00, 0x00, 0x00, 0x00, 0x00, 0x0d, 0xff, 0xff, 0xff, 0xb0, 0x00, 0x00, 0x00,
    0x00, 0x00, 0x00, 0x00, 0x00, 0x00, 0x00, 0x06, 0xff, 0xff, 0xff, 0xf3, 0x00, 0x00, 0x00, 0x00,
    0x00, 0x00, 0x00, 0x00, 0x00, 0x00, 0x00, 0xdf, 0xff, 0xff, 0xfb, 0x00, 0x00, 0x00, 0x00, 0x00,
    0x00, 0x00, 0x00, 0x00, 0x00, 0x00, 0x7f, 0xff, 0xff, 0xff, 0x30, 0x00, 0x00, 0x00, 0x00, 0x00,
    0x00, 0x00, 0x00, 0x00, 0x00, 0x1e, 0xff, 0xff, 0xff, 0xa0, 0x00, 0x00, 0x00, 0x00, 0x00, 0x00,
    0x00, 0x00, 0x00, 0x00, 0x07, 0xff, 0xff, 0xff, 0xf3, 0x00, 0x00, 0x00, 0x00, 0x00, 0x00, 0x00,
    0x00, 0x00, 0x00, 0x01, 0xef, 0xff, 0xff, 0xfa, 0x00, 0x00, 0x00, 0x00, 0x00, 0x00, 0x00, 0x00,
    0x00, 0x00, 0x00, 0x7f, 0xff, 0xff, 0xff, 0x30, 0x00, 0x00, 0x00, 0x00, 0x00, 0x00, 0x00, 0x00,
    0x00, 0x00, 0x1e, 0xff, 0xff, 0xff, 0xa0, 0x00, 0x00, 0x00, 0x00, 0x00, 0x00, 0x00, 0x00, 0x00,
    0x00, 0x07, 0xff, 0xff, 0xff, 0xf3, 0x00, 0x00, 0x00, 0x00, 0x00, 0x00, 0x00, 0x00, 0x00, 0x00,
    0x01, 0xef, 0xff, 0xff, 0xfa, 0x00, 0x00, 0x00, 0x00, 0x00, 0x00, 0x00, 0x00, 0x00, 0x00, 0x00,
    0x8f, 0xff, 0xff, 0xff, 0x20, 0x00, 0x00, 0x00, 0x00, 0x00, 0x00, 0x00, 0x00, 0x00, 0x00, 0x1e,
    0xff, 0xff, 0xff, 0xa0, 0x00, 0x00, 0x00, 0x00, 0x00, 0x00, 0x00, 0x00, 0x00, 0x00, 0x08, 0xff,
    0xff, 0xff, 0xf2, 0x00, 0x00, 0x00, 0x00, 0x00, 0x00, 0x00, 0x00, 0x00, 0x00, 0x00, 0x00, 0x00,
    0x00, 0x01, 0x58, 0xbd, 0xef, 0xed, 0xb8, 0x51, 0x00, 0x00, 0x00, 0x00, 0x00, 0x00, 0x00, 0x00,
    0x00, 0x00, 0x39, 0xef, 0xff, 0xff, 0xff, 0xff, 0xff, 0xe9, 0x30, 0x00, 0x00, 0x00, 0x00, 0x00,
    0x00, 0x00, 0x01, 0x8f, 0xff, 0xff, 0xff, 0xff, 0xff, 0xff, 0xff, 0xff, 0x81, 0x00, 0x00, 0x00,
    0x00, 0x00, 0x00, 0x02, 0xdf, 0xff, 0xff, 0xff, 0xff, 0xff, 0xff, 0xff, 0xff, 0xff, 0xd1, 0x00,
    0x00, 0x00, 0x00, 0x00, 0x02, 0xdf, 0xff, 0xff, 0xff, 0xff, 0xff, 0xff, 0xff, 0xff, 0xff, 0xff,
    0xd1, 0x00, 0x00, 0x00, 0x00, 0x00, 0xbf, 0xff, 0xff, 0xff, 0xff, 0xfe, 0xde, 0xff, 0xff, 0xff,
    0xff, 0xff, 0xb0, 0x00, 0x00, 0x00, 0x00, 0x6f, 0xff, 0xff, 0xff, 0xfd, 0x52, 0x00, 0x02, 0x5d,
    0xff, 0xff, 0xff, 0xff, 0x50, 0x00, 0x00, 0x00, 0x0c, 0xff, 0xff, 0xff, 0xf8, 0x00, 0x00, 0x00,
    0x00, 0x08, 0xff, 0xff, 0xff, 0xfc, 0x00, 0x00, 0x00, 0x03, 0xff, 0xff, 0xff, 0xfa, 0x00, 0x00,
    0x00, 0x00, 0x00, 0x0b, 0xff, 0xff, 0xff, 0xf2, 0x00, 0x00, 0x00, 0x5f, 0xff, 0xff, 0xff, 0x20,
    0x00, 0x00, 0x00, 0x00, 0x00, 0x2f, 0xff, 0xff, 0xff, 0x50, 0x00, 0x00, 0x07, 0xff, 0xff, 0xff,
    0xd0, 0x00, 0x00, 0x00, 0x00, 0x00, 0x00, 0xef, 0xff, 0xff, 0xf6, 0x00, 0x00, 0x00, 0x7f, 0xff,
    0xff, 0xfb, 0x00, 0x00, 0x00, 0x00, 0x00, 0x00, 0x0b, 0xff, 0xff, 0xff, 0x60, 0x00, 0x00, 0x06,
    0xff, 0xff, 0xff, 0xd0, 0x00, 0x00, 0x00, 0x00, 0x00, 0x00, 0xef, 0xff, 0xff, 0xf5, 0x00, 0x00,
    0x00, 0x2f, 0xff, 0xff, 0xff, 0x10, 0x00, 0x00, 0x00, 0x00, 0x00, 0x2f, 0xff, 0xff, 0xff, 0x10,
    0x00, 0x00, 0x00, 0xcf, 0xff, 0xff, 0xfa, 0x00, 0x00, 0x00, 0x00, 0x00, 0x0a, 0xff, 0xff, 0xff,
    0xb0, 0x00, 0x00, 0x00, 0x04, 0xff, 0xff, 0xff, 0xf7, 0x00, 0x00, 0x00, 0x00, 0x07, 0xff, 0xff,
    0xff, 0xf3, 0x00, 0x00, 0x00, 0x00, 0x08, 0xff, 0xff, 0xff, 0xfc, 0x41, 0x00, 0x01, 0x4c, 0xff,
    0xff, 0xff, 0xf7, 0x00, 0x00, 0x00, 0x00, 0x00, 0x06, 0xef, 0xff, 0xff, 0xff, 0xfd, 0xcd, 0xff,
    0xff, 0xff, 0xff, 0xe5, 0x00, 0x00, 0x00, 0x00, 0x00, 0x00, 0x02, 0xcf, 0xff, 0xff, 0xff, 0xff,
    0xff, 0xff, 0xff, 0xff, 0xb2, 0x00, 0x00, 0x00, 0x00, 0x00, 0x00, 0x00, 0x00, 0x27, 0xdf, 0xff,
    0xff, 0xff, 0xff, 0xff, 0xd7, 0x20, 0x00, 0x00, 0x00, 0x00, 0x00, 0x00, 0x00, 0x00, 0x39, 0xdf,
    0xff, 0xff, 0xff, 0xff, 0xff, 0xff, 0xd9, 0x30, 0x00, 0x00, 0x00, 0x00, 0x00, 0x00, 0x03, 0xbf,
    0xff, 0xff, 0xff, 0xff, 0xff, 0xff, 0xff, 0xff, 0xff, 0xb2, 0x00, 0x00, 0x00, 0x00, 0x00, 0x06,
    0xff, 0xff, 0xff, 0xff, 0xff, 0xff, 0xff, 0xff, 0xff, 0xff, 0xff, 0xf5, 0x00, 0x00, 0x00, 0x00,
    0x06, 0xff, 0xff, 0xff, 0xff, 0xe7, 0x31, 0x01, 0x37, 0xef, 0xff, 0xff, 0xff, 0xf6, 0x00, 0x00,
    0x00, 0x03, 0xff, 0xff, 0xff, 0xff, 0x81, 0x00, 0x00, 0x00, 0x01, 0x8f, 0xff, 0xff, 0xff, 0xe3,
    0x00, 0x00, 0x00, 0xcf, 0xff, 0xff, 0xff, 0x50, 0x00, 0x00, 0x00, 0x00, 0x00, 0x4f, 0xff, 0xff,
    0xff, 0xb0, 0x00, 0x00, 0x4f, 0xff, 0xff, 0xff, 0x80, 0x00, 0x00, 0x00, 0x00, 0x00, 0x00, 0x8f,
    0xff, 0xff, 0xff, 0x30, 0x00, 0x08, 0xff, 0xff, 0xff, 0xe0, 0x00, 0x00, 0x00, 0x00, 0x00, 0x00,
    0x01, 0xef, 0xff, 0xff, 0xf8, 0x00, 0x00, 0xcf, 0xff, 0xff, 0xfa, 0x00, 0x00, 0x00, 0x00, 0x00,
    0x00, 0x00, 0x0b, 0xff, 0xff, 0xff, 0xc0, 0x00, 0x0e, 0xff, 0xff, 0xff, 0x80, 0x00, 0x00, 0x00,
    0x00, 0x00, 0x00, 0x00, 0x9f, 0xff, 0xff, 0xfd, 0x00, 0x00, 0xef, 0xff, 0xff, 0xf9, 0x00, 0x00,
    0x00, 0x00, 0x00, 0x00, 0x00, 0x09, 0xff, 0xff, 0xff, 0xe0, 0x00, 0x0c, 0xff, 0xff, 0xff, 0xc0,
    0x00, 0x00, 0x00, 0x00, 0x00, 0x00, 0x00, 0xcf, 0xff, 0xff, 0xfc, 0x00, 0x00, 0xbf, 0xff, 0xff,
    0xff, 0x30, 0x00, 0x00, 0x00, 0x00, 0x00, 0x00, 0x3f, 0xff, 0xff, 0xff, 0xa0, 0x00, 0x06, 0xff,
    0xff, 0xff, 0xfd, 0x10, 0x00, 0x00, 0x00, 0x00, 0x00, 0x0c, 0xff, 0xff, 0xff, 0xf6, 0x00, 0x00,
    0x1f, 0xff, 0xff, 0xff, 0xfb, 0x20, 0x00, 0x00, 0x00, 0x00, 0x2b, 0xff, 0xff, 0xff, 0xfe, 0x10,
    0x00, 0x00, 0x7f, 0xff, 0xff, 0xff, 0xff, 0x82, 0x00, 0x00, 0x02, 0x9f, 0xff, 0xff, 0xff, 0xff,
    0x70, 0x00, 0x00, 0x00, 0xcf, 0xff, 0xff, 0xff, 0xff, 0xff, 0xdb, 0xdf, 0xff, 0xff, 0xff, 0xff,
    0xff, 0xc0, 0x00, 0x00, 0x00, 0x02, 0xdf, 0xff, 0xff, 0xff, 0xff, 0xff, 0xff, 0xff, 0xff, 0xff,
    0xff, 0xff, 0xc1, 0x00, 0x00, 0x00, 0x00, 0x01, 0xcf, 0xff, 0xff, 0xff, 0xff, 0xff, 0xff, 0xff,
    0xff, 0xff, 0xff, 0xc1, 0x00, 0x00, 0x00, 0x00, 0x00, 0x00, 0x6e, 0xff, 0xff, 0xff, 0xff, 0xff,
    0xff, 0xff, 0xff, 0xfe, 0x60, 0x00, 0x00, 0x00, 0x00, 0x00, 0x00, 0x00, 0x17, 0xdf, 0xff, 0xff,
    0xff, 0xff, 0xff, 0xff, 0xd7, 0x10, 0x00, 0x00, 0x00, 0x00, 0x00, 0x00, 0x00, 0x00, 0x00, 0x36,
    0x9c, 0xde, 0xfe, 0xdc, 0x96, 0x30, 0x00, 0x00, 0x00, 0x00, 0x00, 0x00, 0x00, 0x00, 0x00, 0x00,
    0x01, 0x59, 0xcd, 0xee, 0xdc, 0xa6, 0x20, 0x00, 0x00, 0x00, 0x00, 0x00, 0x00, 0x00, 0x00, 0x00,
    0x00, 0x4b, 0xff, 0xff, 0xff, 0xff, 0xff, 0xff, 0xc4, 0x00, 0x00, 0x00, 0x00, 0x00, 0x00, 0x00,
    0x00, 0x02, 0xbf, 0xff, 0xff, 0xff, 0xff, 0xff, 0xff, 0xff, 0xfb, 0x20, 0x00, 0x00, 0x00, 0x00,
    0x00, 0x00, 0x04, 0xef, 0xff, 0xff, 0xff, 0xff, 0xff, 0xff, 0xff, 0xff, 0xfe, 0x30, 0x00, 0x00,
    0x00, 0x00, 0x00, 0x05, 0xff, 0xff, 0xff, 0xff, 0xff, 0xff, 0xff, 0xff, 0xff, 0xff, 0xfe, 0x40,
    0x00, 0x00, 0x00, 0x00, 0x03, 0xef, 0xff, 0xff, 0xff, 0xff, 0xff, 0xff, 0xff, 0xff, 0xff, 0xff,
    0xfe, 0x20, 0x00, 0x00, 0x00, 0x00, 0xdf, 0xff, 0xff, 0xff, 0xfe, 0x84, 0x22, 0x37, 0xcf, 0xff,
    0xff, 0xff, 0xfb, 0x00, 0x00, 0x00, 0x00, 0x7f, 0xff, 0xff, 0xff, 0xf9, 0x10, 0x00, 0x00, 0x00,
    0x7e, 0xff, 0xff, 0xff, 0xf6, 0x00, 0x00, 0x00, 0x0e, 0xff, 0xff, 0xff, 0xf5, 0x00, 0x00, 0x00,
    0x00, 0x00, 0x2e, 0xff, 0xff, 0xff, 0xe0, 0x00, 0x00, 0x04, 0xff, 0xff, 0xff, 0xf9, 0x00, 0x00,
    0x00, 0x00, 0x00, 0x00, 0x5f, 0xff, 0xff, 0xff, 0x50, 0x00, 0x00, 0x9f, 0xff, 0xff, 0xfd, 0x10,
    0x00, 0x00, 0x00, 0x00, 0x00, 0x00, 0xaf, 0xff, 0xff, 0xfb, 0x00, 0x00, 0x0b, 0xff, 0xff, 0xff,
    0x80, 0x00, 0x00, 0x00, 0x00, 0x00, 0x00, 0x04, 0xff, 0xff, 0xff, 0xf1, 0x00, 0x00, 0xdf, 0xff,
    0xff, 0xf4, 0x00, 0x00, 0x00, 0x00, 0x00, 0x00, 0x00, 0x0f, 0xff, 0xff, 0xff, 0x40, 0x00, 0x0e,
    0xff, 0xff, 0xff, 0x30, 0x00, 0x00, 0x00, 0x00, 0x00, 0x00, 0x00, 0xef, 0xff, 0xff, 0xf7, 0x00,
    0x00, 0xdf, 0xff, 0xff, 0xf4, 0x00, 0x00, 0x00, 0x00, 0x00, 0x00, 0x00, 0x0f, 0xff, 0xff, 0xff,
    0xa0, 0x00, 0x0c, 0xff, 0xff, 0xff, 0x60, 0x00, 0x00, 0x00, 0x00, 0x00, 0x00, 0x02, 0xff, 0xff,
    0xff, 0xfd, 0x00, 0x00, 0xaf, 0xff, 0xff, 0xfb, 0x00, 0x00, 0x00, 0x00, 0x00, 0x00, 0x00, 0x8f,
    0xff, 0xff, 0xff, 0xe0, 0x00, 0x05, 0xff, 0xff, 0xff, 0xf6, 0x00, 0x00, 0x00, 0x00, 0x00, 0x00,
    0x3f, 0xff, 0xff, 0xff, 0xff, 0x00, 0x00, 0x1f, 0xff, 0xff, 0xff, 0xe2, 0x00, 0x00, 0x00, 0x00,
    0x00, 0x1d, 0xff, 0xff, 0xff, 0xff, 0xf1, 0x00, 0x00, 0x9f, 0xff, 0xff, 0xff, 0xe5, 0x00, 0x00,
    0x00, 0x00, 0x4d, 0xff, 0xff, 0xff, 0xff, 0xff, 0x10, 0x00, 0x01, 0xef, 0xff, 0xff, 0xff, 0xfb,
    0x41, 0x00, 0x04, 0xaf, 0xff, 0xff, 0xff, 0xff, 0xff, 0xf0, 0x00, 0x00, 0x06, 0xff, 0xff, 0xff,
    0xff, 0xff, 0xfe, 0xef, 0xff, 0xff, 0xff, 0xff, 0xff, 0xff, 0xff, 0x00, 0x00, 0x00, 0x08, 0xff,
    0xff, 0xff, 0xff, 0xff, 0xff, 0xff, 0xff, 0xff, 0xf9, 0xef, 0xff, 0xff, 0xe0, 0x00, 0x00, 0x00,
    0x08, 0xff, 0xff, 0xff, 0xff, 0xff, 0xff, 0xff, 0xff, 0xfb, 0x0f, 0xff, 0xff, 0xfd, 0x00, 0x00,
    0x00, 0x00, 0x05, 0xef, 0xff, 0xff, 0xff, 0xff, 0xff, 0xff, 0xfa, 0x11, 0xff, 0xff, 0xff, 0xc0,
    0x00, 0x00, 0x00, 0x00, 0x01, 0x8e, 0xff, 0xff, 0xff, 0xff, 0xff, 0xd4, 0x00, 0x2f, 0xff, 0xff,
    0xf9, 0x00, 0x00, 0x00, 0x00, 0x00, 0x00, 0x15, 0x9c, 0xdf, 0xed, 0xb8, 0x30, 0x00, 0x05, 0xff,
    0xff, 0xff, 0x60, 0x00, 0x00, 0x00, 0x00, 0x00, 0x00, 0x00, 0x00, 0x00, 0x00, 0x00, 0x00, 0x00,
    0x7f, 0xff, 0xff, 0xf4, 0x00, 0x00, 0x00, 0x00, 0x00, 0x00, 0x00, 0x00, 0x00, 0x00, 0x00, 0x00,
    0x00, 0x0b, 0xff, 0xff, 0xff, 0x10, 0x00, 0x00, 0x00, 0x00, 0x00, 0x00, 0x00, 0x00, 0x00, 0x00,
    0x00, 0x00, 0x01, 0xff, 0xff, 0xff, 0xb0, 0x00, 0x00, 0x6a, 0xaa, 0xaa, 0xa5, 0x00, 0x00, 0x00,
    0x00, 0x00, 0x00, 0x00, 0x7f, 0xff, 0xff, 0xf6, 0x00, 0x00, 0x07, 0xff, 0xff, 0xff, 0xc0, 0x00,
    0x00, 0x00, 0x00, 0x00, 0x00, 0x1e, 0xff, 0xff, 0xff, 0x10, 0x00, 0x00, 0x4f, 0xff, 0xff, 0xff,
    0x30, 0x00, 0x00, 0x00, 0x00, 0x00, 0x09, 0xff, 0xff, 0xff, 0xb0, 0x00, 0x00, 0x00, 0xdf, 0xff,
    0xff, 0xfd, 0x10, 0x00, 0x00, 0x00, 0x00, 0x06, 0xff, 0xff, 0xff, 0xf3, 0x00, 0x00, 0x00, 0x07,
    0xff, 0xff, 0xff, 0xfc, 0x20, 0x00, 0x00, 0x00, 0x09, 0xff, 0xff, 0xff, 0xfa, 0x00, 0x00, 0x00,
    0x00, 0x1d, 0xff, 0xff, 0xff, 0xff, 0x95, 0x20, 0x23, 0x8e, 0xff, 0xff, 0xff, 0xff, 0x20, 0x00,
    0x00, 0x00, 0x00, 0x4f, 0xff, 0xff, 0xff, 0xff, 0xff, 0xff, 0xff, 0xff, 0xff, 0xff, 0xff, 0x50,
    0x00, 0x00, 0x00, 0x00, 0x00, 0x7f, 0xff, 0xff, 0xff, 0xff, 0xff, 0xff, 0xff, 0xff, 0xff, 0xff,
    0x70, 0x00, 0x00, 0x00, 0x00, 0x00, 0x00, 0x7f, 0xff, 0xff, 0xff, 0xff, 0xff, 0xff, 0xff, 0xff,
    0xff, 0x70, 0x00, 0x00, 0x00, 0x00, 0x00, 0x00, 0x00, 0x4d, 0xff, 0xff, 0xff, 0xff, 0xff, 0xff,
    0xff, 0xfd, 0x30, 0x00, 0x00, 0x00, 0x00, 0x00, 0x00, 0x00, 0x00, 0x16, 0xdf, 0xff, 0xff, 0xff,
    0xff, 0xff, 0xd7, 0x10, 0x00, 0x00, 0x00, 0x00, 0x00, 0x00, 0x00, 0x00, 0x00, 0x00, 0x37, 0xbd,
    0xef, 0xec, 0xa8, 0x30, 0x00, 0x00, 0x00, 0x00, 0x00, 0x00, 0x00, 0x00, 0x00, 0x00, 0x27, 0xbd,
    0xfd, 0xc7, 0x20, 0x00, 0x00, 0x00, 0x00, 0x00, 0x00, 0x01, 0x9f, 0xff, 0xff, 0xff, 0xff, 0x91,
    0x00, 0x00, 0x00, 0x00, 0x00, 0x02, 0xdf, 0xff, 0xff, 0xff, 0xff, 0xff, 0xd2, 0x00, 0x00, 0x00,
    0x00, 0x01, 0xdf, 0xff, 0xff, 0xff, 0xff, 0xff, 0xff, 0xe2, 0x00, 0x00, 0x00, 0x00, 0xbf, 0xff,
    0xff, 0xff, 0xff, 0xff, 0xff, 0xff, 0xc0, 0x00, 0x00, 0x00, 0x5f, 0xff, 0xff, 0xfa, 0x64, 0x6a,
    0xff, 0xff, 0xff, 0x50, 0x00, 0x00, 0x0b, 0xff, 0xff, 0xf5, 0x00, 0x00, 0x04, 0xff, 0xff, 0xfb,
    0x00, 0x00, 0x01, 0xff, 0xff, 0xf7, 0x00, 0x00, 0x00, 0x06, 0xff, 0xff, 0xf1, 0x00, 0x00, 0x3f,
    0xff, 0xff, 0x10, 0x00, 0x00, 0x00, 0x1f, 0xff, 0xff, 0x40, 0x00, 0x05, 0xff, 0xff, 0xd0, 0x00,
    0x00, 0x00, 0x00, 0xdf, 0xff, 0xf5, 0x00, 0x00, 0x4f, 0xff, 0xff, 0x00, 0x00, 0x00, 0x00, 0x0e,
    0xff, 0xff, 0x40, 0x00, 0x02, 0xff, 0xff, 0xf5, 0x00, 0x00, 0x00, 0x05, 0xff, 0xff, 0xf2, 0x00,
    0x00, 0x0c, 0xff, 0xff, 0xe2, 0x00, 0x00, 0x02, 0xef, 0xff, 0xfc, 0x00, 0x00, 0x00, 0x6f, 0xff,
    0xff, 0xe7, 0x31, 0x37, 0xef, 0xff, 0xff, 0x70, 0x00, 0x00, 0x00, 0xdf, 0xff, 0xff, 0xff, 0xff,
    0xff, 0xff, 0xff, 0xd0, 0x00, 0x00, 0x00, 0x03, 0xef, 0xff, 0xff, 0xff, 0xff, 0xff, 0xff, 0xe3,
    0x00, 0x00, 0x00, 0x00, 0x04, 0xef, 0xff, 0xff, 0xff, 0xff, 0xff, 0xe4, 0x00, 0x00, 0x00, 0x00,
    0x00, 0x02, 0xbf, 0xff, 0xff, 0xff, 0xff, 0xc2, 0x00, 0x00, 0x00, 0x00, 0x00, 0x00, 0x00, 0x4a,
    0xef, 0xff, 0xea, 0x50, 0x00, 0x00, 0x00, 0x00, 0x00, 0x00, 0x00, 0x00, 0x00, 0x12, 0x10, 0x00,
    0x00, 0x00, 0x00, 0x00, 0x00, 0x00, 0x00, 0x00, 0x00, 0x00, 0x00, 0x00, 0x00, 0x00, 0x00, 0x00,
    0x00, 0x00, 0x00, 0x00, 0x00, 0x00, 0x00, 0x00, 0x00, 0x00, 0x00, 0x00, 0x00, 0x00, 0x00, 0x00,
    0x00, 0x00, 0x00, 0x00, 0x00, 0x00, 0x00, 0x00, 0x00, 0x00, 0x00, 0x00, 0x00, 0x00, 0x00, 0x00,
    0x00, 0x00, 0x00, 0x00, 0x00, 0x00, 0x00, 0x00, 0x00, 0x00, 0x00, 0x00, 0x00, 0x00, 0x00, 0x00,
    0x00, 0x00, 0x00, 0x00, 0x00, 0x00, 0x00, 0x00, 0x00, 0x00, 0x00, 0x00, 0x00, 0x00, 0x00, 0x00,
    0x00, 0x00, 0x00, 0x00, 0x00, 0x00, 0x00, 0x00, 0x00, 0x00, 0x00, 0x00, 0x00, 0x00, 0x00, 0x00,
    0x00, 0x00, 0x00, 0x00, 0x00, 0x00, 0x00, 0x00, 0x00, 0x00, 0x00, 0x00, 0x00, 0x00, 0x00, 0x00,
    0x00, 0x00, 0x00, 0x00, 0x00, 0x00, 0x00, 0x00, 0x00, 0x00, 0x00, 0x00, 0x00, 0x00, 0x00, 0x00,
    0x00, 0x00, 0x00, 0x00, 0x00, 0x00, 0x00, 0x00, 0x00, 0x00, 0x00, 0x00, 0x00, 0x00, 0x00, 0x00,
    0x00, 0x00, 0x00, 0x00, 0x00, 0x00, 0x00, 0x00, 0x00, 0x00, 0x00, 0x00, 0x00, 0x00, 0x00, 0x00,
    0x00, 0x00, 0x00, 0x00, 0x00, 0x00, 0x00, 0x00, 0x00, 0x00, 0x00, 0x00, 0x00, 0x00, 0x00, 0x00,
    0x00, 0x00, 0x00, 0x00, 0x00, 0x00, 0x00, 0x00, 0x00, 0x00, 0x00, 0x00, 0x00, 0x00, 0x00, 0x00,
    0x00, 0x00, 0x00, 0x00, 0x00, 0x00, 0x00, 0x00, 0x00, 0x00, 0x00, 0x00, 0x00, 0x00, 0x00, 0x00,
    0x00, 0x00, 0x00, 0x00, 0x00, 0x00, 0x00, 0x00, 0x00, 0x00, 0x00, 0x00, 0x00, 0x00, 0x00, 0x00,
    0x00, 0x00, 0x00, 0x00, 0x00, 0x00, 0x00, 0x00, 0x00, 0x00, 0x00, 0x00, 0x00, 0x00, 0x00, 0x00,
    0x00, 0x00, 0x00, 0x00, 0x00, 0x00, 0x00, 0x00, 0x00, 0x00, 0x00, 0x00, 0x00, 0x00, 0x00, 0x00,
    0x00, 0x00, 0x00, 0x00, 0x00, 0x00, 0x00, 0x00, 0x00, 0x00, 0x00, 0x00, 0x00, 0x00, 0x00, 0x00,
    0x00, 0x00, 0x00, 0x00, 0x00, 0x00, 0x00,
};
static const dash_glyph_t s_huge_glyphs[96] = {
    {0, 0, 0, 0, 0, 13},
    {0, 0, 0, 0, 0, 0},
    {0, 0, 0, 0, 0, 0},
    {0, 0, 0, 0, 0, 0},
    {0, 0, 0, 0, 0, 0},
    {0, 0, 0, 0, 0, 0},
    {0, 0, 0, 0, 0, 0},
    {0, 0, 0, 0, 0, 0},
    {0, 0, 0, 0, 0, 0},
    {0, 0, 0, 0, 0, 0},
    {0, 0, 0, 0, 0, 0},
    {0, 0, 0, 0, 0, 0},
    {0, 0, 0, 0, 0, 0},
    {0, 25, 20, 0, 37, 25},
    {0, 0, 0, 0, 0, 0},
    {0, 0, 0, 0, 0, 0},
    {250, 37, 42, 0, 15, 37},
    {1027, 22, 42, 0, 15, 22},
    {1489, 34, 42, 0, 15, 34},
    {2203, 36, 42, 0, 15, 36},
    {2959, 37, 42, 0, 15, 37},
    {3736, 34, 42, 0, 15, 34},
    {4450, 35, 42, 0, 15, 35},
    {5185, 31, 42, 0, 15, 31},
    {5836, 35, 42, 0, 15, 35},
    {6571, 35, 42, 0, 15, 35},
    {0, 0, 0, 0, 0, 0},
    {0, 0, 0, 0, 0, 0},
    {0, 0, 0, 0, 0, 0},
    {0, 0, 0, 0, 0, 0},
    {0, 0, 0, 0, 0, 0},
    {0, 0, 0, 0, 0, 0},
    {0, 0, 0, 0, 0, 0},
    {0, 0, 0, 0, 0, 0},
    {0, 0, 0, 0, 0, 0},
    {0, 0, 0, 0, 0, 0},
    {0, 0, 0, 0, 0, 0},
    {0, 0, 0, 0, 0, 0},
    {0, 0, 0, 0, 0, 0},
    {0, 0, 0, 0, 0, 0},
    {0, 0, 0, 0, 0, 0},
    {0, 0, 0, 0, 0, 0},
    {0, 0, 0, 0, 0, 0},
    {0, 0, 0, 0, 0, 0},
    {0, 0, 0, 0, 0, 0},
    {0, 0, 0, 0, 0, 0},
    {0, 0, 0, 0, 0, 0},
    {0, 0, 0, 0, 0, 0},
    {0, 0, 0, 0, 0, 0},
    {0, 0, 0, 0, 0, 0},
    {0, 0, 0, 0, 0, 0},
    {0, 0, 0, 0, 0, 0},
    {0, 0, 0, 0, 0, 0},
    {0, 0, 0, 0, 0, 0},
    {0, 0, 0, 0, 0, 0},
    {0, 0, 0, 0, 0, 0},
    {0, 0, 0, 0, 0, 0},
    {0, 0, 0, 0, 0, 0},
    {0, 0, 0, 0, 0, 0},
    {0, 0, 0, 0, 0, 0},
    {0, 0, 0, 0, 0, 0},
    {0, 0, 0, 0, 0, 0},
    {0, 0, 0, 0, 0, 0},
    {0, 0, 0, 0, 0, 0},
    {0, 0, 0, 0, 0, 0},
    {0, 0, 0, 0, 0, 0},
    {0, 0, 0, 0, 0, 0},
    {0, 0, 0, 0, 0, 0},
    {0, 0, 0, 0, 0, 0},
    {0, 0, 0, 0, 0, 0},
    {0, 0, 0, 0, 0, 0},
    {0, 0, 0, 0, 0, 0},
    {0, 0, 0, 0, 0, 0},
    {0, 0, 0, 0, 0, 0},
    {0, 0, 0, 0, 0, 0},
    {0, 0, 0, 0, 0, 0},
    {0, 0, 0, 0, 0, 0},
    {0, 0, 0, 0, 0, 0},
    {0, 0, 0, 0, 0, 0},
    {0, 0, 0, 0, 0, 0},
    {0, 0, 0, 0, 0, 0},
    {0, 0, 0, 0, 0, 0},
    {0, 0, 0, 0, 0, 0},
    {0, 0, 0, 0, 0, 0},
    {0, 0, 0, 0, 0, 0},
    {0, 0, 0, 0, 0, 0},
    {0, 0, 0, 0, 0, 0},
    {0, 0, 0, 0, 0, 0},
    {0, 0, 0, 0, 0, 0},
    {0, 0, 0, 0, 0, 0},
    {0, 0, 0, 0, 0, 0},
    {0, 0, 0, 0, 0, 0},
    {0, 0, 0, 0, 0, 0},
    {0, 0, 0, 0, 0, 0},
    {0, 0, 0, 0, 0, 0},
    {7306, 25, 42, 0, 15, 25},
};
const dash_font_t dash_font_huge = {s_huge_bits, s_huge_glyphs, 71, 57};

static const uint8_t s_icon56_sun_p[] = {
    0x00, 0x00, 0x00, 0x00, 0x00, 0x00, 0x00, 0x00, 0x00, 0x00, 0x00, 0x00, 0x00, 0x00, 0x00, 0x00,
    0x00, 0x00, 0x00, 0x00, 0x00, 0x00, 0x00, 0x00, 0x00, 0x00, 0x00, 0x00, 0x00, 0x00, 0x00, 0x00,
    0x00, 0x00, 0x00, 0x00, 0x00, 0x00, 0x00, 0x00, 0x00, 0x00, 0x00, 0x00, 0x00, 0x00, 0x00, 0x00,
    0x00, 0x00, 0x00, 0x00, 0x00, 0x00, 0x00, 0x00, 0x00, 0x00, 0x00, 0x00, 0x00, 0x00, 0x00, 0x00,
    0x00, 0x00, 0x00, 0x00, 0x00, 0x00, 0x00, 0x00, 0x00, 0x00, 0x00, 0x00, 0x00, 0x00, 0x00, 0x00,
    0x00, 0x00, 0x00, 0x00, 0x00, 0x00, 0x00, 0x00, 0x00, 0x00, 0x00, 0x00, 0x00, 0x00, 0x00, 0x00,
    0x01, 0x44, 0x44, 0x00, 0x00, 0x00, 0x00, 0x00, 0x00, 0x00, 0x00, 0x00, 0x00, 0x00, 0x00, 0x00,
    0x00, 0x00, 0x00, 0x00, 0x00, 0x00, 0x00, 0x00, 0x00, 0x00, 0x00, 0x00, 0x06, 0xff, 0xff, 0x20,
    0x00, 0x00, 0x00, 0x00, 0x00, 0x00, 0x00, 0x00, 0x00, 0x00, 0x00, 0x00, 0x00, 0x00, 0x00, 0x00,
    0x00, 0x00, 0x00, 0x00, 0x00, 0x00, 0x00, 0x00, 0x06, 0xff, 0xff, 0x20, 0x00, 0x00, 0x00, 0x00,
    0x00, 0x00, 0x00, 0x00, 0x00, 0x00, 0x00, 0x00, 0x00, 0x00, 0x00, 0x00, 0x00, 0x00, 0x00, 0x00,
    0x00, 0x00, 0x00, 0x00, 0x06, 0xff, 0xff, 0x20, 0x00, 0x00, 0x00, 0x00, 0x00, 0x00, 0x00, 0x00,
    0x00, 0x00, 0x00, 0x00, 0x00, 0x00, 0x00, 0x00, 0x00, 0x00, 0x00, 0x00, 0x00, 0x00, 0x00, 0x00,
    0x06, 0xff, 0xff, 0x20, 0x00, 0x00, 0x00, 0x00, 0x00, 0x00, 0x00, 0x00, 0x00, 0x00, 0x00, 0x00,
    0x00, 0x00, 0x00, 0x00, 0x00, 0x00, 0x00, 0x00, 0x00, 0x00, 0x00, 0x00, 0x06, 0xff, 0xff, 0x20,
    0x00, 0x00, 0x00, 0x00, 0x00, 0x00, 0x00, 0x00, 0x00, 0x00, 0x00, 0x00, 0x00, 0x00, 0x00, 0x00,
    0x00, 0x01, 0x80, 0x00, 0x00, 0x00, 0x00, 0x00, 0x06, 0xff, 0xff, 0x20, 0x00, 0x00, 0x00, 0x00,
    0x00, 0x06, 0x00, 0x00, 0x00, 0x00, 0x00, 0x00, 0x00, 0x00, 0x00, 0x00, 0x00, 0x1b, 0xfa, 0x00,
    0x00, 0x00, 0x00, 0x00, 0x04, 0x99, 0x99, 0x10, 0x00, 0x00, 0x00, 0x00, 0x00, 0xaf, 0x80, 0x00,
    0x00, 0x00, 0x00, 0x00, 0x00, 0x00, 0x00, 0x00, 0x01, 0xbf, 0xff, 0xa0, 0x00, 0x00, 0x00, 0x00,
    0x00, 0x00, 0x00, 0x00, 0x00, 0x00, 0x00, 0x00, 0x0a, 0xff, 0xf8, 0x00, 0x00, 0x00, 0x00, 0x00,
    0x00, 0x00, 0x00, 0x00, 0x08, 0xff, 0xff, 0xfa, 0x00, 0x00, 0x00, 0x00, 0x00, 0x00, 0x00, 0x00,
    0x00, 0x00, 0x00, 0x00, 0xaf, 0xff, 0xff, 0x60, 0x00, 0x00, 0x00, 0x00, 0x00, 0x00, 0x00, 0x00,
    0x00, 0xaf, 0xff, 0xff, 0xa0, 0x00, 0x00, 0x00, 0x00, 0x00, 0x00, 0x00, 0x00, 0x00, 0x00, 0x0a,
    0xff, 0xff, 0xfa, 0x00, 0x00, 0x00, 0x00, 0x00, 0x00, 0x00, 0x00, 0x00, 0x00, 0x0a, 0xff, 0xff,
    0xb1, 0x00, 0x00, 0x00, 0x00, 0x00, 0x00, 0x00, 0x00, 0x00, 0x00, 0x2e, 0xff, 0xff, 0xa0, 0x00,
    0x00, 0x00, 0x00, 0x00, 0x00, 0x00, 0x00, 0x00, 0x00, 0x00, 0xaf, 0xfb, 0x10, 0x00, 0x00, 0x00,
    0x00, 0x00, 0x00, 0x00, 0x00, 0x00, 0x00, 0x02, 0xef, 0xfa, 0x00, 0x00, 0x00, 0x00, 0x00, 0x00,
    0x00, 0x00, 0x00, 0x00, 0x00, 0x00, 0x0a, 0xb1, 0x00, 0x00, 0x00, 0x02, 0x7b, 0xef, 0xfe, 0xb7,
    0x20, 0x00, 0x00, 0x00, 0x2e, 0xa0, 0x00, 0x00, 0x00, 0x00, 0x00, 0x00, 0x00, 0x00, 0x00, 0x00,
    0x00, 0x00, 0x00, 0x10, 0x00, 0x00, 0x02, 0xaf, 0xff, 0xff, 0xff, 0xff, 0xfa, 0x20, 0x00, 0x00,
    0x02, 0x00, 0x00, 0x00, 0x00, 0x00, 0x00, 0x00, 0x00, 0x00, 0x00, 0x00, 0x00, 0x00, 0x00, 0x00,
    0x00, 0x00, 0x5e, 0xff, 0xff, 0xff, 0xff, 0xff, 0xff, 0xe5, 0x00, 0x00, 0x00, 0x00, 0x00, 0x00,
    0x00, 0x00, 0x00, 0x00, 0x00, 0x00, 0x00, 0x00, 0x00, 0x00, 0x00, 0x00, 0x00, 0x07, 0xff, 0xff,
    0xff, 0xff, 0xff, 0xff, 0xff, 0xff, 0x70, 0x00, 0x00, 0x00, 0x00, 0x00, 0x00, 0x00, 0x00, 0x00,
    0x00, 0x00, 0x00, 0x00, 0x00, 0x00, 0x00, 0x00, 0x00, 0x5f, 0xff, 0xff, 0xff, 0xff, 0xff, 0xff,
    0xff, 0xff, 0xf5, 0x00, 0x00, 0x00, 0x00, 0x00, 0x00, 0x00, 0x00, 0x00, 0x00, 0x00, 0x00, 0x00,
    0x00, 0x00, 0x00, 0x00, 0x02, 0xef, 0xff, 0xff, 0xff, 0xff, 0xff, 0xff, 0xff, 0xff, 0xfe, 0x20,
    0x00, 0x00, 0x00, 0x00, 0x00, 0x00, 0x00, 0x00, 0x00, 0x00, 0x00, 0x00, 0x00, 0x00, 0x00, 0x00,
    0x0a, 0xff, 0xff, 0xff, 0xff, 0xff, 0xff, 0xff, 0xff, 0xff, 0xff, 0xa0, 0x00, 0x00, 0x00, 0x00,
    0x00, 0x00, 0x00, 0x00, 0x00, 0x00, 0x00, 0x00, 0x00, 0x00, 0x00, 0x00, 0x2f, 0xff, 0xff, 0xff,
    0xff, 0xff, 0xff, 0xff, 0xff, 0xff, 0xff, 0xf2, 0x00, 0x00, 0x00, 0x00, 0x00, 0x00, 0x00, 0x00,
    0x00, 0x00, 0x00, 0x00, 0x00, 0x00, 0x00, 0x00, 0x7f, 0xff, 0xff, 0xff, 0xff, 0xff, 0xff, 0xff,
    0xff, 0xff, 0xff, 0xf7, 0x00, 0x00, 0x00, 0x00, 0x00, 0x00, 0x00, 0x00, 0x00, 0x01, 0x44, 0x44,
    0x44, 0x20, 0x00, 0x00, 0xbf, 0xff, 0xff, 0xff, 0xff, 0xff, 0xff, 0xff, 0xff, 0xff, 0xff, 0xfb,
    0x00, 0x00, 0x01, 0x22, 0x22, 0x22, 0x00, 0x00, 0x00, 0x04, 0xff, 0xff, 0xff, 0x90, 0x00, 0x00,
    0xef, 0xff, 0xff, 0xff, 0xff, 0xff, 0xff, 0xff, 0xff, 0xff, 0xff, 0xfe, 0x00, 0x00, 0x08, 0xff,
    0xff, 0xff, 0x40, 0x00, 0x00, 0x04, 0xff, 0xff, 0xff, 0x90, 0x00, 0x00, 0xff, 0xff, 0xff, 0xff,
    0xff, 0xff, 0xff, 0xff, 0xff, 0xff, 0xff, 0xff, 0x00, 0x00, 0x08, 0xff, 0xff, 0xff, 0x40, 0x00,
    0x00, 0x04, 0xff, 0xff, 0xff, 0x90, 0x00, 0x00, 0xff, 0xff, 0xff, 0xff, 0xff, 0xff, 0xff, 0xff,
    0xff, 0xff, 0xff, 0xff, 0x00, 0x00, 0x08, 0xff, 0xff, 0xff, 0x40, 0x00, 0x00, 0x04, 0xff, 0xff,
    0xff, 0x90, 0x00, 0x00, 0xef, 0xff, 0xff, 0xff, 0xff, 0xff, 0xff, 0xff, 0xff, 0xff, 0xff, 0xfe,
    0x00, 0x00, 0x08, 0xff, 0xff, 0xff, 0x40, 0x00, 0x00, 0x01, 0x44, 0x44, 0x44, 0x20, 0x00, 0x00,
    0xbf, 0xff, 0xff, 0xff, 0xff, 0xff, 0xff, 0xff, 0xff, 0xff, 0xff, 0xfb, 0x00, 0x00, 0x03, 0x66,
    0x66, 0x66, 0x10, 0x00, 0x00, 0x00, 0x00, 0x00, 0x00, 0x00, 0x00, 0x00, 0x7f, 0xff, 0xff, 0xff,
    0xff, 0xff, 0xff, 0xff, 0xff, 0xff, 0xff, 0xf7, 0x00, 0x00, 0x00, 0x00, 0x00, 0x00, 0x00, 0x00,
    0x00, 0x00, 0x00, 0x00, 0x00, 0x00, 0x00, 0x00, 0x2f, 0xff, 0xff, 0xff, 0xff, 0xff, 0xff, 0xff,
    0xff, 0xff, 0xff, 0xf2, 0x00, 0x00, 0x00, 0x00, 0x00, 0x00, 0x00, 0x00, 0x00, 0x00, 0x00, 0x00,
    0x00, 0x00, 0x00, 0x00, 0x0a, 0xff, 0xff, 0xff, 0xff, 0xff, 0xff, 0xff, 0xff, 0xff, 0xff, 0xa0,
    0x00, 0x00, 0x00, 0x00, 0x00, 0x00, 0x00, 0x00, 0x00, 0x00, 0x00, 0x00, 0x00, 0x00, 0x00, 0x00,
    0x02, 0xef, 0xff, 0xff, 0xff, 0xff, 0xff, 0xff, 0xff, 0xff, 0xfe, 0x20, 0x00, 0x00, 0x00, 0x00,
    0x00, 0x00, 0x00, 0x00, 0x00, 0x00, 0x00, 0x00, 0x00, 0x00, 0x00, 0x00, 0x00, 0x5f, 0xff, 0xff,
    0xff, 0xff, 0xff, 0xff, 0xff, 0xff, 0xf5, 0x00, 0x00, 0x00, 0x00, 0x00, 0x00, 0x00, 0x00, 0x00,
    0x00, 0x00, 0x00, 0x00, 0x00, 0x00, 0x00, 0x00, 0x00, 0x07, 0xff, 0xff, 0xff, 0xff, 0xff, 0xff,
    0xff, 0xff, 0x70, 0x00, 0x00, 0x00, 0x00, 0x00, 0x00, 0x00, 0x00, 0x00, 0x00, 0x00, 0x00, 0x00,
    0x00, 0x00, 0x00, 0x00, 0x00, 0x00, 0x5e, 0xff, 0xff, 0xff, 0xff, 0xff, 0xff, 0xe5, 0x00, 0x00,
    0x00, 0x00, 0x00, 0x00, 0x00, 0x00, 0x00, 0x00, 0x00, 0x00, 0x00, 0x00, 0x00, 0x00, 0x00, 0x20,
    0x00, 0x00, 0x02, 0xaf, 0xff, 0xff, 0xff, 0xff, 0xfa, 0x20, 0x00, 0x00, 0x01, 0x00, 0x00, 0x00,
    0x00, 0x00, 0x00, 0x00, 0x00, 0x00, 0x00, 0x00, 0x00, 0x00, 0x0a, 0xe2, 0x00, 0x00, 0x00, 0x02,
    0x7b, 0xef, 0xfe, 0xb7, 0x20, 0x00, 0x00, 0x00, 0x1b, 0xa0, 0x00, 0x00, 0x00, 0x00, 0x00, 0x00,
    0x00, 0x00, 0x00, 0x00, 0x00, 0x00, 0xaf, 0xfe, 0x20, 0x00, 0x00, 0x00, 0x00, 0x00, 0x00, 0x00,
    0x00, 0x00, 0x00, 0x01, 0xbf, 0xfa, 0x00, 0x00, 0x00, 0x00, 0x00, 0x00, 0x00, 0x00, 0x00, 0x00,
    0x00, 0x0a, 0xff, 0xff, 0xe2, 0x00, 0x00, 0x00, 0x00, 0x00, 0x00, 0x00, 0x00, 0x00, 0x00, 0x1b,
    0xff, 0xff, 0xa0, 0x00, 0x00, 0x00, 0x00, 0x00, 0x00, 0x00, 0x00, 0x00, 0x00, 0xaf, 0xff, 0xff,
    0xa0, 0x00, 0x00, 0x00, 0x00, 0x00, 0x00, 0x00, 0x00, 0x00, 0x00, 0x0a, 0xff, 0xff, 0xfa, 0x00,
    0x00, 0x00, 0x00, 0x00, 0x00, 0x00, 0x00, 0x00, 0x06, 0xff, 0xff, 0xfa, 0x00, 0x00, 0x00, 0x00,
    0x00, 0x00, 0x00, 0x00, 0x00, 0x00, 0x00, 0x00, 0xaf, 0xff, 0xff, 0x80, 0x00, 0x00, 0x00, 0x00,
    0x00, 0x00, 0x00, 0x00, 0x00, 0x8f, 0xff, 0xa0, 0x00, 0x00, 0x00, 0x00, 0x00, 0x00, 0x00, 0x00,
    0x00, 0x00, 0x00, 0x00, 0x0a, 0xff, 0xfb, 0x10, 0x00, 0x00, 0x00, 0x00, 0x00, 0x00, 0x00, 0x00,
    0x00, 0x08, 0xfa, 0x00, 0x00, 0x00, 0x00, 0x00, 0x01, 0x88, 0x88, 0x30, 0x00, 0x00, 0x00, 0x00,
    0x00, 0xaf, 0xb1, 0x00, 0x00, 0x00, 0x00, 0x00, 0x00, 0x00, 0x00, 0x00, 0x00, 0x00, 0x60, 0x00,
    0x00, 0x00, 0x00, 0x00, 0x02, 0xff, 0xff, 0x60, 0x00, 0x00, 0x00, 0x00, 0x00, 0x08, 0x10, 0x00,
    0x00, 0x00, 0x00, 0x00, 0x00, 0x00, 0x00, 0x00, 0x00, 0x00, 0x00, 0x00, 0x00, 0x00, 0x00, 0x00,
    0x02, 0xff, 0xff, 0x60, 0x00, 0x00, 0x00, 0x00, 0x00, 0x00, 0x00, 0x00, 0x00, 0x00, 0x00, 0x00,
    0x00, 0x00, 0x00, 0x00, 0x00, 0x00, 0x00, 0x00, 0x00, 0x00, 0x00, 0x00, 0x02, 0xff, 0xff, 0x60,
    0x00, 0x00, 0x00, 0x00, 0x00, 0x00, 0x00, 0x00, 0x00, 0x00, 0x00, 0x00, 0x00, 0x00, 0x00, 0x00,
    0x00, 0x00, 0x00, 0x00, 0x00, 0x00, 0x00, 0x00, 0x02, 0xff, 0xff, 0x60, 0x00, 0x00, 0x00, 0x00,
    0x00, 0x00, 0x00, 0x00, 0x00, 0x00, 0x00, 0x00, 0x00, 0x00, 0x00, 0x00, 0x00, 0x00, 0x00, 0x00,
    0x00, 0x00, 0x00, 0x00, 0x02, 0xff, 0xff, 0x60, 0x00, 0x00, 0x00, 0x00, 0x00, 0x00, 0x00, 0x00,
    0x00, 0x00, 0x00, 0x00, 0x00, 0x00, 0x00, 0x00, 0x00, 0x00, 0x00, 0x00, 0x00, 0x00, 0x00, 0x00,
    0x02, 0xff, 0xff, 0x60, 0x00, 0x00, 0x00, 0x00, 0x00, 0x00, 0x00, 0x00, 0x00, 0x00, 0x00, 0x00,
    0x00, 0x00, 0x00, 0x00, 0x00, 0x00, 0x00, 0x00, 0x00, 0x00, 0x00, 0x00, 0x00, 0x44, 0x44, 0x10,
    0x00, 0x00, 0x00, 0x00, 0x00, 0x00, 0x00, 0x00, 0x00, 0x00, 0x00, 0x00, 0x00, 0x00, 0x00, 0x00,
    0x00, 0x00, 0x00, 0x00, 0x00, 0x00, 0x00, 0x00, 0x00, 0x00, 0x00, 0x00, 0x00, 0x00, 0x00, 0x00,
    0x00, 0x00, 0x00, 0x00, 0x00, 0x00, 0x00, 0x00, 0x00, 0x00, 0x00, 0x00, 0x00, 0x00, 0x00, 0x00,
    0x00, 0x00, 0x00, 0x00, 0x00, 0x00, 0x00, 0x00, 0x00, 0x00, 0x00, 0x00, 0x00, 0x00, 0x00, 0x00,
    0x00, 0x00, 0x00, 0x00, 0x00, 0x00, 0x00, 0x00, 0x00, 0x00, 0x00, 0x00, 0x00, 0x00, 0x00, 0x00,
    0x00, 0x00, 0x00, 0x00, 0x00, 0x00, 0x00, 0x00, 0x00, 0x00, 0x00, 0x00, 0x00, 0x00, 0x00, 0x00,
};
static const uint8_t s_icon56_sun_q[] = {
    0x00, 0x00, 0x00, 0x00, 0x00, 0x00, 0x00, 0x00, 0x00, 0x00, 0x00, 0x00, 0x00, 0x00, 0x00, 0x00,
    0x00, 0x00, 0x00, 0x00, 0x00, 0x00, 0x00, 0x00, 0x00, 0x00, 0x00, 0x00, 0x00, 0x00, 0x00, 0x00,
    0x00, 0x00, 0x00, 0x00, 0x00, 0x00, 0x00, 0x00, 0x00, 0x00, 0x00, 0x00, 0x00, 0x00, 0x00, 0x00,
    0x00, 0x00, 0x00, 0x00, 0x00, 0x00, 0x00, 0x00, 0x00, 0x00, 0x00, 0x00, 0x00, 0x00, 0x00, 0x00,
    0x00, 0x00, 0x00, 0x00, 0x00, 0x00, 0x00, 0x00, 0x00, 0x00, 0x00, 0x00, 0x00, 0x00, 0x00, 0x00,
    0x00, 0x00, 0x00, 0x00, 0x00, 0x00, 0x00, 0x00, 0x00, 0x00, 0x00, 0x00, 0x00, 0x00, 0x00, 0x00,
    0x00, 0x00, 0x00, 0x00, 0x00, 0x00, 0x00, 0x00, 0x00, 0x00, 0x00, 0x00, 0x00, 0x00, 0x00, 0x00,
    0x00, 0x00, 0x00, 0x00, 0x00, 0x00, 0x00, 0x00, 0x00, 0x00, 0x00, 0x00, 0x00, 0x00, 0x00, 0x00,
    0x00, 0x00, 0x00, 0x00, 0x00, 0x00, 0x00, 0x00, 0x00, 0x00, 0x00, 0x00, 0x00, 0x00, 0x00, 0x00,
    0x00, 0x00, 0x00, 0x00, 0x00, 0x00, 0x00, 0x00, 0x00, 0x00, 0x00, 0x00, 0x00, 0x00, 0x00, 0x00,
    0x00, 0x00, 0x00, 0x00, 0x00, 0x00, 0x00, 0x00, 0x00, 0x00, 0x00, 0x00, 0x00, 0x00, 0x00, 0x00,
    0x00, 0x00, 0x00, 0x00, 0x00, 0x00, 0x00, 0x00, 0x00, 0x00, 0x00, 0x00, 0x00, 0x00, 0x00, 0x00,
    0x00, 0x00, 0x00, 0x00, 0x00, 0x00, 0x00, 0x00, 0x00, 0x00, 0x00, 0x00, 0x00, 0x00, 0x00, 0x00,
    0x00, 0x00, 0x00, 0x00, 0x00, 0x00, 0x00, 0x00, 0x00, 0x00, 0x00, 0x00, 0x00, 0x00, 0x00, 0x00,
    0x00, 0x00, 0x00, 0x00, 0x00, 0x00, 0x00, 0x00, 0x00, 0x00, 0x00, 0x00, 0x00, 0x00, 0x00, 0x00,
    0x00, 0x00, 0x00, 0x00, 0x00, 0x00, 0x00, 0x00, 0x00, 0x00, 0x00, 0x00, 0x00, 0x00, 0x00, 0x00,
    0x00, 0x00, 0x00, 0x00, 0x00, 0x00, 0x00, 0x00, 0x00, 0x00, 0x00, 0x00, 0x00, 0x00, 0x00, 0x00,
    0x00, 0x00, 0x00, 0x00, 0x00, 0x00, 0x00, 0x00, 0x00, 0x00, 0x00, 0x00, 0x00, 0x00, 0x00, 0x00,
    0x00, 0x00, 0x00, 0x00, 0x00, 0x00, 0x00, 0x00, 0x00, 0x00, 0x00, 0x00, 0x00, 0x00, 0x00, 0x00,
    0x00, 0x00, 0x00, 0x00, 0x00, 0x00, 0x00, 0x00, 0x00, 0x00, 0x00, 0x00, 0x00, 0x00, 0x00, 0x00,
    0x00, 0x00, 0x00, 0x00, 0x00, 0x00, 0x00, 0x00, 0x00, 0x00, 0x00, 0x00, 0x00, 0x00, 0x00, 0x00,
    0x00, 0x00, 0x00, 0x00, 0x00, 0x00, 0x00, 0x00, 0x00, 0x00, 0x00, 0x00, 0x00, 0x00, 0x00, 0x00,
    0x00, 0x00, 0x00, 0x00, 0x00, 0x00, 0x00, 0x00, 0x00, 0x00, 0x00, 0x00, 0x00, 0x00, 0x00, 0x00,
    0x00, 0x00, 0x00, 0x00, 0x00, 0x00, 0x00, 0x00, 0x00, 0x00, 0x00, 0x00, 0x00, 0x00, 0x00, 0x00,
    0x00, 0x00, 0x00, 0x00, 0x00, 0x00, 0x00, 0x00, 0x00, 0x00, 0x00, 0x00, 0x00, 0x00, 0x00, 0x00,
    0x00, 0x00, 0x00, 0x00, 0x00, 0x00, 0x00, 0x00, 0x00, 0x00, 0x00, 0x00, 0x00, 0x00, 0x00, 0x00,
    0x00, 0x00, 0x00, 0x00, 0x00, 0x00, 0x00, 0x00, 0x00, 0x00, 0x00, 0x00, 0x00, 0x00, 0x00, 0x00,
    0x00, 0x00, 0x00, 0x00, 0x00, 0x00, 0x00, 0x00, 0x00, 0x00, 0x00, 0x00, 0x00, 0x00, 0x00, 0x00,
    0x00, 0x00, 0x00, 0x00, 0x00, 0x00, 0x00, 0x00, 0x00, 0x00, 0x00, 0x00, 0x00, 0x00, 0x00, 0x00,
    0x00, 0x00, 0x00, 0x00, 0x00, 0x00, 0x00, 0x00, 0x00, 0x00, 0x00, 0x00, 0x00, 0x00, 0x00, 0x00,
    0x00, 0x00, 0x00, 0x00, 0x00, 0x00, 0x00, 0x00, 0x00, 0x00, 0x00, 0x00, 0x00, 0x00, 0x00, 0x00,
    0x00, 0x00, 0x00, 0x00, 0x00, 0x00, 0x00, 0x00, 0x00, 0x00, 0x00, 0x00, 0x00, 0x00, 0x00, 0x00,
    0x00, 0x00, 0x00, 0x00, 0x00, 0x00, 0x00, 0x00, 0x00, 0x00, 0x00, 0x00, 0x00, 0x00, 0x00, 0x00,
    0x00, 0x00, 0x00, 0x00, 0x00, 0x00, 0x00, 0x00, 0x00, 0x00, 0x00, 0x00, 0x00, 0x00, 0x00, 0x00,
    0x00, 0x00, 0x00, 0x00, 0x00, 0x00, 0x00, 0x00, 0x00, 0x00, 0x00, 0x00, 0x00, 0x00, 0x00, 0x00,
    0x00, 0x00, 0x00, 0x00, 0x00, 0x00, 0x00, 0x00, 0x00, 0x00, 0x00, 0x00, 0x00, 0x00, 0x00, 0x00,
    0x00, 0x00, 0x00, 0x00, 0x00, 0x00, 0x00, 0x00, 0x00, 0x00, 0x00, 0x00, 0x00, 0x00, 0x00, 0x00,
    0x00, 0x00, 0x00, 0x00, 0x00, 0x00, 0x00, 0x00, 0x00, 0x00, 0x00, 0x00, 0x00, 0x00, 0x00, 0x00,
    0x00, 0x00, 0x00, 0x00, 0x00, 0x00, 0x00, 0x00, 0x00, 0x00, 0x00, 0x00, 0x00, 0x00, 0x00, 0x00,
    0x00, 0x00, 0x00, 0x00, 0x00, 0x00, 0x00, 0x00, 0x00, 0x00, 0x00, 0x00, 0x00, 0x00, 0x00, 0x00,
    0x00, 0x00, 0x00, 0x00, 0x00, 0x00, 0x00, 0x00, 0x00, 0x00, 0x00, 0x00, 0x00, 0x00, 0x00, 0x00,
    0x00, 0x00, 0x00, 0x00, 0x00, 0x00, 0x00, 0x00, 0x00, 0x00, 0x00, 0x00, 0x00, 0x00, 0x00, 0x00,
    0x00, 0x00, 0x00, 0x00, 0x00, 0x00, 0x00, 0x00, 0x00, 0x00, 0x00, 0x00, 0x00, 0x00, 0x00, 0x00,
    0x00, 0x00, 0x00, 0x00, 0x00, 0x00, 0x00, 0x00, 0x00, 0x00, 0x00, 0x00, 0x00, 0x00, 0x00, 0x00,
    0x00, 0x00, 0x00, 0x00, 0x00, 0x00, 0x00, 0x00, 0x00, 0x00, 0x00, 0x00, 0x00, 0x00, 0x00, 0x00,
    0x00, 0x00, 0x00, 0x00, 0x00, 0x00, 0x00, 0x00, 0x00, 0x00, 0x00, 0x00, 0x00, 0x00, 0x00, 0x00,
    0x00, 0x00, 0x00, 0x00, 0x00, 0x00, 0x00, 0x00, 0x00, 0x00, 0x00, 0x00, 0x00, 0x00, 0x00, 0x00,
    0x00, 0x00, 0x00, 0x00, 0x00, 0x00, 0x00, 0x00, 0x00, 0x00, 0x00, 0x00, 0x00, 0x00, 0x00, 0x00,
    0x00, 0x00, 0x00, 0x00, 0x00, 0x00, 0x00, 0x00, 0x00, 0x00, 0x00, 0x00, 0x00, 0x00, 0x00, 0x00,
    0x00, 0x00, 0x00, 0x00, 0x00, 0x00, 0x00, 0x00, 0x00, 0x00, 0x00, 0x00, 0x00, 0x00, 0x00, 0x00,
    0x00, 0x00, 0x00, 0x00, 0x00, 0x00, 0x00, 0x00, 0x00, 0x00, 0x00, 0x00, 0x00, 0x00, 0x00, 0x00,
    0x00, 0x00, 0x00, 0x00, 0x00, 0x00, 0x00, 0x00, 0x00, 0x00, 0x00, 0x00, 0x00, 0x00, 0x00, 0x00,
    0x00, 0x00, 0x00, 0x00, 0x00, 0x00, 0x00, 0x00, 0x00, 0x00, 0x00, 0x00, 0x00, 0x00, 0x00, 0x00,
    0x00, 0x00, 0x00, 0x00, 0x00, 0x00, 0x00, 0x00, 0x00, 0x00, 0x00, 0x00, 0x00, 0x00, 0x00, 0x00,
    0x00, 0x00, 0x00, 0x00, 0x00, 0x00, 0x00, 0x00, 0x00, 0x00, 0x00, 0x00, 0x00, 0x00, 0x00, 0x00,
    0x00, 0x00, 0x00, 0x00, 0x00, 0x00, 0x00, 0x00, 0x00, 0x00, 0x00, 0x00, 0x00, 0x00, 0x00, 0x00,
    0x00, 0x00, 0x00, 0x00, 0x00, 0x00, 0x00, 0x00, 0x00, 0x00, 0x00, 0x00, 0x00, 0x00, 0x00, 0x00,
    0x00, 0x00, 0x00, 0x00, 0x00, 0x00, 0x00, 0x00, 0x00, 0x00, 0x00, 0x00, 0x00, 0x00, 0x00, 0x00,
    0x00, 0x00, 0x00, 0x00, 0x00, 0x00, 0x00, 0x00, 0x00, 0x00, 0x00, 0x00, 0x00, 0x00, 0x00, 0x00,
    0x00, 0x00, 0x00, 0x00, 0x00, 0x00, 0x00, 0x00, 0x00, 0x00, 0x00, 0x00, 0x00, 0x00, 0x00, 0x00,
    0x00, 0x00, 0x00, 0x00, 0x00, 0x00, 0x00, 0x00, 0x00, 0x00, 0x00, 0x00, 0x00, 0x00, 0x00, 0x00,
    0x00, 0x00, 0x00, 0x00, 0x00, 0x00, 0x00, 0x00, 0x00, 0x00, 0x00, 0x00, 0x00, 0x00, 0x00, 0x00,
    0x00, 0x00, 0x00, 0x00, 0x00, 0x00, 0x00, 0x00, 0x00, 0x00, 0x00, 0x00, 0x00, 0x00, 0x00, 0x00,
    0x00, 0x00, 0x00, 0x00, 0x00, 0x00, 0x00, 0x00, 0x00, 0x00, 0x00, 0x00, 0x00, 0x00, 0x00, 0x00,
    0x00, 0x00, 0x00, 0x00, 0x00, 0x00, 0x00, 0x00, 0x00, 0x00, 0x00, 0x00, 0x00, 0x00, 0x00, 0x00,
    0x00, 0x00, 0x00, 0x00, 0x00, 0x00, 0x00, 0x00, 0x00, 0x00, 0x00, 0x00, 0x00, 0x00, 0x00, 0x00,
    0x00, 0x00, 0x00, 0x00, 0x00, 0x00, 0x00, 0x00, 0x00, 0x00, 0x00, 0x00, 0x00, 0x00, 0x00, 0x00,
    0x00, 0x00, 0x00, 0x00, 0x00, 0x00, 0x00, 0x00, 0x00, 0x00, 0x00, 0x00, 0x00, 0x00, 0x00, 0x00,
    0x00, 0x00, 0x00, 0x00, 0x00, 0x00, 0x00, 0x00, 0x00, 0x00, 0x00, 0x00, 0x00, 0x00, 0x00, 0x00,
    0x00, 0x00, 0x00, 0x00, 0x00, 0x00, 0x00, 0x00, 0x00, 0x00, 0x00, 0x00, 0x00, 0x00, 0x00, 0x00,
    0x00, 0x00, 0x00, 0x00, 0x00, 0x00, 0x00, 0x00, 0x00, 0x00, 0x00, 0x00, 0x00, 0x00, 0x00, 0x00,
    0x00, 0x00, 0x00, 0x00, 0x00, 0x00, 0x00, 0x00, 0x00, 0x00, 0x00, 0x00, 0x00, 0x00, 0x00, 0x00,
    0x00, 0x00, 0x00, 0x00, 0x00, 0x00, 0x00, 0x00, 0x00, 0x00, 0x00, 0x00, 0x00, 0x00, 0x00, 0x00,
    0x00, 0x00, 0x00, 0x00, 0x00, 0x00, 0x00, 0x00, 0x00, 0x00, 0x00, 0x00, 0x00, 0x00, 0x00, 0x00,
    0x00, 0x00, 0x00, 0x00, 0x00, 0x00, 0x00, 0x00, 0x00, 0x00, 0x00, 0x00, 0x00, 0x00, 0x00, 0x00,
    0x00, 0x00, 0x00, 0x00, 0x00, 0x00, 0x00, 0x00, 0x00, 0x00, 0x00, 0x00, 0x00, 0x00, 0x00, 0x00,
    0x00, 0x00, 0x00, 0x00, 0x00, 0x00, 0x00, 0x00, 0x00, 0x00, 0x00, 0x00, 0x00, 0x00, 0x00, 0x00,
    0x00, 0x00, 0x00, 0x00, 0x00, 0x00, 0x00, 0x00, 0x00, 0x00, 0x00, 0x00, 0x00, 0x00, 0x00, 0x00,
    0x00, 0x00, 0x00, 0x00, 0x00, 0x00, 0x00, 0x00, 0x00, 0x00, 0x00, 0x00, 0x00, 0x00, 0x00, 0x00,
    0x00, 0x00, 0x00, 0x00, 0x00, 0x00, 0x00, 0x00, 0x00, 0x00, 0x00, 0x00, 0x00, 0x00, 0x00, 0x00,
    0x00, 0x00, 0x00, 0x00, 0x00, 0x00, 0x00, 0x00, 0x00, 0x00, 0x00, 0x00, 0x00, 0x00, 0x00, 0x00,
    0x00, 0x00, 0x00, 0x00, 0x00, 0x00, 0x00, 0x00, 0x00, 0x00, 0x00, 0x00, 0x00, 0x00, 0x00, 0x00,
    0x00, 0x00, 0x00, 0x00, 0x00, 0x00, 0x00, 0x00, 0x00, 0x00, 0x00, 0x00, 0x00, 0x00, 0x00, 0x00,
    0x00, 0x00, 0x00, 0x00, 0x00, 0x00, 0x00, 0x00, 0x00, 0x00, 0x00, 0x00, 0x00, 0x00, 0x00, 0x00,
    0x00, 0x00, 0x00, 0x00, 0x00, 0x00, 0x00, 0x00, 0x00, 0x00, 0x00, 0x00, 0x00, 0x00, 0x00, 0x00,
    0x00, 0x00, 0x00, 0x00, 0x00, 0x00, 0x00, 0x00, 0x00, 0x00, 0x00, 0x00, 0x00, 0x00, 0x00, 0x00,
    0x00, 0x00, 0x00, 0x00, 0x00, 0x00, 0x00, 0x00, 0x00, 0x00, 0x00, 0x00, 0x00, 0x00, 0x00, 0x00,
    0x00, 0x00, 0x00, 0x00, 0x00, 0x00, 0x00, 0x00, 0x00, 0x00, 0x00, 0x00, 0x00, 0x00, 0x00, 0x00,
    0x00, 0x00, 0x00, 0x00, 0x00, 0x00, 0x00, 0x00, 0x00, 0x00, 0x00, 0x00, 0x00, 0x00, 0x00, 0x00,
    0x00, 0x00, 0x00, 0x00, 0x00, 0x00, 0x00, 0x00, 0x00, 0x00, 0x00, 0x00, 0x00, 0x00, 0x00, 0x00,
    0x00, 0x00, 0x00, 0x00, 0x00, 0x00, 0x00, 0x00, 0x00, 0x00, 0x00, 0x00, 0x00, 0x00, 0x00, 0x00,
    0x00, 0x00, 0x00, 0x00, 0x00, 0x00, 0x00, 0x00, 0x00, 0x00, 0x00, 0x00, 0x00, 0x00, 0x00, 0x00,
    0x00, 0x00, 0x00, 0x00, 0x00, 0x00, 0x00, 0x00, 0x00, 0x00, 0x00, 0x00, 0x00, 0x00, 0x00, 0x00,
    0x00, 0x00, 0x00, 0x00, 0x00, 0x00, 0x00, 0x00, 0x00, 0x00, 0x00, 0x00, 0x00, 0x00, 0x00, 0x00,
    0x00, 0x00, 0x00, 0x00, 0x00, 0x00, 0x00, 0x00, 0x00, 0x00, 0x00, 0x00, 0x00, 0x00, 0x00, 0x00,
    0x00, 0x00, 0x00, 0x00, 0x00, 0x00, 0x00, 0x00, 0x00, 0x00, 0x00, 0x00, 0x00, 0x00, 0x00, 0x00,
    0x00, 0x00, 0x00, 0x00, 0x00, 0x00, 0x00, 0x00, 0x00, 0x00, 0x00, 0x00, 0x00, 0x00, 0x00, 0x00,
    0x00, 0x00, 0x00, 0x00, 0x00, 0x00, 0x00, 0x00, 0x00, 0x00, 0x00, 0x00, 0x00, 0x00, 0x00, 0x00,
};
static const uint8_t s_icon56_partly_p[] = {
    0x00, 0x00, 0x00, 0x00, 0x00, 0x00, 0x00, 0x00, 0x00, 0x00, 0x00, 0x00, 0x00, 0x00, 0x00, 0x00,
    0x00, 0x00, 0x00, 0x00, 0x00, 0x00, 0x00, 0x00, 0x00, 0x00, 0x00, 0x00, 0x00, 0x00, 0x00, 0x00,
    0x00, 0x00, 0x00, 0x00, 0x00, 0x00, 0x00, 0x00, 0x00, 0x00, 0x00, 0x00, 0x00, 0x00, 0x00, 0x00,
    0x00, 0x00, 0x00, 0x00, 0x00, 0x00, 0x00, 0x00, 0x00, 0x00, 0x00, 0x00, 0x00, 0x00, 0x00, 0x00,
    0x00, 0x00, 0x00, 0x00, 0x00, 0x00, 0x00, 0x00, 0x00, 0x00, 0x00, 0x00, 0x00, 0x00, 0x00, 0x00,
    0x00, 0x00, 0x00, 0x00, 0x00, 0x00, 0x00, 0x00, 0x00, 0x00, 0x00, 0x00, 0x00, 0x00, 0x00, 0x00,
    0x00, 0x00, 0x00, 0x00, 0x00, 0x00, 0x00, 0x00, 0x00, 0x00, 0x00, 0x00, 0x00, 0x00, 0x00, 0x00,
    0x00, 0x00, 0x00, 0x00, 0x00, 0x00, 0x00, 0x00, 0x00, 0x00, 0x00, 0x00, 0x00, 0x00, 0x00, 0x00,
    0x00, 0x00, 0x00, 0x00, 0x00, 0x00, 0x00, 0x00, 0x00, 0x00, 0x00, 0x00, 0x00, 0x00, 0x00, 0x00,
    0x00, 0x00, 0x00, 0x00, 0x00, 0x00, 0x00, 0x00, 0x00, 0x00, 0x00, 0x00, 0x00, 0x00, 0x00, 0x00,
    0x00, 0x00, 0x00, 0x00, 0x00, 0x00, 0x00, 0x00, 0x00, 0x00, 0x00, 0x00, 0x00, 0x00, 0x00, 0x00,
    0x00, 0x00, 0x00, 0x00, 0x00, 0x00, 0x00, 0x00, 0x00, 0x00, 0x00, 0x00, 0x00, 0x00, 0x00, 0x00,
    0x00, 0x00, 0x00, 0x00, 0x00, 0x00, 0x00, 0x00, 0x00, 0x00, 0x00, 0x00, 0x00, 0x00, 0x00, 0x00,
    0x00, 0x00, 0x00, 0x00, 0x00, 0x00, 0x00, 0x00, 0x00, 0x00, 0x00, 0x00, 0x00, 0x00, 0x00, 0x00,
    0x00, 0x00, 0x00, 0x00, 0x00, 0x00, 0x00, 0x00, 0x00, 0x00, 0x00, 0x00, 0x00, 0x00, 0x00, 0x00,
    0x00, 0x00, 0x00, 0x00, 0x00, 0x00, 0x00, 0x00, 0x00, 0x00, 0x00, 0x00, 0x00, 0x00, 0x00, 0x00,
    0x00, 0x00, 0x00, 0x00, 0x00, 0x00, 0x00, 0x00, 0x00, 0x00, 0x00, 0x00, 0x00, 0x00, 0x00, 0x00,
    0x00, 0x00, 0x00, 0x00, 0x00, 0x00, 0x00, 0x00, 0x00, 0x00, 0x00, 0x00, 0x00, 0x00, 0x00, 0x00,
    0x00, 0x00, 0x00, 0x00, 0x00, 0x00, 0x00, 0x00, 0x00, 0x00, 0x00, 0x00, 0x00, 0x00, 0x00, 0x00,
    0x00, 0x00, 0x00, 0x00, 0x00, 0x00, 0x00, 0x00, 0x00, 0x00, 0x00, 0x00, 0x00, 0x00, 0x00, 0x00,
    0x00, 0x00, 0x00, 0x00, 0x00, 0x00, 0x00, 0x00, 0x00, 0x00, 0x00, 0x00, 0x00, 0x00, 0x00, 0x00,
    0x00, 0x00, 0x00, 0x00, 0x00, 0x00, 0x00, 0x00, 0x00, 0x00, 0x00, 0x00, 0x00, 0x00, 0x00, 0x00,
    0x00, 0x00, 0x00, 0x00, 0x00, 0x00, 0x00, 0x00, 0x00, 0x00, 0x00, 0x00, 0x00, 0x00, 0x00, 0x00,
    0x00, 0x00, 0x00, 0x00, 0x00, 0x00, 0x00, 0x00, 0x00, 0x00, 0x00, 0x00, 0x00, 0x00, 0x00, 0x00,
    0x00, 0x00, 0x00, 0x00, 0x00, 0x00, 0x00, 0x00, 0x00, 0x00, 0x00, 0x00, 0x00, 0x00, 0x00, 0x00,
    0x00, 0x00, 0x00, 0x00, 0x00, 0x00, 0x00, 0x00, 0x00, 0x00, 0x00, 0x00, 0x00, 0x00, 0x00, 0x00,
    0x00, 0x00, 0x00, 0x00, 0x00, 0x00, 0x00, 0x00, 0x00, 0x00, 0x00, 0x00, 0x00, 0x00, 0x00, 0x00,
    0x00, 0x00, 0x00, 0x00, 0x00, 0x00, 0x00, 0x00, 0x00, 0x00, 0x00, 0x00, 0x00, 0x00, 0x00, 0x00,
    0x00, 0x00, 0x00, 0x00, 0x00, 0x00, 0x00, 0x00, 0x00, 0x00, 0x00, 0x00, 0x00, 0x00, 0x00, 0x00,
    0x00, 0x00, 0x00, 0x00, 0x00, 0x00, 0x00, 0x00, 0x00, 0x00, 0x00, 0x00, 0x00, 0x00, 0x00, 0x00,
    0x00, 0x00, 0x00, 0x00, 0x00, 0x00, 0x00, 0x00, 0x00, 0x00, 0x00, 0x00, 0x00, 0x00, 0x00, 0x00,
    0x00, 0x00, 0x00, 0x00, 0x00, 0x00, 0x00, 0x00, 0x00, 0x00, 0x00, 0x00, 0x00, 0x00, 0x00, 0x00,
    0x00, 0x00, 0x00, 0x00, 0x00, 0x00, 0x00, 0x00, 0x00, 0x00, 0x00, 0x00, 0x00, 0x00, 0x00, 0x00,
    0x00, 0x00, 0x00, 0x00, 0x00, 0x00, 0x00, 0x00, 0x00, 0x00, 0x00, 0x00, 0x00, 0x00, 0x00, 0x00,
    0x00, 0x00, 0x00, 0x00, 0x00, 0x00, 0x00, 0x00, 0x00, 0x00, 0x00, 0x00, 0x00, 0x00, 0x00, 0x00,
    0x00, 0x00, 0x00, 0x00, 0x00, 0x00, 0x00, 0x00, 0x00, 0x00, 0x00, 0x00, 0x00, 0x00, 0x00, 0x00,
    0x00, 0x00, 0x00, 0x00, 0x00, 0x00, 0x00, 0x00, 0x00, 0x00, 0x00, 0x00, 0x00, 0x00, 0x00, 0x00,
    0x00, 0x00, 0x00, 0x00, 0x00, 0x00, 0x00, 0x00, 0x00, 0x00, 0x00, 0x00, 0x00, 0x00, 0x00, 0x00,
    0x00, 0x00, 0x00, 0x00, 0x00, 0x00, 0x00, 0x00, 0x00, 0x00, 0x00, 0x00, 0x00, 0x00, 0x00, 0x00,
    0x00, 0x00, 0x00, 0x00, 0x00, 0x00, 0x00, 0x04, 0x7a, 0xbb, 0xa8, 0x41, 0x00, 0x00, 0x00, 0x00,
    0x00, 0x00, 0x00, 0x00, 0x00, 0x00, 0x00, 0x00, 0x00, 0x00, 0x00, 0x00, 0x00, 0x00, 0x00, 0x00,
    0x00, 0x00, 0x17, 0xdf, 0xff, 0xff, 0xff, 0xfe, 0x92, 0x00, 0x00, 0x00, 0x00, 0x00, 0x00, 0x00,
    0x00, 0x00, 0x00, 0x00, 0x00, 0x00, 0x00, 0x00, 0x00, 0x00, 0x00, 0x00, 0x00, 0x05, 0xef, 0xff,
    0xff, 0xff, 0xff, 0xff, 0xff, 0x70, 0x00, 0x00, 0x00, 0x00, 0x00, 0x00, 0x00, 0x00, 0x00, 0x00,
    0x00, 0x00, 0x00, 0x00, 0x00, 0x00, 0x00, 0x00, 0x00, 0x8f, 0xff, 0xff, 0xff, 0xff, 0xff, 0xff,
    0xff, 0xfb, 0x10, 0x00, 0x00, 0x00, 0x00, 0x00, 0x00, 0x00, 0x00, 0x00, 0x00, 0x00, 0x00, 0x00,
    0x00, 0x00, 0x00, 0x00, 0x08, 0xff, 0xff, 0xff, 0xff, 0xff, 0xff, 0xff, 0xff, 0xff, 0xb1, 0x00,
    0x00, 0x00, 0x00, 0x00, 0x00, 0x00, 0x00, 0x00, 0x00, 0x00, 0x00, 0x00, 0x00, 0x00, 0x00, 0x00,
    0x6f, 0xff, 0xff, 0xff, 0xff, 0xff, 0xff, 0xff, 0xff, 0xff, 0xfa, 0x00, 0x00, 0x00, 0x00, 0x00,
    0x00, 0x00, 0x00, 0x00, 0x00, 0x00, 0x00, 0x00, 0x00, 0x00, 0x00, 0x02, 0xff, 0xff, 0xff, 0xff,
    0xff, 0xff, 0xff, 0xff, 0xff, 0xff, 0xff, 0x50, 0x00, 0x00, 0x00, 0x00, 0x00, 0x00, 0x00, 0x00,
    0x00, 0x00, 0x00, 0x00, 0x00, 0x00, 0x00, 0x0a, 0xff, 0xff, 0xff, 0xff, 0xff, 0xff, 0xff, 0xff,
    0xff, 0xff, 0xff, 0xe0, 0x00, 0x00, 0x00, 0x00, 0x00, 0x00, 0x00, 0x00, 0x00, 0x00, 0x00, 0x00,
    0x00, 0x00, 0x00, 0x2f, 0xff, 0xff, 0xff, 0xff, 0xff, 0xff, 0xff, 0xff, 0xff, 0xff, 0xff, 0xf6,
    0x00, 0x00, 0x00, 0x00, 0x00, 0x00, 0x00, 0x00, 0x00, 0x00, 0x00, 0x00, 0x00, 0x00, 0x00, 0x8f,
    0xff, 0xff, 0xff, 0xff, 0xff, 0xff, 0xff, 0xff, 0xff, 0xff, 0xff, 0xfb, 0x00, 0x00, 0x00, 0x00,
    0x00, 0x00, 0x00, 0x00, 0x00, 0x00, 0x00, 0x00, 0x02, 0x6a, 0xbb, 0xdf, 0xff, 0xff, 0xff, 0xff,
    0xff, 0xff, 0xff, 0xff, 0xff, 0xff, 0xff, 0xff, 0x10, 0x00, 0x00, 0x00, 0x00, 0x00, 0x00, 0x00,
    0x00, 0x00, 0x00, 0x02, 0xaf, 0xff, 0xff, 0xff, 0xff, 0xff, 0xff, 0xff, 0xff, 0xff, 0xff, 0xff,
    0xff, 0xff, 0xff, 0xff, 0x30, 0x00, 0x00, 0x00, 0x00, 0x00, 0x00, 0x00, 0x00, 0x00, 0x00, 0x4e,
    0xff, 0xff, 0xff, 0xff, 0xff, 0xff, 0xff, 0xff, 0xff, 0xff, 0xff, 0xff, 0xff, 0xff, 0xff, 0xff,
    0x50, 0x00, 0x00, 0x00, 0x00, 0x00, 0x00, 0x00, 0x00, 0x00, 0x04, 0xff, 0xff, 0xff, 0xff, 0xff,
    0xff, 0xff, 0xff, 0xff, 0xff, 0xff, 0xff, 0xff, 0xff, 0xff, 0xff, 0xff, 0xc5, 0x00, 0x00, 0x00,
    0x00, 0x00, 0x00, 0x00, 0x00, 0x00, 0x2e, 0xff, 0xff, 0xff, 0xff, 0xff, 0xff, 0xff, 0xff, 0xff,
    0xff, 0xff, 0xff, 0xff, 0xff, 0xff, 0xff, 0xff, 0xff, 0xb1, 0x00, 0x00, 0x00, 0x00, 0x00, 0x00,
    0x00, 0x00, 0xaf, 0xff, 0xff, 0xff, 0xff, 0xff, 0xff, 0xff, 0xff, 0xff, 0xff, 0xff, 0xff, 0xff,
    0xff, 0xff, 0xff, 0xff, 0xff, 0xfd, 0x10, 0x00, 0x00, 0x00, 0x00, 0x00, 0x00, 0x02, 0xff, 0xff,
    0xff, 0xff, 0xff, 0xff, 0xff, 0xff, 0xff, 0xff, 0xff, 0xff, 0xff, 0xff, 0xff, 0xff, 0xff, 0xff,
    0xff, 0xff, 0xa0, 0x00, 0x00, 0x00, 0x00, 0x00, 0x00, 0x06, 0xff, 0xff, 0xff, 0xff, 0xff, 0xff,
    0xff, 0xff, 0xff, 0xff, 0xff, 0xff, 0xff, 0xff, 0xff, 0xff, 0xff, 0xff, 0xff, 0xff, 0xf4, 0x00,
    0x00, 0x00, 0x00, 0x00, 0x00, 0x0a, 0xff, 0xff, 0xff, 0xff, 0xff, 0xff, 0xff, 0xff, 0xff, 0xff,
    0xff, 0xff, 0xff, 0xff, 0xff, 0xff, 0xff, 0xff, 0xff, 0xff, 0xfa, 0x00, 0x00, 0x00, 0x00, 0x00,
    0x00, 0x0b, 0xff, 0xff, 0xff, 0xff, 0xff, 0xff, 0xff, 0xff, 0xff, 0xff, 0xff, 0xff, 0xff, 0xff,
    0xff, 0xff, 0xff, 0xff, 0xff, 0xff, 0xfe, 0x00, 0x00, 0x00, 0x00, 0x00, 0x00, 0x0b, 0xff, 0xff,
    0xff, 0xff, 0xff, 0xff, 0xff, 0xff, 0xff, 0xff, 0xff, 0xff, 0xff, 0xff, 0xff, 0xff, 0xff, 0xff,
    0xff, 0xff, 0xff, 0x20, 0x00, 0x00, 0x00, 0x00, 0x00, 0x09, 0xff, 0xff, 0xff, 0xff, 0xff, 0xff,
    0xff, 0xff, 0xff, 0xff, 0xff, 0xff, 0xff, 0xff, 0xff, 0xff, 0xff, 0xff, 0xff, 0xff, 0xff, 0x20,
    0x00, 0x00, 0x00, 0x00, 0x00, 0x06, 0xff, 0xff, 0xff, 0xff, 0xff, 0xff, 0xff, 0xff, 0xff, 0xff,
    0xff, 0xff, 0xff, 0xff, 0xff, 0xff, 0xff, 0xff, 0xff, 0xff, 0xff, 0x00, 0x00, 0x00, 0x00, 0x00,
    0x00, 0x08, 0xff, 0xff, 0xff, 0xff, 0xff, 0xff, 0xff, 0xff, 0xff, 0xff, 0xff, 0xff, 0xff, 0xff,
    0xff, 0xff, 0xff, 0xff, 0xff, 0xff, 0xff, 0x10, 0x00, 0x00, 0x00, 0x00, 0x00, 0x0b, 0xff, 0xff,
    0xff, 0xff, 0xff, 0xff, 0xff, 0xff, 0xff, 0xff, 0xff, 0xff, 0xff, 0xff, 0xff, 0xff, 0xff, 0xff,
    0xff, 0xff, 0xff, 0x40, 0x00, 0x00, 0x00, 0x00, 0x00, 0x0b, 0xff, 0xff, 0xff, 0xff, 0xff, 0xff,
    0xff, 0xff, 0xff, 0xff, 0xff, 0xff, 0xff, 0xff, 0xff, 0xff, 0xff, 0xff, 0xff, 0xff, 0xff, 0x30,
    0x00, 0x00, 0x00, 0x00, 0x00, 0x07, 0xff, 0xff, 0xff, 0xff, 0xff, 0xff, 0xff, 0xff, 0xff, 0xff,
    0xff, 0xff, 0xff, 0xff, 0xff, 0xff, 0xff, 0xff, 0xff, 0xff, 0xfe, 0x00, 0x00, 0x00, 0x00, 0x00,
    0x00, 0x01, 0xdf, 0xff, 0xff, 0xff, 0xff, 0xff, 0xff, 0xff, 0xff, 0xff, 0xff, 0xff, 0xff, 0xff,
    0xff, 0xff, 0xff, 0xff, 0xff, 0xff, 0xf7, 0x00, 0x00, 0x00, 0x00, 0x00, 0x00, 0x00, 0x2d, 0xff,
    0xff, 0xff, 0xff, 0xff, 0xff, 0xff, 0xff, 0xff, 0xff, 0xff, 0xff, 0xff, 0xff, 0xff, 0xff, 0xff,
    0xff, 0xff, 0x80, 0x00, 0x00, 0x00, 0x00, 0x00, 0x00, 0x00, 0x01, 0x7b, 0xbb, 0xbb, 0xbb, 0xbb,
    0xbb, 0xbb, 0xbb, 0xbb, 0xbb, 0xbb, 0xbb, 0xbb, 0xbb, 0xbb, 0xbb, 0xbb, 0xbb, 0x94, 0x00, 0x00,
    0x00, 0x00, 0x00, 0x00, 0x00, 0x00, 0x00, 0x00, 0x00, 0x00, 0x00, 0x00, 0x00, 0x00, 0x00, 0x00,
    0x00, 0x00, 0x00, 0x00, 0x00, 0x00, 0x00, 0x00, 0x00, 0x00, 0x00, 0x00, 0x00, 0x00, 0x00, 0x00,
    0x00, 0x00, 0x00, 0x00, 0x00, 0x00, 0x00, 0x00, 0x00, 0x00, 0x00, 0x00, 0x00, 0x00, 0x00, 0x00,
    0x00, 0x00, 0x00, 0x00, 0x00, 0x00, 0x00, 0x00, 0x00, 0x00, 0x00, 0x00, 0x00, 0x00, 0x00, 0x00,
    0x00, 0x00, 0x00, 0x00, 0x00, 0x00, 0x00, 0x00, 0x00, 0x00, 0x00, 0x00, 0x00, 0x00, 0x00, 0x00,
    0x00, 0x00, 0x00, 0x00, 0x00, 0x00, 0x00, 0x00, 0x00, 0x00, 0x00, 0x00, 0x00, 0x00, 0x00, 0x00,
    0x00, 0x00, 0x00, 0x00, 0x00, 0x00, 0x00, 0x00, 0x00, 0x00, 0x00, 0x00, 0x00, 0x00, 0x00, 0x00,
};
static const uint8_t s_icon56_partly_q[] = {
    0x00, 0x00, 0x00, 0x00, 0x00, 0x00, 0x00, 0x00, 0x00, 0x00, 0x00, 0x00, 0x00, 0x00, 0x00, 0x00,
    0x00, 0x00, 0x00, 0x00, 0x00, 0x00, 0x00, 0x00, 0x00, 0x00, 0x00, 0x00, 0x00, 0x00, 0x00, 0x00,
    0x00, 0x00, 0x00, 0x00, 0x00, 0x00, 0x00, 0x00, 0x00, 0x00, 0x00, 0x00, 0x00, 0x00, 0x00, 0x00,
    0x00, 0x00, 0x00, 0x00, 0x00, 0x00, 0x00, 0x00, 0x00, 0x00, 0x00, 0x00, 0x00, 0x00, 0x00, 0x00,
    0x00, 0x09, 0x99, 0x70, 0x00, 0x00, 0x00, 0x00, 0x00, 0x00, 0x00, 0x00, 0x00, 0x00, 0x00, 0x00,
    0x00, 0x00, 0x00, 0x00, 0x00, 0x00, 0x00, 0x00, 0x00, 0x00, 0x00, 0x00, 0x00, 0x0f, 0xff, 0xb0,
    0x00, 0x00, 0x00, 0x00, 0x00, 0x00, 0x00, 0x00, 0x00, 0x00, 0x00, 0x00, 0x00, 0x00, 0x00, 0x00,
    0x00, 0x00, 0x00, 0x00, 0x00, 0x00, 0x00, 0x00, 0x00, 0x0f, 0xff, 0xb0, 0x00, 0x00, 0x00, 0x00,
    0x00, 0x00, 0x00, 0x00, 0x00, 0x00, 0x00, 0x00, 0x00, 0x00, 0x00, 0x00, 0x00, 0x00, 0x00, 0x00,
    0x00, 0x00, 0x00, 0x00, 0x00, 0x0f, 0xff, 0xb0, 0x00, 0x00, 0x00, 0x00, 0x00, 0x00, 0x00, 0x00,
    0x00, 0x00, 0x00, 0x00, 0x00, 0x00, 0x00, 0x00, 0x00, 0x00, 0x00, 0x00, 0x10, 0x00, 0x00, 0x00,
    0x00, 0x0f, 0xff, 0xb0, 0x00, 0x00, 0x00, 0x00, 0x01, 0x00, 0x00, 0x00, 0x00, 0x00, 0x00, 0x00,
    0x00, 0x00, 0x00, 0x00, 0x00, 0x00, 0x00, 0x02, 0xe7, 0x00, 0x00, 0x00, 0x00, 0x0b, 0xbb, 0x80,
    0x00, 0x00, 0x00, 0x00, 0x8d, 0x10, 0x00, 0x00, 0x00, 0x00, 0x00, 0x00, 0x00, 0x00, 0x00, 0x00,
    0x00, 0x00, 0x00, 0x4e, 0xff, 0x60, 0x00, 0x00, 0x00, 0x00, 0x00, 0x00, 0x00, 0x00, 0x00, 0x08,
    0xff, 0xd2, 0x00, 0x00, 0x00, 0x00, 0x00, 0x00, 0x00, 0x00, 0x00, 0x00, 0x00, 0x00, 0x00, 0xbf,
    0xff, 0xf5, 0x00, 0x00, 0x00, 0x00, 0x00, 0x00, 0x00, 0x00, 0x00, 0x7f, 0xff, 0xf9, 0x00, 0x00,
    0x00, 0x00, 0x00, 0x00, 0x00, 0x00, 0x00, 0x00, 0x00, 0x00, 0x00, 0x1b, 0xff, 0xff, 0x20, 0x00,
    0x00, 0x00, 0x00, 0x00, 0x00, 0x00, 0x04, 0xff, 0xff, 0xa0, 0x00, 0x00, 0x00, 0x00, 0x00, 0x00,
    0x00, 0x00, 0x00, 0x00, 0x00, 0x00, 0x00, 0x01, 0xdf, 0xf6, 0x00, 0x00, 0x00, 0x00, 0x00, 0x00,
    0x00, 0x00, 0x00, 0x8f, 0xfb, 0x00, 0x00, 0x00, 0x00, 0x00, 0x00, 0x00, 0x00, 0x00, 0x00, 0x00,
    0x00, 0x00, 0x00, 0x00, 0x1c, 0x50, 0x00, 0x00, 0x01, 0x69, 0xbb, 0x96, 0x10, 0x00, 0x00, 0x07,
    0xb1, 0x00, 0x00, 0x00, 0x00, 0x00, 0x00, 0x00, 0x00, 0x00, 0x00, 0x00, 0x00, 0x00, 0x00, 0x00,
    0x00, 0x00, 0x00, 0x01, 0x9f, 0xff, 0xff, 0xff, 0xf9, 0x10, 0x00, 0x00, 0x00, 0x00, 0x00, 0x00,
    0x00, 0x00, 0x00, 0x00, 0x00, 0x00, 0x00, 0x00, 0x00, 0x00, 0x00, 0x00, 0x00, 0x00, 0x00, 0x3d,
    0xff, 0xff, 0xff, 0xff, 0xff, 0xd3, 0x00, 0x00, 0x00, 0x00, 0x00, 0x00, 0x00, 0x00, 0x00, 0x00,
    0x00, 0x00, 0x00, 0x00, 0x00, 0x00, 0x00, 0x00, 0x00, 0x00, 0x03, 0xef, 0xff, 0xff, 0xff, 0xff,
    0xff, 0xfe, 0x30, 0x00, 0x00, 0x00, 0x00, 0x00, 0x00, 0x00, 0x00, 0x00, 0x00, 0x00, 0x00, 0x00,
    0x00, 0x00, 0x00, 0x00, 0x00, 0x00, 0x0d, 0xff, 0xff, 0xff, 0xff, 0xff, 0xff, 0xff, 0xd0, 0x00,
    0x00, 0x00, 0x00, 0x00, 0x00, 0x00, 0x00, 0x00, 0x00, 0x00, 0x00, 0x00, 0x00, 0x00, 0x00, 0x00,
    0x00, 0x00, 0x8f, 0xff, 0xff, 0xff, 0xff, 0xff, 0xff, 0xff, 0xf8, 0x00, 0x00, 0x00, 0x00, 0x00,
    0x00, 0x00, 0x00, 0x00, 0x00, 0x00, 0x00, 0x00, 0x00, 0x00, 0x00, 0x00, 0x00, 0x00, 0xef, 0xff,
    0xff, 0xff, 0xff, 0xff, 0xff, 0xff, 0xfe, 0x00, 0x00, 0x00, 0x00, 0x00, 0x00, 0x00, 0x00, 0x00,
    0x00, 0x00, 0x00, 0x00, 0x01, 0x44, 0x44, 0x40, 0x00, 0x03, 0xff, 0xff, 0xff, 0xff, 0xff, 0xff,
    0xff, 0xff, 0xff, 0x30, 0x00, 0x02, 0x22, 0x22, 0x10, 0x00, 0x00, 0x00, 0x00, 0x00, 0x00, 0x00,
    0x04, 0xff, 0xff, 0xf2, 0x00, 0x06, 0xff, 0xff, 0xff, 0xff, 0xff, 0xff, 0xff, 0xff, 0xff, 0x60,
    0x00, 0x0f, 0xff, 0xff, 0x60, 0x00, 0x00, 0x00, 0x00, 0x00, 0x00, 0x00, 0x04, 0xff, 0xff, 0xf2,
    0x00, 0x08, 0xff, 0xff, 0xff, 0xff, 0xff, 0xff, 0xff, 0xff, 0xff, 0x80, 0x00, 0x0d, 0xdf, 0xff,
    0x60, 0x00, 0x00, 0x00, 0x00, 0x00, 0x00, 0x00, 0x04, 0xff, 0xff, 0xf2, 0x00, 0x07, 0xff, 0xff,
    0xff, 0xff, 0xff, 0xff, 0xff, 0xff, 0xff, 0x70, 0x00, 0x00, 0x00, 0x36, 0x30, 0x00, 0x00, 0x00,
    0x00, 0x00, 0x00, 0x00, 0x02, 0x88, 0x88, 0x81, 0x00, 0x05, 0xff, 0xff, 0xff, 0xff, 0xff, 0xff,
    0xff, 0xff, 0xd6, 0x00, 0x00, 0x00, 0x00, 0x00, 0x00, 0x00, 0x00, 0x00, 0x00, 0x00, 0x00, 0x00,
    0x00, 0x00, 0x00, 0x00, 0x00, 0x01, 0xff, 0xff, 0xff, 0xff, 0xff, 0xff, 0xff, 0xf9, 0x00, 0x00,
    0x00, 0x00, 0x00, 0x00, 0x00, 0x00, 0x00, 0x00, 0x00, 0x00, 0x00, 0x00, 0x00, 0x00, 0x00, 0x00,
    0x00, 0x00, 0xbf, 0xff, 0xff, 0xff, 0xff, 0xff, 0xff, 0x60, 0x00, 0x00, 0x00, 0x00, 0x00, 0x00,
    0x00, 0x00, 0x00, 0x00, 0x00, 0x00, 0x00, 0x00, 0x00, 0x00, 0x00, 0x00, 0x00, 0x00, 0x3f, 0xff,
    0xff, 0xff, 0xff, 0xff, 0xf6, 0x00, 0x00, 0x00, 0x00, 0x00, 0x00, 0x00, 0x00, 0x00, 0x00, 0x00,
    0x00, 0x00, 0x00, 0x00, 0x00, 0x00, 0x00, 0x00, 0x00, 0x00, 0x08, 0xff, 0xff, 0xff, 0xff, 0xff,
    0x80, 0x00, 0x00, 0x00, 0x00, 0x00, 0x00, 0x00, 0x00, 0x00, 0x00, 0x00, 0x00, 0x00, 0x00, 0x00,
    0x00, 0x00, 0x00, 0x00, 0x00, 0x00, 0x00, 0xaf, 0xff, 0xff, 0xff, 0xfd, 0x00, 0x00, 0x00, 0x00,
    0x00, 0x00, 0x00, 0x00, 0x00, 0x00, 0x00, 0x00, 0x00, 0x00, 0x00, 0x00, 0x00, 0x00, 0x00, 0x00,
    0x00, 0x00, 0x00, 0x07, 0xff, 0xff, 0xff, 0xf5, 0x00, 0x00, 0x00, 0x00, 0x00, 0x00, 0x00, 0x00,
    0x00, 0x00, 0x00, 0x00, 0x00, 0x00, 0x00, 0x00, 0x00, 0x00, 0x00, 0x00, 0x06, 0x20, 0x00, 0x00,
    0x29, 0xef, 0xff, 0xc0, 0x00, 0x00, 0x00, 0x00, 0x00, 0x00, 0x00, 0x00, 0x00, 0x00, 0x00, 0x00,
    0x00, 0x00, 0x00, 0x00, 0x00, 0x00, 0x00, 0x00, 0x7f, 0xe3, 0x00, 0x00, 0x00, 0x02, 0x44, 0x10,
    0x00, 0x00, 0x00, 0x00, 0x00, 0x00, 0x00, 0x00, 0x00, 0x00, 0x00, 0x00, 0x00, 0x00, 0x00, 0x00,
    0x00, 0x00, 0x00, 0x05, 0xff, 0xfe, 0x30, 0x00, 0x00, 0x00, 0x00, 0x00, 0x00, 0x00, 0x00, 0x00,
    0x00, 0x00, 0x00, 0x00, 0x00, 0x00, 0x00, 0x00, 0x00, 0x00, 0x00, 0x00, 0x00, 0x00, 0x00, 0x5f,
    0xff, 0xfb, 0x10, 0x00, 0x00, 0x00, 0x00, 0x00, 0x00, 0x00, 0x00, 0x00, 0x00, 0x00, 0x00, 0x00,
    0x00, 0x00, 0x00, 0x00, 0x00, 0x00, 0x00, 0x00, 0x00, 0x00, 0x00, 0x7f, 0xff, 0xc1, 0x00, 0x00,
    0x00, 0x00, 0x00, 0x00, 0x00, 0x00, 0x00, 0x00, 0x00, 0x00, 0x00, 0x00, 0x00, 0x00, 0x00, 0x00,
    0x00, 0x00, 0x00, 0x00, 0x00, 0x00, 0x00, 0x05, 0xfd, 0x10, 0x00, 0x00, 0x00, 0x00, 0x00, 0x00,
    0x00, 0x00, 0x00, 0x00, 0x00, 0x00, 0x00, 0x00, 0x00, 0x00, 0x00, 0x00, 0x00, 0x00, 0x00, 0x00,
    0x00, 0x00, 0x00, 0x00, 0x41, 0x00, 0x00, 0x00, 0x00, 0x00, 0x00, 0x00, 0x00, 0x00, 0x00, 0x00,
    0x00, 0x00, 0x00, 0x00, 0x00, 0x00, 0x00, 0x00, 0x00, 0x00, 0x00, 0x00, 0x00, 0x00, 0x00, 0x00,
    0x00, 0x00, 0x00, 0x00, 0x00, 0x00, 0x00, 0x00, 0x00, 0x00, 0x00, 0x00, 0x00, 0x00, 0x00, 0x00,
    0x00, 0x00, 0x00, 0x00, 0x00, 0x00, 0x00, 0x00, 0x00, 0x00, 0x00, 0x00, 0x00, 0x00, 0x00, 0x00,
    0x00, 0x00, 0x00, 0x00, 0x00, 0x00, 0x00, 0x00, 0x00, 0x00, 0x00, 0x00, 0x00, 0x00, 0x00, 0x00,
    0x00, 0x00, 0x00, 0x00, 0x00, 0x00, 0x00, 0x00, 0x00, 0x00, 0x00, 0x00, 0x00, 0x00, 0x00, 0x00,
    0x00, 0x00, 0x00, 0x00, 0x00, 0x00, 0x00, 0x00, 0x00, 0x00, 0x00, 0x00, 0x00, 0x00, 0x00, 0x00,
    0x00, 0x00, 0x00, 0x00, 0x00, 0x00, 0x00, 0x00, 0x00, 0x00, 0x00, 0x00, 0x00, 0x00, 0x00, 0x00,
    0x00, 0x00, 0x00, 0x00, 0x00, 0x00, 0x00, 0x00, 0x00, 0x00, 0x00, 0x00, 0x00, 0x00, 0x00, 0x00,
    0x00, 0x00, 0x00, 0x00, 0x00, 0x00, 0x00, 0x00, 0x00, 0x00, 0x00, 0x00, 0x00, 0x00, 0x00, 0x00,
    0x00, 0x00, 0x00, 0x00, 0x00, 0x00, 0x00, 0x00, 0x00, 0x00, 0x00, 0x00, 0x00, 0x00, 0x00, 0x00,
    0x00, 0x00, 0x00, 0x00, 0x00, 0x00, 0x00, 0x00, 0x00, 0x00, 0x00, 0x00, 0x00, 0x00, 0x00, 0x00,
    0x00, 0x00, 0x00, 0x00, 0x00, 0x00, 0x00, 0x00, 0x00, 0x00, 0x00, 0x00, 0x00, 0x00, 0x00, 0x00,
    0x00, 0x00, 0x00, 0x00, 0x00, 0x00, 0x00, 0x00, 0x00, 0x00, 0x00, 0x00, 0x00, 0x00, 0x00, 0x00,
    0x00, 0x00, 0x00, 0x00, 0x00, 0x00, 0x00, 0x00, 0x00, 0x00, 0x00, 0x00, 0x00, 0x00, 0x00, 0x00,
    0x00, 0x00, 0x00, 0x00, 0x00, 0x00, 0x00, 0x00, 0x00, 0x00, 0x00, 0x00, 0x00, 0x00, 0x00, 0x00,
    0x00, 0x00, 0x00, 0x00, 0x00, 0x00, 0x00, 0x00, 0x00, 0x00, 0x00, 0x00, 0x00, 0x00, 0x00, 0x00,
    0x00, 0x00, 0x00, 0x00, 0x00, 0x00, 0x00, 0x00, 0x00, 0x00, 0x00, 0x00, 0x00, 0x00, 0x00, 0x00,
    0x00, 0x00, 0x00, 0x00, 0x00, 0x00, 0x00, 0x00, 0x00, 0x00, 0x00, 0x00, 0x00, 0x00, 0x00, 0x00,
    0x00, 0x00, 0x00, 0x00, 0x00, 0x00, 0x00, 0x00, 0x00, 0x00, 0x00, 0x00, 0x00, 0x00, 0x00, 0x00,
    0x00, 0x00, 0x00, 0x00, 0x00, 0x00, 0x00, 0x00, 0x00, 0x00, 0x00, 0x00, 0x00, 0x00, 0x00, 0x00,
    0x00, 0x00, 0x00, 0x00, 0x00, 0x00, 0x00, 0x00, 0x00, 0x00, 0x00, 0x00, 0x00, 0x00, 0x00, 0x00,
    0x00, 0x00, 0x00, 0x00, 0x00, 0x00, 0x00, 0x00, 0x00, 0x00, 0x00, 0x00, 0x00, 0x00, 0x00, 0x00,
    0x00, 0x00, 0x00, 0x00, 0x00, 0x00, 0x00, 0x00, 0x00, 0x00, 0x00, 0x00, 0x00, 0x00, 0x00, 0x00,
    0x00, 0x00, 0x00, 0x00, 0x00, 0x00, 0x00, 0x00, 0x00, 0x00, 0x00, 0x00, 0x00, 0x00, 0x00, 0x00,
    0x00, 0x00, 0x00, 0x00, 0x00, 0x00, 0x00, 0x00, 0x00, 0x00, 0x00, 0x00, 0x00, 0x00, 0x00, 0x00,
    0x00, 0x00, 0x00, 0x00, 0x00, 0x00, 0x00, 0x00, 0x00, 0x00, 0x00, 0x00, 0x00, 0x00, 0x00, 0x00,
    0x00, 0x00, 0x00, 0x00, 0x00, 0x00, 0x00, 0x00, 0x00, 0x00, 0x00, 0x00, 0x00, 0x00, 0x00, 0x00,
    0x00, 0x00, 0x00, 0x00, 0x00, 0x00, 0x00, 0x00, 0x00, 0x00, 0x00, 0x00, 0x00, 0x00, 0x00, 0x00,
    0x00, 0x00, 0x00, 0x00, 0x00, 0x00, 0x00, 0x00, 0x00, 0x00, 0x00, 0x00, 0x00, 0x00, 0x00, 0x00,
    0x00, 0x00, 0x00, 0x00, 0x00, 0x00, 0x00, 0x00, 0x00, 0x00, 0x00, 0x00, 0x00, 0x00, 0x00, 0x00,
    0x00, 0x00, 0x00, 0x00, 0x00, 0x00, 0x00, 0x00, 0x00, 0x00, 0x00, 0x00, 0x00, 0x00, 0x00, 0x00,
    0x00, 0x00, 0x00, 0x00, 0x00, 0x00, 0x00, 0x00, 0x00, 0x00, 0x00, 0x00, 0x00, 0x00, 0x00, 0x00,
    0x00, 0x00, 0x00, 0x00, 0x00, 0x00, 0x00, 0x00, 0x00, 0x00, 0x00, 0x00, 0x00, 0x00, 0x00, 0x00,
    0x00, 0x00, 0x00, 0x00, 0x00, 0x00, 0x00, 0x00, 0x00, 0x00, 0x00, 0x00, 0x00, 0x00, 0x00, 0x00,
};
static const uint8_t s_icon56_cloud_p[] = {
    0x00, 0x00, 0x00, 0x00, 0x00, 0x00, 0x00, 0x00, 0x00, 0x00, 0x00, 0x00, 0x00, 0x00, 0x00, 0x00,
    0x00, 0x00, 0x00, 0x00, 0x00, 0x00, 0x00, 0x00, 0x00, 0x00, 0x00, 0x00, 0x00, 0x00, 0x00, 0x00,
    0x00, 0x00, 0x00, 0x00, 0x00, 0x00, 0x00, 0x00, 0x00, 0x00, 0x00, 0x00, 0x00, 0x00, 0x00, 0x00,
    0x00, 0x00, 0x00, 0x00, 0x00, 0x00, 0x00, 0x00, 0x00, 0x00, 0x00, 0x00, 0x00, 0x00, 0x00, 0x00,
    0x00, 0x00, 0x00, 0x00, 0x00, 0x00, 0x00, 0x00, 0x00, 0x00, 0x00, 0x00, 0x00, 0x00, 0x00, 0x00,
    0x00, 0x00, 0x00, 0x00, 0x00, 0x00, 0x00, 0x00, 0x00, 0x00, 0x00, 0x00, 0x00, 0x00, 0x00, 0x00,
    0x00, 0x00, 0x00, 0x00, 0x00, 0x00, 0x00, 0x00, 0x00, 0x00, 0x00, 0x00, 0x00, 0x00, 0x00, 0x00,
    0x00, 0x00, 0x00, 0x00, 0x00, 0x00, 0x00, 0x00, 0x00, 0x00, 0x00, 0x00, 0x00, 0x00, 0x00, 0x00,
    0x00, 0x00, 0x00, 0x00, 0x00, 0x00, 0x00, 0x00, 0x00, 0x00, 0x00, 0x00, 0x00, 0x00, 0x00, 0x00,
    0x00, 0x00, 0x00, 0x00, 0x00, 0x00, 0x00, 0x00, 0x00, 0x00, 0x00, 0x00, 0x00, 0x00, 0x00, 0x00,
    0x00, 0x00, 0x00, 0x00, 0x00, 0x00, 0x00, 0x00, 0x00, 0x00, 0x00, 0x00, 0x00, 0x00, 0x00, 0x00,
    0x00, 0x00, 0x00, 0x00, 0x00, 0x00, 0x00, 0x00, 0x00, 0x00, 0x00, 0x00, 0x00, 0x00, 0x00, 0x00,
    0x00, 0x00, 0x00, 0x00, 0x00, 0x00, 0x00, 0x00, 0x00, 0x00, 0x00, 0x00, 0x00, 0x00, 0x00, 0x00,
    0x00, 0x00, 0x00, 0x00, 0x00, 0x00, 0x00, 0x00, 0x00, 0x00, 0x00, 0x00, 0x00, 0x00, 0x00, 0x00,
    0x00, 0x00, 0x00, 0x00, 0x00, 0x00, 0x00, 0x00, 0x00, 0x00, 0x00, 0x00, 0x00, 0x00, 0x00, 0x00,
    0x00, 0x00, 0x00, 0x00, 0x00, 0x00, 0x00, 0x00, 0x00, 0x00, 0x00, 0x00, 0x00, 0x00, 0x00, 0x00,
    0x00, 0x00, 0x00, 0x00, 0x00, 0x00, 0x00, 0x00, 0x00, 0x00, 0x00, 0x00, 0x00, 0x00, 0x00, 0x00,
    0x00, 0x00, 0x00, 0x00, 0x00, 0x00, 0x00, 0x00, 0x00, 0x00, 0x00, 0x00, 0x00, 0x00, 0x00, 0x00,
    0x00, 0x00, 0x00, 0x00, 0x00, 0x00, 0x00, 0x00, 0x00, 0x00, 0x00, 0x00, 0x00, 0x00, 0x00, 0x00,
    0x00, 0x00, 0x00, 0x00, 0x00, 0x00, 0x00, 0x00, 0x00, 0x00, 0x00, 0x00, 0x00, 0x00, 0x00, 0x00,
    0x00, 0x00, 0x00, 0x00, 0x00, 0x00, 0x00, 0x00, 0x00, 0x00, 0x00, 0x00, 0x00, 0x00, 0x00, 0x00,
    0x00, 0x00, 0x00, 0x00, 0x00, 0x00, 0x00, 0x00, 0x00, 0x00, 0x00, 0x00, 0x00, 0x00, 0x00, 0x00,
    0x00, 0x00, 0x00, 0x00, 0x00, 0x00, 0x00, 0x00, 0x00, 0x00, 0x00, 0x00, 0x00, 0x00, 0x00, 0x00,
    0x00, 0x00, 0x00, 0x00, 0x00, 0x00, 0x00, 0x00, 0x00, 0x00, 0x00, 0x00, 0x00, 0x00, 0x00, 0x00,
    0x00, 0x00, 0x00, 0x00, 0x00, 0x00, 0x00, 0x00, 0x00, 0x00, 0x00, 0x00, 0x00, 0x00, 0x00, 0x00,
    0x00, 0x00, 0x00, 0x00, 0x00, 0x00, 0x00, 0x00, 0x00, 0x00, 0x00, 0x00, 0x00, 0x00, 0x00, 0x00,
    0x00, 0x00, 0x00, 0x00, 0x00, 0x00, 0x00, 0x00, 0x00, 0x00, 0x00, 0x00, 0x00, 0x00, 0x00, 0x00,
    0x00, 0x00, 0x00, 0x00, 0x00, 0x00, 0x00, 0x00, 0x00, 0x00, 0x00, 0x00, 0x00, 0x00, 0x00, 0x00,
    0x00, 0x00, 0x00, 0x00, 0x00, 0x00, 0x00, 0x00, 0x00, 0x00, 0x00, 0x00, 0x00, 0x00, 0x01, 0x47,
    0x99, 0x97, 0x51, 0x00, 0x00, 0x00, 0x00, 0x00, 0x00, 0x00, 0x00, 0x00, 0x00, 0x00, 0x00, 0x00,
    0x00, 0x00, 0x00, 0x00, 0x00, 0x00, 0x00, 0x00, 0x00, 0x04, 0xaf, 0xff, 0xff, 0xff, 0xff, 0xb5,
    0x00, 0x00, 0x00, 0x00, 0x00, 0x00, 0x00, 0x00, 0x00, 0x00, 0x00, 0x00, 0x00, 0x00, 0x00, 0x00,
    0x00, 0x00, 0x00, 0x00, 0x02, 0xbf, 0xff, 0xff, 0xff, 0xff, 0xff, 0xff, 0xd4, 0x00, 0x00, 0x00,
    0x00, 0x00, 0x00, 0x00, 0x00, 0x00, 0x00, 0x00, 0x00, 0x00, 0x00, 0x00, 0x00, 0x00, 0x00, 0x00,
    0x5e, 0xff, 0xff, 0xff, 0xff, 0xff, 0xff, 0xff, 0xff, 0x80, 0x00, 0x00, 0x00, 0x00, 0x00, 0x00,
    0x00, 0x00, 0x00, 0x00, 0x00, 0x00, 0x00, 0x00, 0x00, 0x00, 0x00, 0x07, 0xff, 0xff, 0xff, 0xff,
    0xff, 0xff, 0xff, 0xff, 0xff, 0xfa, 0x00, 0x00, 0x00, 0x00, 0x00, 0x00, 0x00, 0x00, 0x00, 0x00,
    0x00, 0x00, 0x00, 0x00, 0x00, 0x00, 0x00, 0x5f, 0xff, 0xff, 0xff, 0xff, 0xff, 0xff, 0xff, 0xff,
    0xff, 0xff, 0x90, 0x00, 0x00, 0x00, 0x00, 0x00, 0x00, 0x00, 0x00, 0x00, 0x00, 0x00, 0x00, 0x00,
    0x00, 0x00, 0x02, 0xef, 0xff, 0xff, 0xff, 0xff, 0xff, 0xff, 0xff, 0xff, 0xff, 0xff, 0xf5, 0x00,
    0x00, 0x00, 0x00, 0x00, 0x00, 0x00, 0x00, 0x00, 0x00, 0x00, 0x00, 0x00, 0x00, 0x00, 0x0b, 0xff,
    0xff, 0xff, 0xff, 0xff, 0xff, 0xff, 0xff, 0xff, 0xff, 0xff, 0xfe, 0x10, 0x00, 0x00, 0x00, 0x00,
    0x00, 0x00, 0x00, 0x00, 0x00, 0x00, 0x00, 0x00, 0x00, 0x00, 0x5f, 0xff, 0xff, 0xff, 0xff, 0xff,
    0xff, 0xff, 0xff, 0xff, 0xff, 0xff, 0xff, 0x80, 0x00, 0x00, 0x00, 0x00, 0x00, 0x00, 0x00, 0x00,
    0x00, 0x00, 0x00, 0x00, 0x00, 0x00, 0xbf, 0xff, 0xff, 0xff, 0xff, 0xff, 0xff, 0xff, 0xff, 0xff,
    0xff, 0xff, 0xff, 0xe0, 0x00, 0x00, 0x00, 0x00, 0x00, 0x00, 0x00, 0x00, 0x00, 0x00, 0x00, 0x00,
    0x00, 0x01, 0xff, 0xff, 0xff, 0xff, 0xff, 0xff, 0xff, 0xff, 0xff, 0xff, 0xff, 0xff, 0xff, 0xf5,
    0x00, 0x00, 0x00, 0x00, 0x00, 0x00, 0x00, 0x00, 0x00, 0x00, 0x00, 0x16, 0x9b, 0xbc, 0xff, 0xff,
    0xff, 0xff, 0xff, 0xff, 0xff, 0xff, 0xff, 0xff, 0xff, 0xff, 0xff, 0xf9, 0x00, 0x00, 0x00, 0x00,
    0x00, 0x00, 0x00, 0x00, 0x00, 0x00, 0x29, 0xff, 0xff, 0xff, 0xff, 0xff, 0xff, 0xff, 0xff, 0xff,
    0xff, 0xff, 0xff, 0xff, 0xff, 0xff, 0xff, 0xfc, 0x00, 0x00, 0x00, 0x00, 0x00, 0x00, 0x00, 0x00,
    0x00, 0x05, 0xef, 0xff, 0xff, 0xff, 0xff, 0xff, 0xff, 0xff, 0xff, 0xff, 0xff, 0xff, 0xff, 0xff,
    0xff, 0xff, 0xff, 0xfe, 0x00, 0x00, 0x00, 0x00, 0x00, 0x00, 0x00, 0x00, 0x00, 0x6f, 0xff, 0xff,
    0xff, 0xff, 0xff, 0xff, 0xff, 0xff, 0xff, 0xff, 0xff, 0xff, 0xff, 0xff, 0xff, 0xff, 0xff, 0xff,
    0x60, 0x00, 0x00, 0x00, 0x00, 0x00, 0x00, 0x00, 0x04, 0xff, 0xff, 0xff, 0xff, 0xff, 0xff, 0xff,
    0xff, 0xff, 0xff, 0xff, 0xff, 0xff, 0xff, 0xff, 0xff, 0xff, 0xff, 0xff, 0xfd, 0x40, 0x00, 0x00,
    0x00, 0x00, 0x00, 0x00, 0x0d, 0xff, 0xff, 0xff, 0xff, 0xff, 0xff, 0xff, 0xff, 0xff, 0xff, 0xff,
    0xff, 0xff, 0xff, 0xff, 0xff, 0xff, 0xff, 0xff, 0xff, 0xf7, 0x00, 0x00, 0x00, 0x00, 0x00, 0x00,
    0x7f, 0xff, 0xff, 0xff, 0xff, 0xff, 0xff, 0xff, 0xff, 0xff, 0xff, 0xff, 0xff, 0xff, 0xff, 0xff,
    0xff, 0xff, 0xff, 0xff, 0xff, 0xff, 0x60, 0x00, 0x00, 0x00, 0x00, 0x00, 0xcf, 0xff, 0xff, 0xff,
    0xff, 0xff, 0xff, 0xff, 0xff, 0xff, 0xff, 0xff, 0xff, 0xff, 0xff, 0xff, 0xff, 0xff, 0xff, 0xff,
    0xff, 0xff, 0xe2, 0x00, 0x00, 0x00, 0x00, 0x02, 0xff, 0xff, 0xff, 0xff, 0xff, 0xff, 0xff, 0xff,
    0xff, 0xff, 0xff, 0xff, 0xff, 0xff, 0xff, 0xff, 0xff, 0xff, 0xff, 0xff, 0xff, 0xff, 0xf9, 0x00,
    0x00, 0x00, 0x00, 0x04, 0xff, 0xff, 0xff, 0xff, 0xff, 0xff, 0xff, 0xff, 0xff, 0xff, 0xff, 0xff,
    0xff, 0xff, 0xff, 0xff, 0xff, 0xff, 0xff, 0xff, 0xff, 0xff, 0xfe, 0x00, 0x00, 0x00, 0x00, 0x06,
    0xff, 0xff, 0xff, 0xff, 0xff, 0xff, 0xff, 0xff, 0xff, 0xff, 0xff, 0xff, 0xff, 0xff, 0xff, 0xff,
    0xff, 0xff, 0xff, 0xff, 0xff, 0xff, 0xff, 0x30, 0x00, 0x00, 0x00, 0x06, 0xff, 0xff, 0xff, 0xff,
    0xff, 0xff, 0xff, 0xff, 0xff, 0xff, 0xff, 0xff, 0xff, 0xff, 0xff, 0xff, 0xff, 0xff, 0xff, 0xff,
    0xff, 0xff, 0xff, 0x50, 0x00, 0x00, 0x00, 0x03, 0xff, 0xff, 0xff, 0xff, 0xff, 0xff, 0xff, 0xff,
    0xff, 0xff, 0xff, 0xff, 0xff, 0xff, 0xff, 0xff, 0xff, 0xff, 0xff, 0xff, 0xff, 0xff, 0xff, 0x60,
    0x00, 0x00, 0x00, 0x01, 0xff, 0xff, 0xff, 0xff, 0xff, 0xff, 0xff, 0xff, 0xff, 0xff, 0xff, 0xff,
    0xff, 0xff, 0xff, 0xff, 0xff, 0xff, 0xff, 0xff, 0xff, 0xff, 0xff, 0x40, 0x00, 0x00, 0x00, 0x01,
    0xff, 0xff, 0xff, 0xff, 0xff, 0xff, 0xff, 0xff, 0xff, 0xff, 0xff, 0xff, 0xff, 0xff, 0xff, 0xff,
    0xff, 0xff, 0xff, 0xff, 0xff, 0xff, 0xff, 0x30, 0x00, 0x00, 0x00, 0x03, 0xff, 0xff, 0xff, 0xff,
    0xff, 0xff, 0xff, 0xff, 0xff, 0xff, 0xff, 0xff, 0xff, 0xff, 0xff, 0xff, 0xff, 0xff, 0xff, 0xff,
    0xff, 0xff, 0xff, 0x50, 0x00, 0x00, 0x00, 0x04, 0xff, 0xff, 0xff, 0xff, 0xff, 0xff, 0xff, 0xff,
    0xff, 0xff, 0xff, 0xff, 0xff, 0xff, 0xff, 0xff, 0xff, 0xff, 0xff, 0xff, 0xff, 0xff, 0xff, 0x50,
    0x00, 0x00, 0x00, 0x01, 0xff, 0xff, 0xff, 0xff, 0xff, 0xff, 0xff, 0xff, 0xff, 0xff, 0xff, 0xff,
    0xff, 0xff, 0xff, 0xff, 0xff, 0xff, 0xff, 0xff, 0xff, 0xff, 0xff, 0x30, 0x00, 0x00, 0x00, 0x00,
    0x9f, 0xff, 0xff, 0xff, 0xff, 0xff, 0xff, 0xff, 0xff, 0xff, 0xff, 0xff, 0xff, 0xff, 0xff, 0xff,
    0xff, 0xff, 0xff, 0xff, 0xff, 0xff, 0xfb, 0x00, 0x00, 0x00, 0x00, 0x00, 0x1d, 0xff, 0xff, 0xff,
    0xff, 0xff, 0xff, 0xff, 0xff, 0xff, 0xff, 0xff, 0xff, 0xff, 0xff, 0xff, 0xff, 0xff, 0xff, 0xff,
    0xff, 0xff, 0xe2, 0x00, 0x00, 0x00, 0x00, 0x00, 0x01, 0xaf, 0xff, 0xff, 0xff, 0xff, 0xff, 0xff,
    0xff, 0xff, 0xff, 0xff, 0xff, 0xff, 0xff, 0xff, 0xff, 0xff, 0xff, 0xff, 0xff, 0xfb, 0x20, 0x00,
    0x00, 0x00, 0x00, 0x00, 0x00, 0x02, 0x56, 0x66, 0x66, 0x66, 0x66, 0x66, 0x66, 0x66, 0x66, 0x66,
    0x66, 0x66, 0x66, 0x66, 0x66, 0x66, 0x66, 0x66, 0x65, 0x30, 0x00, 0x00, 0x00, 0x00, 0x00, 0x00,
    0x00, 0x00, 0x00, 0x00, 0x00, 0x00, 0x00, 0x00, 0x00, 0x00, 0x00, 0x00, 0x00, 0x00, 0x00, 0x00,
    0x00, 0x00, 0x00, 0x00, 0x00, 0x00, 0x00, 0x00, 0x00, 0x00, 0x00, 0x00, 0x00, 0x00, 0x00, 0x00,
    0x00, 0x00, 0x00, 0x00, 0x00, 0x00, 0x00, 0x00, 0x00, 0x00, 0x00, 0x00, 0x00, 0x00, 0x00, 0x00,
    0x00, 0x00, 0x00, 0x00, 0x00, 0x00, 0x00, 0x00, 0x00, 0x00, 0x00, 0x00, 0x00, 0x00, 0x00, 0x00,
    0x00, 0x00, 0x00, 0x00, 0x00, 0x00, 0x00, 0x00, 0x00, 0x00, 0x00, 0x00, 0x00, 0x00, 0x00, 0x00,
    0x00, 0x00, 0x00, 0x00, 0x00, 0x00, 0x00, 0x00, 0x00, 0x00, 0x00, 0x00, 0x00, 0x00, 0x00, 0x00,
    0x00, 0x00, 0x00, 0x00, 0x00, 0x00, 0x00, 0x00, 0x00, 0x00, 0x00, 0x00, 0x00, 0x00, 0x00, 0x00,
    0x00, 0x00, 0x00, 0x00, 0x00, 0x00, 0x00, 0x00, 0x00, 0x00, 0x00, 0x00, 0x00, 0x00, 0x00, 0x00,
    0x00, 0x00, 0x00, 0x00, 0x00, 0x00, 0x00, 0x00, 0x00, 0x00, 0x00, 0x00, 0x00, 0x00, 0x00, 0x00,
    0x00, 0x00, 0x00, 0x00, 0x00, 0x00, 0x00, 0x00, 0x00, 0x00, 0x00, 0x00, 0x00, 0x00, 0x00, 0x00,
    0x00, 0x00, 0x00, 0x00, 0x00, 0x00, 0x00, 0x00, 0x00, 0x00, 0x00, 0x00, 0x00, 0x00, 0x00, 0x00,
    0x00, 0x00, 0x00, 0x00, 0x00, 0x00, 0x00, 0x00, 0x00, 0x00, 0x00, 0x00, 0x00, 0x00, 0x00, 0x00,
};
static const uint8_t s_icon56_cloud_q[] = {
    0x00, 0x00, 0x00, 0x00, 0x00, 0x00, 0x00, 0x00, 0x00, 0x00, 0x00, 0x00, 0x00, 0x00, 0x00, 0x00,
    0x00, 0x00, 0x00, 0x00, 0x00, 0x00, 0x00, 0x00, 0x00, 0x00, 0x00, 0x00, 0x00, 0x00, 0x00, 0x00,
    0x00, 0x00, 0x00, 0x00, 0x00, 0x00, 0x00, 0x00, 0x00, 0x00, 0x00, 0x00, 0x00, 0x00, 0x00, 0x00,
    0x00, 0x00, 0x00, 0x00, 0x00, 0x00, 0x00, 0x00, 0x00, 0x00, 0x00, 0x00, 0x00, 0x00, 0x00, 0x00,
    0x00, 0x00, 0x00, 0x00, 0x00, 0x00, 0x00, 0x00, 0x00, 0x00, 0x00, 0x00, 0x00, 0x00, 0x00, 0x00,
    0x00, 0x00, 0x00, 0x00, 0x00, 0x00, 0x00, 0x00, 0x00, 0x00, 0x00, 0x00, 0x00, 0x00, 0x00, 0x00,
    0x00, 0x00, 0x00, 0x00, 0x00, 0x00, 0x00, 0x00, 0x00, 0x00, 0x00, 0x00, 0x00, 0x00, 0x00, 0x00,
    0x00, 0x00, 0x00, 0x00, 0x00, 0x00, 0x00, 0x00, 0x00, 0x00, 0x00, 0x00, 0x00, 0x00, 0x00, 0x00,
    0x00, 0x00, 0x00, 0x00, 0x00, 0x00, 0x00, 0x00, 0x00, 0x00, 0x00, 0x00, 0x00, 0x00, 0x00, 0x00,
    0x00, 0x00, 0x00, 0x00, 0x00, 0x00, 0x00, 0x00, 0x00, 0x00, 0x00, 0x00, 0x00, 0x00, 0x00, 0x00,
    0x00, 0x00, 0x00, 0x00, 0x00, 0x00, 0x00, 0x00, 0x00, 0x00, 0x00, 0x00, 0x00, 0x00, 0x00, 0x00,
    0x00, 0x00, 0x00, 0x00, 0x00, 0x00, 0x00, 0x00, 0x00, 0x00, 0x00, 0x00, 0x00, 0x00, 0x00, 0x00,
    0x00, 0x00, 0x00, 0x00, 0x00, 0x00, 0x00, 0x00, 0x00, 0x00, 0x00, 0x00, 0x00, 0x00, 0x00, 0x00,
    0x00, 0x00, 0x00, 0x00, 0x00, 0x00, 0x00, 0x00, 0x00, 0x00, 0x00, 0x00, 0x00, 0x00, 0x00, 0x00,
    0x00, 0x00, 0x00, 0x00, 0x00, 0x00, 0x00, 0x00, 0x00, 0x00, 0x00, 0x00, 0x00, 0x00, 0x00, 0x00,
    0x00, 0x00, 0x00, 0x00, 0x00, 0x00, 0x00, 0x00, 0x00, 0x00, 0x00, 0x00, 0x00, 0x00, 0x00, 0x00,
    0x00, 0x00, 0x00, 0x00, 0x00, 0x00, 0x00, 0x00, 0x00, 0x00, 0x00, 0x00, 0x00, 0x00, 0x00, 0x00,
    0x00, 0x00, 0x00, 0x00, 0x00, 0x00, 0x00, 0x00, 0x00, 0x00, 0x00, 0x00, 0x00, 0x00, 0x00, 0x00,
    0x00, 0x00, 0x00, 0x00, 0x00, 0x00, 0x00, 0x00, 0x00, 0x00, 0x00, 0x00, 0x00, 0x00, 0x00, 0x00,
    0x00, 0x00, 0x00, 0x00, 0x00, 0x00, 0x00, 0x00, 0x00, 0x00, 0x00, 0x00, 0x00, 0x00, 0x00, 0x00,
    0x00, 0x00, 0x00, 0x00, 0x00, 0x00, 0x00, 0x00, 0x00, 0x00, 0x00, 0x00, 0x00, 0x00, 0x00, 0x00,
    0x00, 0x00, 0x00, 0x00, 0x00, 0x00, 0x00, 0x00, 0x00, 0x00, 0x00, 0x00, 0x00, 0x00, 0x00, 0x00,
    0x00, 0x00, 0x00, 0x00, 0x00, 0x00, 0x00, 0x00, 0x00, 0x00, 0x00, 0x00, 0x00, 0x00, 0x00, 0x00,
    0x00, 0x00, 0x00, 0x00, 0x00, 0x00, 0x00, 0x00, 0x00, 0x00, 0x00, 0x00, 0x00, 0x00, 0x00, 0x00,
    0x00, 0x00, 0x00, 0x00, 0x00, 0x00, 0x00, 0x00, 0x00, 0x00, 0x00, 0x00, 0x00, 0x00, 0x00, 0x00,
    0x00, 0x00, 0x00, 0x00, 0x00, 0x00, 0x00, 0x00, 0x00, 0x00, 0x00, 0x00, 0x00, 0x00, 0x00, 0x00,
    0x00, 0x00, 0x00, 0x00, 0x00, 0x00, 0x00, 0x00, 0x00, 0x00, 0x00, 0x00, 0x00, 0x00, 0x00, 0x00,
    0x00, 0x00, 0x00, 0x00, 0x00, 0x00, 0x00, 0x00, 0x00, 0x00, 0x00, 0x00, 0x00, 0x00, 0x00, 0x00,
    0x00, 0x00, 0x00, 0x00, 0x00, 0x00, 0x00, 0x00, 0x00, 0x00, 0x00, 0x00, 0x00, 0x00, 0x00, 0x00,
    0x00, 0x00, 0x00, 0x00, 0x00, 0x00, 0x00, 0x00, 0x00, 0x00, 0x00, 0x00, 0x00, 0x00, 0x00, 0x00,
    0x00, 0x00, 0x00, 0x00, 0x00, 0x00, 0x00, 0x00, 0x00, 0x00, 0x00, 0x00, 0x00, 0x00, 0x00, 0x00,
    0x00, 0x00, 0x00, 0x00, 0x00, 0x00, 0x00, 0x00, 0x00, 0x00, 0x00, 0x00, 0x00, 0x00, 0x00, 0x00,
    0x00, 0x00, 0x00, 0x00, 0x00, 0x00, 0x00, 0x00, 0x00, 0x00, 0x00, 0x00, 0x00, 0x00, 0x00, 0x00,
    0x00, 0x00, 0x00, 0x00, 0x00, 0x00, 0x00, 0x00, 0x00, 0x00, 0x00, 0x00, 0x00, 0x00, 0x00, 0x00,
    0x00, 0x00, 0x00, 0x00, 0x00, 0x00, 0x00, 0x00, 0x00, 0x00, 0x00, 0x00, 0x00, 0x00, 0x00, 0x00,
    0x00, 0x00, 0x00, 0x00, 0x00, 0x00, 0x00, 0x00, 0x00, 0x00, 0x00, 0x00, 0x00, 0x00, 0x00, 0x00,
    0x00, 0x00, 0x00, 0x00, 0x00, 0x00, 0x00, 0x00, 0x00, 0x00, 0x00, 0x00, 0x00, 0x00, 0x00, 0x00,
    0x00, 0x00, 0x00, 0x00, 0x00, 0x00, 0x00, 0x00, 0x00, 0x00, 0x00, 0x00, 0x00, 0x00, 0x00, 0x00,
    0x00, 0x00, 0x00, 0x00, 0x00, 0x00, 0x00, 0x00, 0x00, 0x00, 0x00, 0x00, 0x00, 0x00, 0x00, 0x00,
    0x00, 0x00, 0x00, 0x00, 0x00, 0x00, 0x00, 0x00, 0x00, 0x00, 0x00, 0x00, 0x00, 0x00, 0x00, 0x00,
    0x00, 0x00, 0x00, 0x00, 0x00, 0x00, 0x00, 0x00, 0x00, 0x00, 0x00, 0x00, 0x00, 0x00, 0x00, 0x00,
    0x00, 0x00, 0x00, 0x00, 0x00, 0x00, 0x00, 0x00, 0x00, 0x00, 0x00, 0x00, 0x00, 0x00, 0x00, 0x00,
    0x00, 0x00, 0x00, 0x00, 0x00, 0x00, 0x00, 0x00, 0x00, 0x00, 0x00, 0x00, 0x00, 0x00, 0x00, 0x00,
    0x00, 0x00, 0x00, 0x00, 0x00, 0x00, 0x00, 0x00, 0x00, 0x00, 0x00, 0x00, 0x00, 0x00, 0x00, 0x00,
    0x00, 0x00, 0x00, 0x00, 0x00, 0x00, 0x00, 0x00, 0x00, 0x00, 0x00, 0x00, 0x00, 0x00, 0x00, 0x00,
    0x00, 0x00, 0x00, 0x00, 0x00, 0x00, 0x00, 0x00, 0x00, 0x00, 0x00, 0x00, 0x00, 0x00, 0x00, 0x00,
    0x00, 0x00, 0x00, 0x00, 0x00, 0x00, 0x00, 0x00, 0x00, 0x00, 0x00, 0x00, 0x00, 0x00, 0x00, 0x00,
    0x00, 0x00, 0x00, 0x00, 0x00, 0x00, 0x00, 0x00, 0x00, 0x00, 0x00, 0x00, 0x00, 0x00, 0x00, 0x00,
    0x00, 0x00, 0x00, 0x00, 0x00, 0x00, 0x00, 0x00, 0x00, 0x00, 0x00, 0x00, 0x00, 0x00, 0x00, 0x00,
    0x00, 0x00, 0x00, 0x00, 0x00, 0x00, 0x00, 0x00, 0x00, 0x00, 0x00, 0x00, 0x00, 0x00, 0x00, 0x00,
    0x00, 0x00, 0x00, 0x00, 0x00, 0x00, 0x00, 0x00, 0x00, 0x00, 0x00, 0x00, 0x00, 0x00, 0x00, 0x00,
    0x00, 0x00, 0x00, 0x00, 0x00, 0x00, 0x00, 0x00, 0x00, 0x00, 0x00, 0x00, 0x00, 0x00, 0x00, 0x00,
    0x00, 0x00, 0x00, 0x00, 0x00, 0x00, 0x00, 0x00, 0x00, 0x00, 0x00, 0x00, 0x00, 0x00, 0x00, 0x00,
    0x00, 0x00, 0x00, 0x00, 0x00, 0x00, 0x00, 0x00, 0x00, 0x00, 0x00, 0x00, 0x00, 0x00, 0x00, 0x00,
    0x00, 0x00, 0x00, 0x00, 0x00, 0x00, 0x00, 0x00, 0x00, 0x00, 0x00, 0x00, 0x00, 0x00, 0x00, 0x00,
    0x00, 0x00, 0x00, 0x00, 0x00, 0x00, 0x00, 0x00, 0x00, 0x00, 0x00, 0x00, 0x00, 0x00, 0x00, 0x00,
    0x00, 0x00, 0x00, 0x00, 0x00, 0x00, 0x00, 0x00, 0x00, 0x00, 0x00, 0x00, 0x00, 0x00, 0x00, 0x00,
    0x00, 0x00, 0x00, 0x00, 0x00, 0x00, 0x00, 0x00, 0x00, 0x00, 0x00, 0x00, 0x00, 0x00, 0x00, 0x00,
    0x00, 0x00, 0x00, 0x00, 0x00, 0x00, 0x00, 0x00, 0x00, 0x00, 0x00, 0x00, 0x00, 0x00, 0x00, 0x00,
    0x00, 0x00, 0x00, 0x00, 0x00, 0x00, 0x00, 0x00, 0x00, 0x00, 0x00, 0x00, 0x00, 0x00, 0x00, 0x00,
    0x00, 0x00, 0x00, 0x00, 0x00, 0x00, 0x00, 0x00, 0x00, 0x00, 0x00, 0x00, 0x00, 0x00, 0x00, 0x00,
    0x00, 0x00, 0x00, 0x00, 0x00, 0x00, 0x00, 0x00, 0x00, 0x00, 0x00, 0x00, 0x00, 0x00, 0x00, 0x00,
    0x00, 0x00, 0x00, 0x00, 0x00, 0x00, 0x00, 0x00, 0x00, 0x00, 0x00, 0x00, 0x00, 0x00, 0x00, 0x00,
    0x00, 0x00, 0x00, 0x00, 0x00, 0x00, 0x00, 0x00, 0x00, 0x00, 0x00, 0x00, 0x00, 0x00, 0x00, 0x00,
    0x00, 0x00, 0x00, 0x00, 0x00, 0x00, 0x00, 0x00, 0x00, 0x00, 0x00, 0x00, 0x00, 0x00, 0x00, 0x00,
    0x00, 0x00, 0x00, 0x00, 0x00, 0x00, 0x00, 0x00, 0x00, 0x00, 0x00, 0x00, 0x00, 0x00, 0x00, 0x00,
    0x00, 0x00, 0x00, 0x00, 0x00, 0x00, 0x00, 0x00, 0x00, 0x00, 0x00, 0x00, 0x00, 0x00, 0x00, 0x00,
    0x00, 0x00, 0x00, 0x00, 0x00, 0x00, 0x00, 0x00, 0x00, 0x00, 0x00, 0x00, 0x00, 0x00, 0x00, 0x00,
    0x00, 0x00, 0x00, 0x00, 0x00, 0x00, 0x00, 0x00, 0x00, 0x00, 0x00, 0x00, 0x00, 0x00, 0x00, 0x00,
    0x00, 0x00, 0x00, 0x00, 0x00, 0x00, 0x00, 0x00, 0x00, 0x00, 0x00, 0x00, 0x00, 0x00, 0x00, 0x00,
    0x00, 0x00, 0x00, 0x00, 0x00, 0x00, 0x00, 0x00, 0x00, 0x00, 0x00, 0x00, 0x00, 0x00, 0x00, 0x00,
    0x00, 0x00, 0x00, 0x00, 0x00, 0x00, 0x00, 0x00, 0x00, 0x00, 0x00, 0x00, 0x00, 0x00, 0x00, 0x00,
    0x00, 0x00, 0x00, 0x00, 0x00, 0x00, 0x00, 0x00, 0x00, 0x00, 0x00, 0x00, 0x00, 0x00, 0x00, 0x00,
    0x00, 0x00, 0x00, 0x00, 0x00, 0x00, 0x00, 0x00, 0x00, 0x00, 0x00, 0x00, 0x00, 0x00, 0x00, 0x00,
    0x00, 0x00, 0x00, 0x00, 0x00, 0x00, 0x00, 0x00, 0x00, 0x00, 0x00, 0x00, 0x00, 0x00, 0x00, 0x00,
    0x00, 0x00, 0x00, 0x00, 0x00, 0x00, 0x00, 0x00, 0x00, 0x00, 0x00, 0x00, 0x00, 0x00, 0x00, 0x00,
    0x00, 0x00, 0x00, 0x00, 0x00, 0x00, 0x00, 0x00, 0x00, 0x00, 0x00, 0x00, 0x00, 0x00, 0x00, 0x00,
    0x00, 0x00, 0x00, 0x00, 0x00, 0x00, 0x00, 0x00, 0x00, 0x00, 0x00, 0x00, 0x00, 0x00, 0x00, 0x00,
    0x00, 0x00, 0x00, 0x00, 0x00, 0x00, 0x00, 0x00, 0x00, 0x00, 0x00, 0x00, 0x00, 0x00, 0x00, 0x00,
    0x00, 0x00, 0x00, 0x00, 0x00, 0x00, 0x00, 0x00, 0x00, 0x00, 0x00, 0x00, 0x00, 0x00, 0x00, 0x00,
    0x00, 0x00, 0x00, 0x00, 0x00, 0x00, 0x00, 0x00, 0x00, 0x00, 0x00, 0x00, 0x00, 0x00, 0x00, 0x00,
    0x00, 0x00, 0x00, 0x00, 0x00, 0x00, 0x00, 0x00, 0x00, 0x00, 0x00, 0x00, 0x00, 0x00, 0x00, 0x00,
    0x00, 0x00, 0x00, 0x00, 0x00, 0x00, 0x00, 0x00, 0x00, 0x00, 0x00, 0x00, 0x00, 0x00, 0x00, 0x00,
    0x00, 0x00, 0x00, 0x00, 0x00, 0x00, 0x00, 0x00, 0x00, 0x00, 0x00, 0x00, 0x00, 0x00, 0x00, 0x00,
    0x00, 0x00, 0x00, 0x00, 0x00, 0x00, 0x00, 0x00, 0x00, 0x00, 0x00, 0x00, 0x00, 0x00, 0x00, 0x00,
    0x00, 0x00, 0x00, 0x00, 0x00, 0x00, 0x00, 0x00, 0x00, 0x00, 0x00, 0x00, 0x00, 0x00, 0x00, 0x00,
    0x00, 0x00, 0x00, 0x00, 0x00, 0x00, 0x00, 0x00, 0x00, 0x00, 0x00, 0x00, 0x00, 0x00, 0x00, 0x00,
    0x00, 0x00, 0x00, 0x00, 0x00, 0x00, 0x00, 0x00, 0x00, 0x00, 0x00, 0x00, 0x00, 0x00, 0x00, 0x00,
    0x00, 0x00, 0x00, 0x00, 0x00, 0x00, 0x00, 0x00, 0x00, 0x00, 0x00, 0x00, 0x00, 0x00, 0x00, 0x00,
    0x00, 0x00, 0x00, 0x00, 0x00, 0x00, 0x00, 0x00, 0x00, 0x00, 0x00, 0x00, 0x00, 0x00, 0x00, 0x00,
    0x00, 0x00, 0x00, 0x00, 0x00, 0x00, 0x00, 0x00, 0x00, 0x00, 0x00, 0x00, 0x00, 0x00, 0x00, 0x00,
    0x00, 0x00, 0x00, 0x00, 0x00, 0x00, 0x00, 0x00, 0x00, 0x00, 0x00, 0x00, 0x00, 0x00, 0x00, 0x00,
    0x00, 0x00, 0x00, 0x00, 0x00, 0x00, 0x00, 0x00, 0x00, 0x00, 0x00, 0x00, 0x00, 0x00, 0x00, 0x00,
    0x00, 0x00, 0x00, 0x00, 0x00, 0x00, 0x00, 0x00, 0x00, 0x00, 0x00, 0x00, 0x00, 0x00, 0x00, 0x00,
    0x00, 0x00, 0x00, 0x00, 0x00, 0x00, 0x00, 0x00, 0x00, 0x00, 0x00, 0x00, 0x00, 0x00, 0x00, 0x00,
    0x00, 0x00, 0x00, 0x00, 0x00, 0x00, 0x00, 0x00, 0x00, 0x00, 0x00, 0x00, 0x00, 0x00, 0x00, 0x00,
    0x00, 0x00, 0x00, 0x00, 0x00, 0x00, 0x00, 0x00, 0x00, 0x00, 0x00, 0x00, 0x00, 0x00, 0x00, 0x00,
    0x00, 0x00, 0x00, 0x00, 0x00, 0x00, 0x00, 0x00, 0x00, 0x00, 0x00, 0x00, 0x00, 0x00, 0x00, 0x00,
};
static const uint8_t s_icon56_fog_p[] = {
    0x00, 0x00, 0x00, 0x00, 0x00, 0x00, 0x00, 0x00, 0x00, 0x00, 0x00, 0x00, 0x00, 0x00, 0x00, 0x00,
    0x00, 0x00, 0x00, 0x00, 0x00, 0x00, 0x00, 0x00, 0x00, 0x00, 0x00, 0x00, 0x00, 0x00, 0x00, 0x00,
    0x00, 0x00, 0x00, 0x00, 0x00, 0x00, 0x00, 0x00, 0x00, 0x00, 0x00, 0x00, 0x00, 0x00, 0x00, 0x00,
    0x00, 0x00, 0x00, 0x00, 0x00, 0x00, 0x00, 0x00, 0x00, 0x00, 0x00, 0x00, 0x00, 0x00, 0x00, 0x00,
    0x00, 0x00, 0x00, 0x00, 0x00, 0x00, 0x00, 0x00, 0x00, 0x00, 0x00, 0x00, 0x00, 0x00, 0x00, 0x00,
    0x00, 0x00, 0x00, 0x00, 0x00, 0x00, 0x00, 0x00, 0x00, 0x00, 0x00, 0x00, 0x00, 0x00, 0x00, 0x00,
    0x00, 0x00, 0x00, 0x00, 0x00, 0x00, 0x00, 0x00, 0x00, 0x00, 0x00, 0x00, 0x00, 0x00, 0x00, 0x00,
    0x00, 0x00, 0x00, 0x00, 0x00, 0x00, 0x00, 0x00, 0x00, 0x00, 0x00, 0x00, 0x00, 0x00, 0x00, 0x00,
    0x00, 0x00, 0x00, 0x00, 0x00, 0x00, 0x00, 0x00, 0x00, 0x00, 0x00, 0x00, 0x00, 0x00, 0x00, 0x00,
    0x00, 0x00, 0x00, 0x00, 0x00, 0x00, 0x00, 0x00, 0x00, 0x00, 0x00, 0x00, 0x00, 0x00, 0x00, 0x00,
    0x00, 0x00, 0x00, 0x00, 0x00, 0x00, 0x00, 0x00, 0x00, 0x00, 0x00, 0x00, 0x00, 0x00, 0x00, 0x00,
    0x00, 0x00, 0x00, 0x00, 0x00, 0x00, 0x00, 0x00, 0x00, 0x00, 0x00, 0x00, 0x00, 0x00, 0x00, 0x00,
    0x00, 0x00, 0x00, 0x00, 0x00, 0x00, 0x00, 0x00, 0x00, 0x00, 0x00, 0x00, 0x00, 0x00, 0x00, 0x00,
    0x00, 0x00, 0x00, 0x00, 0x00, 0x00, 0x00, 0x00, 0x00, 0x00, 0x00, 0x00, 0x00, 0x00, 0x00, 0x00,
    0x00, 0x00, 0x00, 0x00, 0x00, 0x00, 0x00, 0x00, 0x00, 0x00, 0x00, 0x00, 0x00, 0x00, 0x00, 0x00,
    0x00, 0x00, 0x00, 0x00, 0x00, 0x00, 0x00, 0x00, 0x00, 0x00, 0x00, 0x00, 0x00, 0x00, 0x00, 0x00,
    0x00, 0x00, 0x00, 0x00, 0x00, 0x00, 0x00, 0x00, 0x00, 0x00, 0x00, 0x00, 0x00, 0x00, 0x00, 0x00,
    0x00, 0x00, 0x00, 0x00, 0x00, 0x00, 0x00, 0x00, 0x00, 0x00, 0x00, 0x00, 0x00, 0x00, 0x00, 0x00,
    0x00, 0x00, 0x00, 0x00, 0x00, 0x00, 0x00, 0x00, 0x00, 0x00, 0x00, 0x00, 0x00, 0x00, 0x00, 0x00,
    0x00, 0x00, 0x00, 0x00, 0x00, 0x00, 0x00, 0x00, 0x00, 0x69, 0x99, 0x99, 0x99, 0x99, 0x99, 0x99,
    0x99, 0x99, 0x99, 0x99, 0x99, 0x99, 0x99, 0x99, 0x99, 0x99, 0x97, 0x10, 0x00, 0x00, 0x00, 0x00,
    0x00, 0x00, 0x00, 0x00, 0x0b, 0xff, 0xff, 0xff, 0xff, 0xff, 0xff, 0xff, 0xff, 0xff, 0xff, 0xff,
    0xff, 0xff, 0xff, 0xff, 0xff, 0xff, 0xff, 0xc0, 0x00, 0x00, 0x00, 0x00, 0x00, 0x00, 0x00, 0x00,
    0x3f, 0xff, 0xff, 0xff, 0xff, 0xff, 0xff, 0xff, 0xff, 0xff, 0xff, 0xff, 0xff, 0xff, 0xff, 0xff,
    0xff, 0xff, 0xff, 0xf4, 0x00, 0x00, 0x00, 0x00, 0x00, 0x00, 0x00, 0x00, 0x3f, 0xff, 0xff, 0xff,
    0xff, 0xff, 0xff, 0xff, 0xff, 0xff, 0xff, 0xff, 0xff, 0xff, 0xff, 0xff, 0xff, 0xff, 0xff, 0xf5,
    0x00, 0x00, 0x00, 0x00, 0x00, 0x00, 0x00, 0x00, 0x0c, 0xff, 0xff, 0xff, 0xff, 0xff, 0xff, 0xff,
    0xff, 0xff, 0xff, 0xff, 0xff, 0xff, 0xff, 0xff, 0xff, 0xff, 0xff, 0xd0, 0x00, 0x00, 0x00, 0x00,
    0x00, 0x00, 0x00, 0x00, 0x01, 0x8b, 0xbb, 0xbb, 0xbb, 0xbb, 0xbb, 0xbb, 0xbb, 0xbb, 0xbb, 0xbb,
    0xbb, 0xbb, 0xbb, 0xbb, 0xbb, 0xbb, 0xb9, 0x20, 0x00, 0x00, 0x00, 0x00, 0x00, 0x00, 0x00, 0x00,
    0x00, 0x00, 0x00, 0x00, 0x00, 0x00, 0x00, 0x00, 0x00, 0x00, 0x00, 0x00, 0x00, 0x00, 0x00, 0x00,
    0x00, 0x00, 0x00, 0x00, 0x00, 0x00, 0x00, 0x00, 0x00, 0x00, 0x00, 0x00, 0x00, 0x00, 0x00, 0x00,
    0x00, 0x00, 0x00, 0x00, 0x00, 0x00, 0x00, 0x00, 0x00, 0x00, 0x00, 0x00, 0x00, 0x00, 0x00, 0x00,
    0x00, 0x00, 0x00, 0x00, 0x00, 0x00, 0x00, 0x00, 0x00, 0x00, 0x00, 0x00, 0x00, 0x00, 0x00, 0x00,
    0x00, 0x00, 0x00, 0x00, 0x00, 0x00, 0x00, 0x00, 0x00, 0x00, 0x00, 0x00, 0x00, 0x00, 0x00, 0x00,
    0x00, 0x00, 0x00, 0x00, 0x00, 0x00, 0x00, 0x00, 0x00, 0x00, 0x00, 0x00, 0x00, 0x00, 0x00, 0x00,
    0x00, 0x00, 0x00, 0x00, 0x00, 0x00, 0x00, 0x00, 0x00, 0x00, 0x00, 0x00, 0x00, 0x00, 0x00, 0x00,
    0x00, 0x00, 0x00, 0x00, 0x22, 0x22, 0x22, 0x22, 0x22, 0x22, 0x22, 0x22, 0x22, 0x22, 0x22, 0x22,
    0x22, 0x22, 0x22, 0x22, 0x22, 0x10, 0x00, 0x00, 0x00, 0x00, 0x00, 0x00, 0x00, 0x00, 0x00, 0x2c,
    0xff, 0xff, 0xff, 0xff, 0xff, 0xff, 0xff, 0xff, 0xff, 0xff, 0xff, 0xff, 0xff, 0xff, 0xff, 0xff,
    0xff, 0xf9, 0x00, 0x00, 0x00, 0x00, 0x00, 0x00, 0x00, 0x00, 0x00, 0xbf, 0xff, 0xff, 0xff, 0xff,
    0xff, 0xff, 0xff, 0xff, 0xff, 0xff, 0xff, 0xff, 0xff, 0xff, 0xff, 0xff, 0xff, 0xff, 0x50, 0x00,
    0x00, 0x00, 0x00, 0x00, 0x00, 0x00, 0x00, 0xff, 0xff, 0xff, 0xff, 0xff, 0xff, 0xff, 0xff, 0xff,
    0xff, 0xff, 0xff, 0xff, 0xff, 0xff, 0xff, 0xff, 0xff, 0xff, 0x90, 0x00, 0x00, 0x00, 0x00, 0x00,
    0x00, 0x00, 0x00, 0xcf, 0xff, 0xff, 0xff, 0xff, 0xff, 0xff, 0xff, 0xff, 0xff, 0xff, 0xff, 0xff,
    0xff, 0xff, 0xff, 0xff, 0xff, 0xff, 0x60, 0x00, 0x00, 0x00, 0x00, 0x00, 0x00, 0x00, 0x00, 0x3d,
    0xff, 0xff, 0xff, 0xff, 0xff, 0xff, 0xff, 0xff, 0xff, 0xff, 0xff, 0xff, 0xff, 0xff, 0xff, 0xff,
    0xff, 0xfb, 0x00, 0x00, 0x00, 0x00, 0x00, 0x00, 0x00, 0x00, 0x00, 0x00, 0x44, 0x44, 0x44, 0x44,
    0x44, 0x44, 0x44, 0x44, 0x44, 0x44, 0x44, 0x44, 0x44, 0x44, 0x44, 0x44, 0x44, 0x30, 0x00, 0x00,
    0x00, 0x00, 0x00, 0x00, 0x00, 0x00, 0x00, 0x00, 0x00, 0x00, 0x00, 0x00, 0x00, 0x00, 0x00, 0x00,
    0x00, 0x00, 0x00, 0x00, 0x00, 0x00, 0x00, 0x00, 0x00, 0x00, 0x00, 0x00, 0x00, 0x00, 0x00, 0x00,
    0x00, 0x00, 0x00, 0x00, 0x00, 0x00, 0x00, 0x00, 0x00, 0x00, 0x00, 0x00, 0x00, 0x00, 0x00, 0x00,
    0x00, 0x00, 0x00, 0x00, 0x00, 0x00, 0x00, 0x00, 0x00, 0x00, 0x00, 0x00, 0x00, 0x00, 0x00, 0x00,
    0x00, 0x00, 0x00, 0x00, 0x00, 0x00, 0x00, 0x00, 0x00, 0x00, 0x00, 0x00, 0x00, 0x00, 0x00, 0x00,
    0x00, 0x00, 0x00, 0x00, 0x00, 0x00, 0x00, 0x00, 0x00, 0x00, 0x00, 0x00, 0x00, 0x00, 0x00, 0x00,
    0x00, 0x00, 0x00, 0x00, 0x00, 0x00, 0x00, 0x00, 0x00, 0x00, 0x00, 0x00, 0x00, 0x00, 0x00, 0x00,
    0x00, 0x00, 0x18, 0x99, 0x99, 0x99, 0x99, 0x99, 0x99, 0x99, 0x99, 0x99, 0x99, 0x99, 0x99, 0x99,
    0x99, 0x99, 0x82, 0x00, 0x00, 0x00, 0x00, 0x00, 0x00, 0x00, 0x00, 0x00, 0x00, 0x01, 0xdf, 0xff,
    0xff, 0xff, 0xff, 0xff, 0xff, 0xff, 0xff, 0xff, 0xff, 0xff, 0xff, 0xff, 0xff, 0xff, 0xfe, 0x20,
    0x00, 0x00, 0x00, 0x00, 0x00, 0x00, 0x00, 0x00, 0x00, 0x06, 0xff, 0xff, 0xff, 0xff, 0xff, 0xff,
    0xff, 0xff, 0xff, 0xff, 0xff, 0xff, 0xff, 0xff, 0xff, 0xff, 0xff, 0x80, 0x00, 0x00, 0x00, 0x00,
    0x00, 0x00, 0x00, 0x00, 0x00, 0x07, 0xff, 0xff, 0xff, 0xff, 0xff, 0xff, 0xff, 0xff, 0xff, 0xff,
    0xff, 0xff, 0xff, 0xff, 0xff, 0xff, 0xff, 0x90, 0x00, 0x00, 0x00, 0x00, 0x00, 0x00, 0x00, 0x00,
    0x00, 0x01, 0xef, 0xff, 0xff, 0xff, 0xff, 0xff, 0xff, 0xff, 0xff, 0xff, 0xff, 0xff, 0xff, 0xff,
    0xff, 0xff, 0xff, 0x30, 0x00, 0x00, 0x00, 0x00, 0x00, 0x00, 0x00, 0x00, 0x00, 0x00, 0x2a, 0xbb,
    0xbb, 0xbb, 0xbb, 0xbb, 0xbb, 0xbb, 0xbb, 0xbb, 0xbb, 0xbb, 0xbb, 0xbb, 0xbb, 0xbb, 0xa3, 0x00,
    0x00, 0x00, 0x00, 0x00, 0x00, 0x00, 0x00, 0x00, 0x00, 0x00, 0x00, 0x00, 0x00, 0x00, 0x00, 0x00,
    0x00, 0x00, 0x00, 0x00, 0x00, 0x00, 0x00, 0x00, 0x00, 0x00, 0x00, 0x00, 0x00, 0x00, 0x00, 0x00,
    0x00, 0x00, 0x00, 0x00, 0x00, 0x00, 0x00, 0x00, 0x00, 0x00, 0x00, 0x00, 0x00, 0x00, 0x00, 0x00,
    0x00, 0x00, 0x00, 0x00, 0x00, 0x00, 0x00, 0x00, 0x00, 0x00, 0x00, 0x00, 0x00, 0x00, 0x00, 0x00,
    0x00, 0x00, 0x00, 0x00, 0x00, 0x00, 0x00, 0x00, 0x00, 0x00, 0x00, 0x00, 0x00, 0x00, 0x00, 0x00,
    0x00, 0x00, 0x00, 0x00, 0x00, 0x00, 0x00, 0x00, 0x00, 0x00, 0x00, 0x00, 0x00, 0x00, 0x00, 0x00,
    0x00, 0x00, 0x00, 0x00, 0x00, 0x00, 0x00, 0x00, 0x00, 0x00, 0x00, 0x00, 0x00, 0x00, 0x00, 0x00,
    0x00, 0x00, 0x00, 0x00, 0x00, 0x00, 0x00, 0x00, 0x00, 0x00, 0x00, 0x00, 0x00, 0x00, 0x00, 0x12,
    0x22, 0x22, 0x22, 0x22, 0x22, 0x22, 0x22, 0x22, 0x22, 0x22, 0x22, 0x22, 0x22, 0x22, 0x22, 0x20,
    0x00, 0x00, 0x00, 0x00, 0x00, 0x00, 0x00, 0x00, 0x00, 0x00, 0x0a, 0xff, 0xff, 0xff, 0xff, 0xff,
    0xff, 0xff, 0xff, 0xff, 0xff, 0xff, 0xff, 0xff, 0xff, 0xff, 0xff, 0xfd, 0x30, 0x00, 0x00, 0x00,
    0x00, 0x00, 0x00, 0x00, 0x00, 0x00, 0x7f, 0xff, 0xff, 0xff, 0xff, 0xff, 0xff, 0xff, 0xff, 0xff,
    0xff, 0xff, 0xff, 0xff, 0xff, 0xff, 0xff, 0xff, 0xd0, 0x00, 0x00, 0x00, 0x00, 0x00, 0x00, 0x00,
    0x00, 0x00, 0xbf, 0xff, 0xff, 0xff, 0xff, 0xff, 0xff, 0xff, 0xff, 0xff, 0xff, 0xff, 0xff, 0xff,
    0xff, 0xff, 0xff, 0xff, 0xf2, 0x00, 0x00, 0x00, 0x00, 0x00, 0x00, 0x00, 0x00, 0x00, 0x8f, 0xff,
    0xff, 0xff, 0xff, 0xff, 0xff, 0xff, 0xff, 0xff, 0xff, 0xff, 0xff, 0xff, 0xff, 0xff, 0xff, 0xff,
    0xe0, 0x00, 0x00, 0x00, 0x00, 0x00, 0x00, 0x00, 0x00, 0x00, 0x1c, 0xff, 0xff, 0xff, 0xff, 0xff,
    0xff, 0xff, 0xff, 0xff, 0xff, 0xff, 0xff, 0xff, 0xff, 0xff, 0xff, 0xfe, 0x40, 0x00, 0x00, 0x00,
    0x00, 0x00, 0x00, 0x00, 0x00, 0x00, 0x00, 0x34, 0x44, 0x44, 0x44, 0x44, 0x44, 0x44, 0x44, 0x44,
    0x44, 0x44, 0x44, 0x44, 0x44, 0x44, 0x44, 0x41, 0x00, 0x00, 0x00, 0x00, 0x00, 0x00, 0x00, 0x00,
    0x00, 0x00, 0x00, 0x00, 0x00, 0x00, 0x00, 0x00, 0x00, 0x00, 0x00, 0x00, 0x00, 0x00, 0x00, 0x00,
    0x00, 0x00, 0x00, 0x00, 0x00, 0x00, 0x00, 0x00, 0x00, 0x00, 0x00, 0x00, 0x00, 0x00, 0x00, 0x00,
    0x00, 0x00, 0x00, 0x00, 0x00, 0x00, 0x00, 0x00, 0x00, 0x00, 0x00, 0x00, 0x00, 0x00, 0x00, 0x00,
    0x00, 0x00, 0x00, 0x00, 0x00, 0x00, 0x00, 0x00, 0x00, 0x00, 0x00, 0x00, 0x00, 0x00, 0x00, 0x00,
    0x00, 0x00, 0x00, 0x00, 0x00, 0x00, 0x00, 0x00, 0x00, 0x00, 0x00, 0x00, 0x00, 0x00, 0x00, 0x00,
    0x00, 0x00, 0x00, 0x00, 0x00, 0x00, 0x00, 0x00, 0x00, 0x00, 0x00, 0x00, 0x00, 0x00, 0x00, 0x00,
    0x00, 0x00, 0x00, 0x00, 0x00, 0x00, 0x00, 0x00, 0x00, 0x00, 0x00, 0x00, 0x00, 0x00, 0x00, 0x00,
    0x00, 0x00, 0x00, 0x00, 0x00, 0x00, 0x00, 0x00, 0x00, 0x00, 0x00, 0x00, 0x00, 0x00, 0x00, 0x00,
    0x00, 0x00, 0x00, 0x00, 0x00, 0x00, 0x00, 0x00, 0x00, 0x00, 0x00, 0x00, 0x00, 0x00, 0x00, 0x00,
    0x00, 0x00, 0x00, 0x00, 0x00, 0x00, 0x00, 0x00, 0x00, 0x00, 0x00, 0x00, 0x00, 0x00, 0x00, 0x00,
    0x00, 0x00, 0x00, 0x00, 0x00, 0x00, 0x00, 0x00, 0x00, 0x00, 0x00, 0x00, 0x00, 0x00, 0x00, 0x00,
    0x00, 0x00, 0x00, 0x00, 0x00, 0x00, 0x00, 0x00, 0x00, 0x00, 0x00, 0x00, 0x00, 0x00, 0x00, 0x00,
};
static const uint8_t s_icon56_fog_q[] = {
    0x00, 0x00, 0x00, 0x00, 0x00, 0x00, 0x00, 0x00, 0x00, 0x00, 0x00, 0x00, 0x00, 0x00, 0x00, 0x00,
    0x00, 0x00, 0x00, 0x00, 0x00, 0x00, 0x00, 0x00, 0x00, 0x00, 0x00, 0x00, 0x00, 0x00, 0x00, 0x00,
    0x00, 0x00, 0x00, 0x00, 0x00, 0x00, 0x00, 0x00, 0x00, 0x00, 0x00, 0x00, 0x00, 0x00, 0x00, 0x00,
    0x00, 0x00, 0x00, 0x00, 0x00, 0x00, 0x00, 0x00, 0x00, 0x00, 0x00, 0x00, 0x00, 0x00, 0x00, 0x00,
    0x00, 0x00, 0x00, 0x00, 0x00, 0x00, 0x00, 0x00, 0x00, 0x00, 0x00, 0x00, 0x00, 0x00, 0x00, 0x00,
    0x00, 0x00, 0x00, 0x00, 0x00, 0x00, 0x00, 0x00, 0x00, 0x00, 0x00, 0x00, 0x00, 0x00, 0x00, 0x00,
    0x00, 0x00, 0x00, 0x00, 0x00, 0x00, 0x00, 0x00, 0x00, 0x00, 0x00, 0x00, 0x00, 0x00, 0x00, 0x00,
    0x00, 0x00, 0x00, 0x00, 0x00, 0x00, 0x00, 0x00, 0x00, 0x00, 0x00, 0x00, 0x00, 0x00, 0x00, 0x00,
    0x00, 0x00, 0x00, 0x00, 0x00, 0x00, 0x00, 0x00, 0x00, 0x00, 0x00, 0x00, 0x00, 0x00, 0x00, 0x00,
    0x00, 0x00, 0x00, 0x00, 0x00, 0x00, 0x00, 0x00, 0x00, 0x00, 0x00, 0x00, 0x00, 0x00, 0x00, 0x00,
    0x00, 0x00, 0x00, 0x00, 0x00, 0x00, 0x00, 0x00, 0x00, 0x00, 0x00, 0x00, 0x00, 0x00, 0x00, 0x00,
    0x00, 0x00, 0x00, 0x00, 0x00, 0x00, 0x00, 0x00, 0x00, 0x00, 0x00, 0x00, 0x00, 0x00, 0x00, 0x00,
    0x00, 0x00, 0x00, 0x00, 0x00, 0x00, 0x00, 0x00, 0x00, 0x00, 0x00, 0x00, 0x00, 0x00, 0x00, 0x00,
    0x00, 0x00, 0x00, 0x00, 0x00, 0x00, 0x00, 0x00, 0x00, 0x00, 0x00, 0x00, 0x00, 0x00, 0x00, 0x00,
    0x00, 0x00, 0x00, 0x00, 0x00, 0x00, 0x00, 0x00, 0x00, 0x00, 0x00, 0x00, 0x00, 0x00, 0x00, 0x00,
    0x00, 0x00, 0x00, 0x00, 0x00, 0x00, 0x00, 0x00, 0x00, 0x00, 0x00, 0x00, 0x00, 0x00, 0x00, 0x00,
    0x00, 0x00, 0x00, 0x00, 0x00, 0x00, 0x00, 0x00, 0x00, 0x00, 0x00, 0x00, 0x00, 0x00, 0x00, 0x00,
    0x00, 0x00, 0x00, 0x00, 0x00, 0x00, 0x00, 0x00, 0x00, 0x00, 0x00, 0x00, 0x00, 0x00, 0x00, 0x00,
    0x00, 0x00, 0x00, 0x00, 0x00, 0x00, 0x00, 0x00, 0x00, 0x00, 0x00, 0x00, 0x00, 0x00, 0x00, 0x00,
    0x00, 0x00, 0x00, 0x00, 0x00, 0x00, 0x00, 0x00, 0x00, 0x00, 0x00, 0x00, 0x00, 0x00, 0x00, 0x00,
    0x00, 0x00, 0x00, 0x00, 0x00, 0x00, 0x00, 0x00, 0x00, 0x00, 0x00, 0x00, 0x00, 0x00, 0x00, 0x00,
    0x00, 0x00, 0x00, 0x00, 0x00, 0x00, 0x00, 0x00, 0x00, 0x00, 0x00, 0x00, 0x00, 0x00, 0x00, 0x00,
    0x00, 0x00, 0x00, 0x00, 0x00, 0x00, 0x00, 0x00, 0x00, 0x00, 0x00, 0x00, 0x00, 0x00, 0x00, 0x00,
    0x00, 0x00, 0x00, 0x00, 0x00, 0x00, 0x00, 0x00, 0x00, 0x00, 0x00, 0x00, 0x00, 0x00, 0x00, 0x00,
    0x00, 0x00, 0x00, 0x00, 0x00, 0x00, 0x00, 0x00, 0x00, 0x00, 0x00, 0x00, 0x00, 0x00, 0x00, 0x00,
    0x00, 0x00, 0x00, 0x00, 0x00, 0x00, 0x00, 0x00, 0x00, 0x00, 0x00, 0x00, 0x00, 0x00, 0x00, 0x00,
    0x00, 0x00, 0x00, 0x00, 0x00, 0x00, 0x00, 0x00, 0x00, 0x00, 0x00, 0x00, 0x00, 0x00, 0x00, 0x00,
    0x00, 0x00, 0x00, 0x00, 0x00, 0x00, 0x00, 0x00, 0x00, 0x00, 0x00, 0x00, 0x00, 0x00, 0x00, 0x00,
    0x00, 0x00, 0x00, 0x00, 0x00, 0x00, 0x00, 0x00, 0x00, 0x00, 0x00, 0x00, 0x00, 0x00, 0x00, 0x00,
    0x00, 0x00, 0x00, 0x00, 0x00, 0x00, 0x00, 0x00, 0x00, 0x00, 0x00, 0x00, 0x00, 0x00, 0x00, 0x00,
    0x00, 0x00, 0x00, 0x00, 0x00, 0x00, 0x00, 0x00, 0x00, 0x00, 0x00, 0x00, 0x00, 0x00, 0x00, 0x00,
    0x00, 0x00, 0x00, 0x00, 0x00, 0x00, 0x00, 0x00, 0x00, 0x00, 0x00, 0x00, 0x00, 0x00, 0x00, 0x00,
    0x00, 0x00, 0x00, 0x00, 0x00, 0x00, 0x00, 0x00, 0x00, 0x00, 0x00, 0x00, 0x00, 0x00, 0x00, 0x00,
    0x00, 0x00, 0x00, 0x00, 0x00, 0x00, 0x00, 0x00, 0x00, 0x00, 0x00, 0x00, 0x00, 0x00, 0x00, 0x00,
    0x00, 0x00, 0x00, 0x00, 0x00, 0x00, 0x00, 0x00, 0x00, 0x00, 0x00, 0x00, 0x00, 0x00, 0x00, 0x00,
    0x00, 0x00, 0x00, 0x00, 0x00, 0x00, 0x00, 0x00, 0x00, 0x00, 0x00, 0x00, 0x00, 0x00, 0x00, 0x00,
    0x00, 0x00, 0x00, 0x00, 0x00, 0x00, 0x00, 0x00, 0x00, 0x00, 0x00, 0x00, 0x00, 0x00, 0x00, 0x00,
    0x00, 0x00, 0x00, 0x00, 0x00, 0x00, 0x00, 0x00, 0x00, 0x00, 0x00, 0x00, 0x00, 0x00, 0x00, 0x00,
    0x00, 0x00, 0x00, 0x00, 0x00, 0x00, 0x00, 0x00, 0x00, 0x00, 0x00, 0x00, 0x00, 0x00, 0x00, 0x00,
    0x00, 0x00, 0x00, 0x00, 0x00, 0x00, 0x00, 0x00, 0x00, 0x00, 0x00, 0x00, 0x00, 0x00, 0x00, 0x00,
    0x00, 0x00, 0x00, 0x00, 0x00, 0x00, 0x00, 0x00, 0x00, 0x00, 0x00, 0x00, 0x00, 0x00, 0x00, 0x00,
    0x00, 0x00, 0x00, 0x00, 0x00, 0x00, 0x00, 0x00, 0x00, 0x00, 0x00, 0x00, 0x00, 0x00, 0x00, 0x00,
    0x00, 0x00, 0x00, 0x00, 0x00, 0x00, 0x00, 0x00, 0x00, 0x00, 0x00, 0x00, 0x00, 0x00, 0x00, 0x00,
    0x00, 0x00, 0x00, 0x00, 0x00, 0x00, 0x00, 0x00, 0x00, 0x00, 0x00, 0x00, 0x00, 0x00, 0x00, 0x00,
    0x00, 0x00, 0x00, 0x00, 0x00, 0x00, 0x00, 0x00, 0x00, 0x00, 0x00, 0x00, 0x00, 0x00, 0x00, 0x00,
    0x00, 0x00, 0x00, 0x00, 0x00, 0x00, 0x00, 0x00, 0x00, 0x00, 0x00, 0x00, 0x00, 0x00, 0x00, 0x00,
    0x00, 0x00, 0x00, 0x00, 0x00, 0x00, 0x00, 0x00, 0x00, 0x00, 0x00, 0x00, 0x00, 0x00, 0x00, 0x00,
    0x00, 0x00, 0x00, 0x00, 0x00, 0x00, 0x00, 0x00, 0x00, 0x00, 0x00, 0x00, 0x00, 0x00, 0x00, 0x00,
    0x00, 0x00, 0x00, 0x00, 0x00, 0x00, 0x00, 0x00, 0x00, 0x00, 0x00, 0x00, 0x00, 0x00, 0x00, 0x00,
    0x00, 0x00, 0x00, 0x00, 0x00, 0x00, 0x00, 0x00, 0x00, 0x00, 0x00, 0x00, 0x00, 0x00, 0x00, 0x00,
    0x00, 0x00, 0x00, 0x00, 0x00, 0x00, 0x00, 0x00, 0x00, 0x00, 0x00, 0x00, 0x00, 0x00, 0x00, 0x00,
    0x00, 0x00, 0x00, 0x00, 0x00, 0x00, 0x00, 0x00, 0x00, 0x00, 0x00, 0x00, 0x00, 0x00, 0x00, 0x00,
    0x00, 0x00, 0x00, 0x00, 0x00, 0x00, 0x00, 0x00, 0x00, 0x00, 0x00, 0x00, 0x00, 0x00, 0x00, 0x00,
    0x00, 0x00, 0x00, 0x00, 0x00, 0x00, 0x00, 0x00, 0x00, 0x00, 0x00, 0x00, 0x00, 0x00, 0x00, 0x00,
    0x00, 0x00, 0x00, 0x00, 0x00, 0x00, 0x00, 0x00, 0x00, 0x00, 0x00, 0x00, 0x00, 0x00, 0x00, 0x00,
    0x00, 0x00, 0x00, 0x00, 0x00, 0x00, 0x00, 0x00, 0x00, 0x00, 0x00, 0x00, 0x00, 0x00, 0x00, 0x00,
    0x00, 0x00, 0x00, 0x00, 0x00, 0x00, 0x00, 0x00, 0x00, 0x00, 0x00, 0x00, 0x00, 0x00, 0x00, 0x00,
    0x00, 0x00, 0x00, 0x00, 0x00, 0x00, 0x00, 0x00, 0x00, 0x00, 0x00, 0x00, 0x00, 0x00, 0x00, 0x00,
    0x00, 0x00, 0x00, 0x00, 0x00, 0x00, 0x00, 0x00, 0x00, 0x00, 0x00, 0x00, 0x00, 0x00, 0x00, 0x00,
    0x00, 0x00, 0x00, 0x00, 0x00, 0x00, 0x00, 0x00, 0x00, 0x00, 0x00, 0x00, 0x00, 0x00, 0x00, 0x00,
    0x00, 0x00, 0x00, 0x00, 0x00, 0x00, 0x00, 0x00, 0x00, 0x00, 0x00, 0x00, 0x00, 0x00, 0x00, 0x00,
    0x00, 0x00, 0x00, 0x00, 0x00, 0x00, 0x00, 0x00, 0x00, 0x00, 0x00, 0x00, 0x00, 0x00, 0x00, 0x00,
    0x00, 0x00, 0x00, 0x00, 0x00, 0x00, 0x00, 0x00, 0x00, 0x00, 0x00, 0x00, 0x00, 0x00, 0x00, 0x00,
    0x00, 0x00, 0x00, 0x00, 0x00, 0x00, 0x00, 0x00, 0x00, 0x00, 0x00, 0x00, 0x00, 0x00, 0x00, 0x00,
    0x00, 0x00, 0x00, 0x00, 0x00, 0x00, 0x00, 0x00, 0x00, 0x00, 0x00, 0x00, 0x00, 0x00, 0x00, 0x00,
    0x00, 0x00, 0x00, 0x00, 0x00, 0x00, 0x00, 0x00, 0x00, 0x00, 0x00, 0x00, 0x00, 0x00, 0x00, 0x00,
    0x00, 0x00, 0x00, 0x00, 0x00, 0x00, 0x00, 0x00, 0x00, 0x00, 0x00, 0x00, 0x00, 0x00, 0x00, 0x00,
    0x00, 0x00, 0x00, 0x00, 0x00, 0x00, 0x00, 0x00, 0x00, 0x00, 0x00, 0x00, 0x00, 0x00, 0x00, 0x00,
    0x00, 0x00, 0x00, 0x00, 0x00, 0x00, 0x00, 0x00, 0x00, 0x00, 0x00, 0x00, 0x00, 0x00, 0x00, 0x00,
    0x00, 0x00, 0x00, 0x00, 0x00, 0x00, 0x00, 0x00, 0x00, 0x00, 0x00, 0x00, 0x00, 0x00, 0x00, 0x00,
    0x00, 0x00, 0x00, 0x00, 0x00, 0x00, 0x00, 0x00, 0x00, 0x00, 0x00, 0x00, 0x00, 0x00, 0x00, 0x00,
    0x00, 0x00, 0x00, 0x00, 0x00, 0x00, 0x00, 0x00, 0x00, 0x00, 0x00, 0x00, 0x00, 0x00, 0x00, 0x00,
    0x00, 0x00, 0x00, 0x00, 0x00, 0x00, 0x00, 0x00, 0x00, 0x00, 0x00, 0x00, 0x00, 0x00, 0x00, 0x00,
    0x00, 0x00, 0x00, 0x00, 0x00, 0x00, 0x00, 0x00, 0x00, 0x00, 0x00, 0x00, 0x00, 0x00, 0x00, 0x00,
    0x00, 0x00, 0x00, 0x00, 0x00, 0x00, 0x00, 0x00, 0x00, 0x00, 0x00, 0x00, 0x00, 0x00, 0x00, 0x00,
    0x00, 0x00, 0x00, 0x00, 0x00, 0x00, 0x00, 0x00, 0x00, 0x00, 0x00, 0x00, 0x00, 0x00, 0x00, 0x00,
    0x00, 0x00, 0x00, 0x00, 0x00, 0x00, 0x00, 0x00, 0x00, 0x00, 0x00, 0x00, 0x00, 0x00, 0x00, 0x00,
    0x00, 0x00, 0x00, 0x00, 0x00, 0x00, 0x00, 0x00, 0x00, 0x00, 0x00, 0x00, 0x00, 0x00, 0x00, 0x00,
    0x00, 0x00, 0x00, 0x00, 0x00, 0x00, 0x00, 0x00, 0x00, 0x00, 0x00, 0x00, 0x00, 0x00, 0x00, 0x00,
    0x00, 0x00, 0x00, 0x00, 0x00, 0x00, 0x00, 0x00, 0x00, 0x00, 0x00, 0x00, 0x00, 0x00, 0x00, 0x00,
    0x00, 0x00, 0x00, 0x00, 0x00, 0x00, 0x00, 0x00, 0x00, 0x00, 0x00, 0x00, 0x00, 0x00, 0x00, 0x00,
    0x00, 0x00, 0x00, 0x00, 0x00, 0x00, 0x00, 0x00, 0x00, 0x00, 0x00, 0x00, 0x00, 0x00, 0x00, 0x00,
    0x00, 0x00, 0x00, 0x00, 0x00, 0x00, 0x00, 0x00, 0x00, 0x00, 0x00, 0x00, 0x00, 0x00, 0x00, 0x00,
    0x00, 0x00, 0x00, 0x00, 0x00, 0x00, 0x00, 0x00, 0x00, 0x00, 0x00, 0x00, 0x00, 0x00, 0x00, 0x00,
    0x00, 0x00, 0x00, 0x00, 0x00, 0x00, 0x00, 0x00, 0x00, 0x00, 0x00, 0x00, 0x00, 0x00, 0x00, 0x00,
    0x00, 0x00, 0x00, 0x00, 0x00, 0x00, 0x00, 0x00, 0x00, 0x00, 0x00, 0x00, 0x00, 0x00, 0x00, 0x00,
    0x00, 0x00, 0x00, 0x00, 0x00, 0x00, 0x00, 0x00, 0x00, 0x00, 0x00, 0x00, 0x00, 0x00, 0x00, 0x00,
    0x00, 0x00, 0x00, 0x00, 0x00, 0x00, 0x00, 0x00, 0x00, 0x00, 0x00, 0x00, 0x00, 0x00, 0x00, 0x00,
    0x00, 0x00, 0x00, 0x00, 0x00, 0x00, 0x00, 0x00, 0x00, 0x00, 0x00, 0x00, 0x00, 0x00, 0x00, 0x00,
    0x00, 0x00, 0x00, 0x00, 0x00, 0x00, 0x00, 0x00, 0x00, 0x00, 0x00, 0x00, 0x00, 0x00, 0x00, 0x00,
    0x00, 0x00, 0x00, 0x00, 0x00, 0x00, 0x00, 0x00, 0x00, 0x00, 0x00, 0x00, 0x00, 0x00, 0x00, 0x00,
    0x00, 0x00, 0x00, 0x00, 0x00, 0x00, 0x00, 0x00, 0x00, 0x00, 0x00, 0x00, 0x00, 0x00, 0x00, 0x00,
    0x00, 0x00, 0x00, 0x00, 0x00, 0x00, 0x00, 0x00, 0x00, 0x00, 0x00, 0x00, 0x00, 0x00, 0x00, 0x00,
    0x00, 0x00, 0x00, 0x00, 0x00, 0x00, 0x00, 0x00, 0x00, 0x00, 0x00, 0x00, 0x00, 0x00, 0x00, 0x00,
    0x00, 0x00, 0x00, 0x00, 0x00, 0x00, 0x00, 0x00, 0x00, 0x00, 0x00, 0x00, 0x00, 0x00, 0x00, 0x00,
    0x00, 0x00, 0x00, 0x00, 0x00, 0x00, 0x00, 0x00, 0x00, 0x00, 0x00, 0x00, 0x00, 0x00, 0x00, 0x00,
    0x00, 0x00, 0x00, 0x00, 0x00, 0x00, 0x00, 0x00, 0x00, 0x00, 0x00, 0x00, 0x00, 0x00, 0x00, 0x00,
    0x00, 0x00, 0x00, 0x00, 0x00, 0x00, 0x00, 0x00, 0x00, 0x00, 0x00, 0x00, 0x00, 0x00, 0x00, 0x00,
};
static const uint8_t s_icon56_rain_p[] = {
    0x00, 0x00, 0x00, 0x00, 0x00, 0x00, 0x00, 0x00, 0x00, 0x00, 0x00, 0x00, 0x00, 0x00, 0x00, 0x00,
    0x00, 0x00, 0x00, 0x00, 0x00, 0x00, 0x00, 0x00, 0x00, 0x00, 0x00, 0x00, 0x00, 0x00, 0x00, 0x00,
    0x00, 0x00, 0x00, 0x00, 0x00, 0x00, 0x00, 0x00, 0x00, 0x00, 0x00, 0x00, 0x00, 0x00, 0x00, 0x00,
    0x00, 0x00, 0x00, 0x00, 0x00, 0x00, 0x00, 0x00, 0x00, 0x00, 0x00, 0x00, 0x00, 0x00, 0x00, 0x00,
    0x00, 0x00, 0x00, 0x00, 0x00, 0x00, 0x00, 0x00, 0x00, 0x00, 0x00, 0x00, 0x00, 0x00, 0x00, 0x00,
    0x00, 0x00, 0x00, 0x00, 0x00, 0x00, 0x00, 0x00, 0x00, 0x00, 0x00, 0x00, 0x00, 0x00, 0x00, 0x00,
    0x00, 0x00, 0x00, 0x00, 0x00, 0x00, 0x00, 0x00, 0x00, 0x00, 0x00, 0x00, 0x00, 0x00, 0x00, 0x00,
    0x00, 0x00, 0x00, 0x00, 0x00, 0x00, 0x00, 0x00, 0x00, 0x00, 0x00, 0x00, 0x00, 0x00, 0x00, 0x00,
    0x00, 0x00, 0x00, 0x00, 0x00, 0x00, 0x00, 0x00, 0x00, 0x00, 0x00, 0x00, 0x00, 0x00, 0x00, 0x00,
    0x00, 0x00, 0x00, 0x00, 0x00, 0x00, 0x00, 0x00, 0x00, 0x00, 0x02, 0x69, 0xbb, 0xb9, 0x73, 0x00,
    0x00, 0x00, 0x00, 0x00, 0x00, 0x00, 0x00, 0x00, 0x00, 0x00, 0x00, 0x00, 0x00, 0x00, 0x00, 0x00,
    0x00, 0x00, 0x00, 0x00, 0x00, 0x06, 0xcf, 0xff, 0xff, 0xff, 0xff, 0xd7, 0x10, 0x00, 0x00, 0x00,
    0x00, 0x00, 0x00, 0x00, 0x00, 0x00, 0x00, 0x00, 0x00, 0x00, 0x00, 0x00, 0x00, 0x00, 0x00, 0x00,
    0x03, 0xdf, 0xff, 0xff, 0xff, 0xff, 0xff, 0xff, 0xe6, 0x00, 0x00, 0x00, 0x00, 0x00, 0x00, 0x00,
    0x00, 0x00, 0x00, 0x00, 0x00, 0x00, 0x00, 0x00, 0x00, 0x00, 0x00, 0x00, 0x7f, 0xff, 0xff, 0xff,
    0xff, 0xff, 0xff, 0xff, 0xff, 0xa1, 0x00, 0x00, 0x00, 0x00, 0x00, 0x00, 0x00, 0x00, 0x00, 0x00,
    0x00, 0x00, 0x00, 0x00, 0x00, 0x00, 0x00, 0x08, 0xff, 0xff, 0xff, 0xff, 0xff, 0xff, 0xff, 0xff,
    0xff, 0xfb, 0x10, 0x00, 0x00, 0x00, 0x00, 0x00, 0x00, 0x00, 0x00, 0x00, 0x00, 0x00, 0x00, 0x00,
    0x00, 0x00, 0x00, 0x7f, 0xff, 0xff, 0xff, 0xff, 0xff, 0xff, 0xff, 0xff, 0xff, 0xff, 0xb0, 0x00,
    0x00, 0x00, 0x00, 0x00, 0x00, 0x00, 0x00, 0x00, 0x00, 0x00, 0x00, 0x00, 0x00, 0x00, 0x03, 0xff,
    0xff, 0xff, 0xff, 0xff, 0xff, 0xff, 0xff, 0xff, 0xff, 0xff, 0xf7, 0x00, 0x00, 0x00, 0x00, 0x00,
    0x00, 0x00, 0x00, 0x00, 0x00, 0x00, 0x00, 0x00, 0x00, 0x00, 0x0d, 0xff, 0xff, 0xff, 0xff, 0xff,
    0xff, 0xff, 0xff, 0xff, 0xff, 0xff, 0xff, 0x20, 0x00, 0x00, 0x00, 0x00, 0x00, 0x00, 0x00, 0x00,
    0x00, 0x00, 0x00, 0x00, 0x00, 0x00, 0x6f, 0xff, 0xff, 0xff, 0xff, 0xff, 0xff, 0xff, 0xff, 0xff,
    0xff, 0xff, 0xff, 0x90, 0x00, 0x00, 0x00, 0x00, 0x00, 0x00, 0x00, 0x00, 0x00, 0x00, 0x00, 0x00,
    0x00, 0x00, 0xcf, 0xff, 0xff, 0xff, 0xff, 0xff, 0xff, 0xff, 0xff, 0xff, 0xff, 0xff, 0xff, 0xf1,
    0x00, 0x00, 0x00, 0x00, 0x00, 0x00, 0x00, 0x00, 0x00, 0x00, 0x00, 0x00, 0x00, 0x02, 0xff, 0xff,
    0xff, 0xff, 0xff, 0xff, 0xff, 0xff, 0xff, 0xff, 0xff, 0xff, 0xff, 0xf6, 0x00, 0x00, 0x00, 0x00,
    0x00, 0x00, 0x00, 0x00, 0x00, 0x00, 0x00, 0x5a, 0xdf, 0xfe, 0xff, 0xff, 0xff, 0xff, 0xff, 0xff,
    0xff, 0xff, 0xff, 0xff, 0xff, 0xff, 0xff, 0xfa, 0x00, 0x00, 0x00, 0x00, 0x00, 0x00, 0x00, 0x00,
    0x00, 0x00, 0x5d, 0xff, 0xff, 0xff, 0xff, 0xff, 0xff, 0xff, 0xff, 0xff, 0xff, 0xff, 0xff, 0xff,
    0xff, 0xff, 0xff, 0xfc, 0x00, 0x00, 0x00, 0x00, 0x00, 0x00, 0x00, 0x00, 0x00, 0x09, 0xff, 0xff,
    0xff, 0xff, 0xff, 0xff, 0xff, 0xff, 0xff, 0xff, 0xff, 0xff, 0xff, 0xff, 0xff, 0xff, 0xff, 0xff,
    0x00, 0x00, 0x00, 0x00, 0x00, 0x00, 0x00, 0x00, 0x00, 0xaf, 0xff, 0xff, 0xff, 0xff, 0xff, 0xff,
    0xff, 0xff, 0xff, 0xff, 0xff, 0xff, 0xff, 0xff, 0xff, 0xff, 0xff, 0xff, 0x81, 0x00, 0x00, 0x00,
    0x00, 0x00, 0x00, 0x00, 0x07, 0xff, 0xff, 0xff, 0xff, 0xff, 0xff, 0xff, 0xff, 0xff, 0xff, 0xff,
    0xff, 0xff, 0xff, 0xff, 0xff, 0xff, 0xff, 0xff, 0xfe, 0x60, 0x00, 0x00, 0x00, 0x00, 0x00, 0x00,
    0x1f, 0xff, 0xff, 0xff, 0xff, 0xff, 0xff, 0xff, 0xff, 0xff, 0xff, 0xff, 0xff, 0xff, 0xff, 0xff,
    0xff, 0xff, 0xff, 0xff, 0xff, 0xf8, 0x00, 0x00, 0x00, 0x00, 0x00, 0x00, 0x8f, 0xff, 0xff, 0xff,
    0xff, 0xff, 0xff, 0xff, 0xff, 0xff, 0xff, 0xff, 0xff, 0xff, 0xff, 0xff, 0xff, 0xff, 0xff, 0xff,
    0xff, 0xff, 0x80, 0x00, 0x00, 0x00, 0x00, 0x00, 0xef, 0xff, 0xff, 0xff, 0xff, 0xff, 0xff, 0xff,
    0xff, 0xff, 0xff, 0xff, 0xff, 0xff, 0xff, 0xff, 0xff, 0xff, 0xff, 0xff, 0xff, 0xff, 0xf3, 0x00,
    0x00, 0x00, 0x00, 0x03, 0xff, 0xff, 0xff, 0xff, 0xff, 0xff, 0xff, 0xff, 0xff, 0xff, 0xff, 0xff,
    0xff, 0xff, 0xff, 0xff, 0xff, 0xff, 0xff, 0xff, 0xff, 0xff, 0xfa, 0x00, 0x00, 0x00, 0x00, 0x05,
    0xff, 0xff, 0xff, 0xff, 0xff, 0xff, 0xff, 0xff, 0xff, 0xff, 0xff, 0xff, 0xff, 0xff, 0xff, 0xff,
    0xff, 0xff, 0xff, 0xff, 0xff, 0xff, 0xff, 0x10, 0x00, 0x00, 0x00, 0x06, 0xff, 0xff, 0xff, 0xff,
    0xff, 0xff, 0xff, 0xff, 0xff, 0xff, 0xff, 0xff, 0xff, 0xff, 0xff, 0xff, 0xff, 0xff, 0xff, 0xff,
    0xff, 0xff, 0xff, 0x40, 0x00, 0x00, 0x00, 0x05, 0xff, 0xff, 0xff, 0xff, 0xff, 0xff, 0xff, 0xff,
    0xff, 0xff, 0xff, 0xff, 0xff, 0xff, 0xff, 0xff, 0xff, 0xff, 0xff, 0xff, 0xff, 0xff, 0xff, 0x60,
    0x00, 0x00, 0x00, 0x03, 0xff, 0xff, 0xff, 0xff, 0xff, 0xff, 0xff, 0xff, 0xff, 0xff, 0xff, 0xff,
    0xff, 0xff, 0xff, 0xff, 0xff, 0xff, 0xff, 0xff, 0xff, 0xff, 0xff, 0x60, 0x00, 0x00, 0x00, 0x00,
    0xef, 0xff, 0xff, 0xff, 0xff, 0xff, 0xff, 0xff, 0xff, 0xff, 0xff, 0xff, 0xff, 0xff, 0xff, 0xff,
    0xff, 0xff, 0xff, 0xff, 0xff, 0xff, 0xff, 0x40, 0x00, 0x00, 0x00, 0x01, 0xff, 0xff, 0xff, 0xff,
    0xff, 0xff, 0xff, 0xff, 0xff, 0xff, 0xff, 0xff, 0xff, 0xff, 0xff, 0xff, 0xff, 0xff, 0xff, 0xff,
    0xff, 0xff, 0xff, 0x30, 0x00, 0x00, 0x00, 0x04, 0xff, 0xff, 0xff, 0xff, 0xff, 0xff, 0xff, 0xff,
    0xff, 0xff, 0xff, 0xff, 0xff, 0xff, 0xff, 0xff, 0xff, 0xff, 0xff, 0xff, 0xff, 0xff, 0xff, 0x50,
    0x00, 0x00, 0x00, 0x03, 0xff, 0xff, 0xff, 0xff, 0xff, 0xff, 0xff, 0xff, 0xff, 0xff, 0xff, 0xff,
    0xff, 0xff, 0xff, 0xff, 0xff, 0xff, 0xff, 0xff, 0xff, 0xff, 0xff, 0x50, 0x00, 0x00, 0x00, 0x01,
    0xff, 0xff, 0xff, 0xff, 0xff, 0xff, 0xff, 0xff, 0xff, 0xff, 0xff, 0xff, 0xff, 0xff, 0xff, 0xff,
    0xff, 0xff, 0xff, 0xff, 0xff, 0xff, 0xff, 0x20, 0x00, 0x00, 0x00, 0x00, 0x8f, 0xff, 0xff, 0xff,
    0xff, 0xff, 0xff, 0xff, 0xff, 0xff, 0xff, 0xff, 0xff, 0xff, 0xff, 0xff, 0xff, 0xff, 0xff, 0xff,
    0xff, 0xff, 0xfa, 0x00, 0x00, 0x00, 0x00, 0x00, 0x1b, 0xff, 0xff, 0xff, 0xff, 0xff, 0xff, 0xff,
    0xff, 0xff, 0xff, 0xff, 0xff, 0xff, 0xff, 0xff, 0xff, 0xff, 0xff, 0xff, 0xff, 0xff, 0xd1, 0x00,
    0x00, 0x00, 0x00, 0x00, 0x01, 0x8f, 0xff, 0xff, 0xff, 0xff, 0xff, 0xff, 0xff, 0xff, 0xff, 0xff,
    0xff, 0xff, 0xff, 0xff, 0xff, 0xff, 0xff, 0xff, 0xff, 0xf9, 0x10, 0x00, 0x00, 0x00, 0x00, 0x00,
    0x00, 0x01, 0x34, 0x44, 0x44, 0x44, 0x44, 0x44, 0x44, 0x44, 0x44, 0x44, 0x44, 0x44, 0x44, 0x44,
    0x44, 0x44, 0x44, 0x44, 0x44, 0x10, 0x00, 0x00, 0x00, 0x00, 0x00, 0x00, 0x00, 0x00, 0x00, 0x00,
    0x00, 0x00, 0x00, 0x00, 0x00, 0x00, 0x00, 0x00, 0x00, 0x00, 0x00, 0x00, 0x00, 0x00, 0x00, 0x00,
    0x00, 0x00, 0x00, 0x00, 0x00, 0x00, 0x00, 0x00, 0x00, 0x00, 0x00, 0x00, 0x00, 0x00, 0x00, 0x00,
    0x00, 0x00, 0x00, 0x00, 0x00, 0x00, 0x00, 0x00, 0x00, 0x00, 0x00, 0x00, 0x00, 0x00, 0x00, 0x00,
    0x00, 0x00, 0x00, 0x00, 0x00, 0x00, 0x00, 0x00, 0x00, 0x00, 0x00, 0x00, 0x00, 0x00, 0x00, 0x00,
    0x00, 0x00, 0x00, 0x00, 0x00, 0x00, 0x00, 0x00, 0x00, 0x00, 0x00, 0x00, 0x00, 0x00, 0x00, 0x00,
    0x00, 0x00, 0x00, 0x00, 0x00, 0x00, 0x00, 0x00, 0x00, 0x00, 0x00, 0x00, 0x00, 0x00, 0x00, 0x00,
    0x00, 0x00, 0x00, 0x00, 0x00, 0x00, 0x00, 0x00, 0x00, 0x00, 0x00, 0x00, 0x00, 0x00, 0x00, 0x00,
    0x00, 0x00, 0x00, 0x00, 0x00, 0x00, 0x00, 0x00, 0x00, 0x00, 0x00, 0x00, 0x00, 0x00, 0x00, 0x00,
    0x00, 0x00, 0x00, 0x00, 0x00, 0x00, 0x00, 0x00, 0x00, 0x00, 0x00, 0x00, 0x00, 0x00, 0x00, 0x00,
    0x00, 0x00, 0x00, 0x00, 0x00, 0x00, 0x00, 0x00, 0x00, 0x00, 0x00, 0x00, 0x00, 0x00, 0x00, 0x00,
    0x00, 0x00, 0x00, 0x00, 0x00, 0x00, 0x00, 0x00, 0x00, 0x00, 0x00, 0x00, 0x00, 0x00, 0x00, 0x00,
    0x00, 0x00, 0x00, 0x00, 0x00, 0x00, 0x00, 0x00, 0x00, 0x00, 0x00, 0x00, 0x00, 0x00, 0x00, 0x00,
    0x00, 0x00, 0x00, 0x00, 0x00, 0x00, 0x00, 0x00, 0x00, 0x00, 0x00, 0x00, 0x00, 0x00, 0x00, 0x00,
    0x00, 0x00, 0x00, 0x00, 0x00, 0x00, 0x00, 0x00, 0x00, 0x00, 0x00, 0x00, 0x00, 0x00, 0x00, 0x00,
    0x00, 0x00, 0x00, 0x00, 0x00, 0x00, 0x00, 0x00, 0x00, 0x00, 0x00, 0x00, 0x00, 0x00, 0x00, 0x00,
    0x00, 0x00, 0x00, 0x00, 0x00, 0x00, 0x00, 0x00, 0x00, 0x00, 0x00, 0x00, 0x00, 0x00, 0x00, 0x00,
    0x00, 0x00, 0x00, 0x00, 0x00, 0x00, 0x00, 0x00, 0x00, 0x00, 0x00, 0x00, 0x00, 0x00, 0x00, 0x00,
    0x00, 0x00, 0x00, 0x00, 0x00, 0x00, 0x00, 0x00, 0x00, 0x00, 0x00, 0x00, 0x00, 0x00, 0x00, 0x00,
    0x00, 0x00, 0x00, 0x00, 0x00, 0x00, 0x00, 0x00, 0x00, 0x00, 0x00, 0x00, 0x00, 0x00, 0x00, 0x00,
    0x00, 0x00, 0x00, 0x00, 0x00, 0x00, 0x00, 0x00, 0x00, 0x00, 0x00, 0x00, 0x00, 0x00, 0x00, 0x00,
    0x00, 0x00, 0x00, 0x00, 0x00, 0x00, 0x00, 0x00, 0x00, 0x00, 0x00, 0x00, 0x00, 0x00, 0x00, 0x00,
    0x00, 0x00, 0x00, 0x00, 0x00, 0x00, 0x00, 0x00, 0x00, 0x00, 0x00, 0x00, 0x00, 0x00, 0x00, 0x00,
    0x00, 0x00, 0x00, 0x00, 0x00, 0x00, 0x00, 0x00, 0x00, 0x00, 0x00, 0x00, 0x00, 0x00, 0x00, 0x00,
    0x00, 0x00, 0x00, 0x00, 0x00, 0x00, 0x00, 0x00, 0x00, 0x00, 0x00, 0x00, 0x00, 0x00, 0x00, 0x00,
    0x00, 0x00, 0x00, 0x00, 0x00, 0x00, 0x00, 0x00, 0x00, 0x00, 0x00, 0x00, 0x00, 0x00, 0x00, 0x00,
    0x00, 0x00, 0x00, 0x00, 0x00, 0x00, 0x00, 0x00, 0x00, 0x00, 0x00, 0x00, 0x00, 0x00, 0x00, 0x00,
    0x00, 0x00, 0x00, 0x00, 0x00, 0x00, 0x00, 0x00, 0x00, 0x00, 0x00, 0x00, 0x00, 0x00, 0x00, 0x00,
    0x00, 0x00, 0x00, 0x00, 0x00, 0x00, 0x00, 0x00, 0x00, 0x00, 0x00, 0x00, 0x00, 0x00, 0x00, 0x00,
    0x00, 0x00, 0x00, 0x00, 0x00, 0x00, 0x00, 0x00, 0x00, 0x00, 0x00, 0x00, 0x00, 0x00, 0x00, 0x00,
    0x00, 0x00, 0x00, 0x00, 0x00, 0x00, 0x00, 0x00, 0x00, 0x00, 0x00, 0x00, 0x00, 0x00, 0x00, 0x00,
    0x00, 0x00, 0x00, 0x00, 0x00, 0x00, 0x00, 0x00, 0x00, 0x00, 0x00, 0x00, 0x00, 0x00, 0x00, 0x00,
};
static const uint8_t s_icon56_rain_q[] = {
    0x00, 0x00, 0x00, 0x00, 0x00, 0x00, 0x00, 0x00, 0x00, 0x00, 0x00, 0x00, 0x00, 0x00, 0x00, 0x00,
    0x00, 0x00, 0x00, 0x00, 0x00, 0x00, 0x00, 0x00, 0x00, 0x00, 0x00, 0x00, 0x00, 0x00, 0x00, 0x00,
    0x00, 0x00, 0x00, 0x00, 0x00, 0x00, 0x00, 0x00, 0x00, 0x00, 0x00, 0x00, 0x00, 0x00, 0x00, 0x00,
    0x00, 0x00, 0x00, 0x00, 0x00, 0x00, 0x00, 0x00, 0x00, 0x00, 0x00, 0x00, 0x00, 0x00, 0x00, 0x00,
    0x00, 0x00, 0x00, 0x00, 0x00, 0x00, 0x00, 0x00, 0x00, 0x00, 0x00, 0x00, 0x00, 0x00, 0x00, 0x00,
    0x00, 0x00, 0x00, 0x00, 0x00, 0x00, 0x00, 0x00, 0x00, 0x00, 0x00, 0x00, 0x00, 0x00, 0x00, 0x00,
    0x00, 0x00, 0x00, 0x00, 0x00, 0x00, 0x00, 0x00, 0x00, 0x00, 0x00, 0x00, 0x00, 0x00, 0x00, 0x00,
    0x00, 0x00, 0x00, 0x00, 0x00, 0x00, 0x00, 0x00, 0x00, 0x00, 0x00, 0x00, 0x00, 0x00, 0x00, 0x00,
    0x00, 0x00, 0x00, 0x00, 0x00, 0x00, 0x00, 0x00, 0x00, 0x00, 0x00, 0x00, 0x00, 0x00, 0x00, 0x00,
    0x00, 0x00, 0x00, 0x00, 0x00, 0x00, 0x00, 0x00, 0x00, 0x00, 0x00, 0x00, 0x00, 0x00, 0x00, 0x00,
    0x00, 0x00, 0x00, 0x00, 0x00, 0x00, 0x00, 0x00, 0x00, 0x00, 0x00, 0x00, 0x00, 0x00, 0x00, 0x00,
    0x00, 0x00, 0x00, 0x00, 0x00, 0x00, 0x00, 0x00, 0x00, 0x00, 0x00, 0x00, 0x00, 0x00, 0x00, 0x00,
    0x00, 0x00, 0x00, 0x00, 0x00, 0x00, 0x00, 0x00, 0x00, 0x00, 0x00, 0x00, 0x00, 0x00, 0x00, 0x00,
    0x00, 0x00, 0x00, 0x00, 0x00, 0x00, 0x00, 0x00, 0x00, 0x00, 0x00, 0x00, 0x00, 0x00, 0x00, 0x00,
    0x00, 0x00, 0x00, 0x00, 0x00, 0x00, 0x00, 0x00, 0x00, 0x00, 0x00, 0x00, 0x00, 0x00, 0x00, 0x00,
    0x00, 0x00, 0x00, 0x00, 0x00, 0x00, 0x00, 0x00, 0x00, 0x00, 0x00, 0x00, 0x00, 0x00, 0x00, 0x00,
    0x00, 0x00, 0x00, 0x00, 0x00, 0x00, 0x00, 0x00, 0x00, 0x00, 0x00, 0x00, 0x00, 0x00, 0x00, 0x00,
    0x00, 0x00, 0x00, 0x00, 0x00, 0x00, 0x00, 0x00, 0x00, 0x00, 0x00, 0x00, 0x00, 0x00, 0x00, 0x00,
    0x00, 0x00, 0x00, 0x00, 0x00, 0x00, 0x00, 0x00, 0x00, 0x00, 0x00, 0x00, 0x00, 0x00, 0x00, 0x00,
    0x00, 0x00, 0x00, 0x00, 0x00, 0x00, 0x00, 0x00, 0x00, 0x00, 0x00, 0x00, 0x00, 0x00, 0x00, 0x00,
    0x00, 0x00, 0x00, 0x00, 0x00, 0x00, 0x00, 0x00, 0x00, 0x00, 0x00, 0x00, 0x00, 0x00, 0x00, 0x00,
    0x00, 0x00, 0x00, 0x00, 0x00, 0x00, 0x00, 0x00, 0x00, 0x00, 0x00, 0x00, 0x00, 0x00, 0x00, 0x00,
    0x00, 0x00, 0x00, 0x00, 0x00, 0x00, 0x00, 0x00, 0x00, 0x00, 0x00, 0x00, 0x00, 0x00, 0x00, 0x00,
    0x00, 0x00, 0x00, 0x00, 0x00, 0x00, 0x00, 0x00, 0x00, 0x00, 0x00, 0x00, 0x00, 0x00, 0x00, 0x00,
    0x00, 0x00, 0x00, 0x00, 0x00, 0x00, 0x00, 0x00, 0x00, 0x00, 0x00, 0x00, 0x00, 0x00, 0x00, 0x00,
    0x00, 0x00, 0x00, 0x00, 0x00, 0x00, 0x00, 0x00, 0x00, 0x00, 0x00, 0x00, 0x00, 0x00, 0x00, 0x00,
    0x00, 0x00, 0x00, 0x00, 0x00, 0x00, 0x00, 0x00, 0x00, 0x00, 0x00, 0x00, 0x00, 0x00, 0x00, 0x00,
    0x00, 0x00, 0x00, 0x00, 0x00, 0x00, 0x00, 0x00, 0x00, 0x00, 0x00, 0x00, 0x00, 0x00, 0x00, 0x00,
    0x00, 0x00, 0x00, 0x00, 0x00, 0x00, 0x00, 0x00, 0x00, 0x00, 0x00, 0x00, 0x00, 0x00, 0x00, 0x00,
    0x00, 0x00, 0x00, 0x00, 0x00, 0x00, 0x00, 0x00, 0x00, 0x00, 0x00, 0x00, 0x00, 0x00, 0x00, 0x00,
    0x00, 0x00, 0x00, 0x00, 0x00, 0x00, 0x00, 0x00, 0x00, 0x00, 0x00, 0x00, 0x00, 0x00, 0x00, 0x00,
    0x00, 0x00, 0x00, 0x00, 0x00, 0x00, 0x00, 0x00, 0x00, 0x00, 0x00, 0x00, 0x00, 0x00, 0x00, 0x00,
    0x00, 0x00, 0x00, 0x00, 0x00, 0x00, 0x00, 0x00, 0x00, 0x00, 0x00, 0x00, 0x00, 0x00, 0x00, 0x00,
    0x00, 0x00, 0x00, 0x00, 0x00, 0x00, 0x00, 0x00, 0x00, 0x00, 0x00, 0x00, 0x00, 0x00, 0x00, 0x00,
    0x00, 0x00, 0x00, 0x00, 0x00, 0x00, 0x00, 0x00, 0x00, 0x00, 0x00, 0x00, 0x00, 0x00, 0x00, 0x00,
    0x00, 0x00, 0x00, 0x00, 0x00, 0x00, 0x00, 0x00, 0x00, 0x00, 0x00, 0x00, 0x00, 0x00, 0x00, 0x00,
    0x00, 0x00, 0x00, 0x00, 0x00, 0x00, 0x00, 0x00, 0x00, 0x00, 0x00, 0x00, 0x00, 0x00, 0x00, 0x00,
    0x00, 0x00, 0x00, 0x00, 0x00, 0x00, 0x00, 0x00, 0x00, 0x00, 0x00, 0x00, 0x00, 0x00, 0x00, 0x00,
    0x00, 0x00, 0x00, 0x00, 0x00, 0x00, 0x00, 0x00, 0x00, 0x00, 0x00, 0x00, 0x00, 0x00, 0x00, 0x00,
    0x00, 0x00, 0x00, 0x00, 0x00, 0x00, 0x00, 0x00, 0x00, 0x00, 0x00, 0x00, 0x00, 0x00, 0x00, 0x00,
    0x00, 0x00, 0x00, 0x00, 0x00, 0x00, 0x00, 0x00, 0x00, 0x00, 0x00, 0x00, 0x00, 0x00, 0x00, 0x00,
    0x00, 0x00, 0x00, 0x00, 0x00, 0x00, 0x00, 0x00, 0x00, 0x00, 0x00, 0x00, 0x00, 0x00, 0x00, 0x00,
    0x00, 0x00, 0x00, 0x00, 0x00, 0x00, 0x00, 0x00, 0x00, 0x00, 0x00, 0x00, 0x00, 0x00, 0x00, 0x00,
    0x00, 0x00, 0x00, 0x00, 0x00, 0x00, 0x00, 0x00, 0x00, 0x00, 0x00, 0x00, 0x00, 0x00, 0x00, 0x00,
    0x00, 0x00, 0x00, 0x00, 0x00, 0x00, 0x00, 0x00, 0x00, 0x00, 0x00, 0x00, 0x00, 0x00, 0x00, 0x00,
    0x00, 0x00, 0x00, 0x00, 0x00, 0x00, 0x00, 0x00, 0x00, 0x00, 0x00, 0x00, 0x00, 0x00, 0x00, 0x00,
    0x00, 0x00, 0x00, 0x00, 0x00, 0x00, 0x00, 0x00, 0x00, 0x00, 0x00, 0x00, 0x00, 0x00, 0x00, 0x00,
    0x00, 0x00, 0x00, 0x00, 0x00, 0x00, 0x00, 0x00, 0x00, 0x00, 0x00, 0x00, 0x00, 0x00, 0x00, 0x00,
    0x00, 0x00, 0x00, 0x00, 0x00, 0x00, 0x00, 0x00, 0x00, 0x00, 0x00, 0x00, 0x00, 0x00, 0x00, 0x00,
    0x00, 0x00, 0x00, 0x00, 0x00, 0x00, 0x00, 0x00, 0x00, 0x00, 0x00, 0x00, 0x00, 0x00, 0x00, 0x00,
    0x00, 0x00, 0x00, 0x00, 0x00, 0x00, 0x00, 0x00, 0x00, 0x00, 0x00, 0x00, 0x00, 0x00, 0x00, 0x00,
    0x00, 0x00, 0x00, 0x00, 0x00, 0x00, 0x00, 0x00, 0x00, 0x00, 0x00, 0x00, 0x00, 0x00, 0x00, 0x00,
    0x00, 0x00, 0x00, 0x00, 0x00, 0x00, 0x00, 0x00, 0x00, 0x00, 0x00, 0x00, 0x00, 0x00, 0x00, 0x00,
    0x00, 0x00, 0x00, 0x00, 0x00, 0x00, 0x00, 0x00, 0x00, 0x00, 0x00, 0x00, 0x00, 0x00, 0x00, 0x00,
    0x00, 0x00, 0x00, 0x00, 0x00, 0x00, 0x00, 0x00, 0x00, 0x00, 0x00, 0x00, 0x00, 0x00, 0x00, 0x00,
    0x00, 0x00, 0x00, 0x00, 0x00, 0x00, 0x00, 0x00, 0x00, 0x00, 0x00, 0x00, 0x00, 0x00, 0x00, 0x00,
    0x00, 0x00, 0x00, 0x00, 0x00, 0x00, 0x00, 0x00, 0x00, 0x00, 0x00, 0x00, 0x00, 0x00, 0x00, 0x00,
    0x00, 0x00, 0x00, 0x00, 0x00, 0x00, 0x00, 0x00, 0x00, 0x00, 0x00, 0x00, 0x00, 0x00, 0x00, 0x00,
    0x00, 0x00, 0x00, 0x00, 0x00, 0x00, 0x00, 0x00, 0x00, 0x00, 0x00, 0x00, 0x00, 0x00, 0x00, 0x00,
    0x00, 0x00, 0x00, 0x00, 0x00, 0x00, 0x00, 0x00, 0x00, 0x00, 0x00, 0x00, 0x00, 0x00, 0x00, 0x00,
    0x00, 0x00, 0x00, 0x00, 0x00, 0x00, 0x00, 0x00, 0x00, 0x00, 0x00, 0x00, 0x00, 0x00, 0x00, 0x00,
    0x00, 0x00, 0x00, 0x00, 0x00, 0x00, 0x00, 0x00, 0x00, 0x00, 0x00, 0x00, 0x00, 0x00, 0x00, 0x00,
    0x00, 0x00, 0x00, 0x00, 0x00, 0x00, 0x00, 0x00, 0x00, 0x00, 0x00, 0x00, 0x00, 0x00, 0x00, 0x00,
    0x00, 0x00, 0x00, 0x00, 0x00, 0x00, 0x00, 0x00, 0x00, 0x00, 0x00, 0x00, 0x00, 0x00, 0x00, 0x00,
    0x00, 0x00, 0x00, 0x00, 0x00, 0x00, 0x00, 0x00, 0x00, 0x00, 0x00, 0x00, 0x00, 0x00, 0x00, 0x00,
    0x00, 0x00, 0x00, 0x00, 0x00, 0x00, 0x00, 0x00, 0x00, 0x00, 0x00, 0x00, 0x00, 0x00, 0x00, 0x00,
    0x00, 0x00, 0x00, 0x00, 0x00, 0x00, 0x00, 0x00, 0x00, 0x00, 0x00, 0x00, 0x00, 0x00, 0x00, 0x00,
    0x00, 0x00, 0x00, 0x00, 0x00, 0x00, 0x00, 0x00, 0x00, 0x00, 0x00, 0x00, 0x00, 0x00, 0x00, 0x00,
    0x00, 0x00, 0x00, 0x00, 0x00, 0x00, 0x00, 0x00, 0x00, 0x00, 0x00, 0x00, 0x00, 0x00, 0x00, 0x00,
    0x00, 0x00, 0x00, 0x00, 0x00, 0x00, 0x00, 0x00, 0x00, 0x00, 0x00, 0x00, 0x00, 0x00, 0x00, 0x00,
    0x00, 0x00, 0x00, 0x00, 0x00, 0x00, 0x00, 0x00, 0x00, 0x00, 0x00, 0x00, 0x00, 0x00, 0x00, 0x00,
    0x00, 0x00, 0x00, 0x00, 0x00, 0x00, 0x00, 0x00, 0x00, 0x00, 0x00, 0x00, 0x00, 0x00, 0x00, 0x00,
    0x00, 0x00, 0x00, 0x00, 0x97, 0x00, 0x00, 0x00, 0x00, 0x00, 0x04, 0xb2, 0x00, 0x00, 0x00, 0x00,
    0x00, 0x1c, 0x40, 0x00, 0x00, 0x00, 0x00, 0x00, 0x00, 0x00, 0x00, 0x00, 0x00, 0x00, 0x00, 0x04,
    0xff, 0xd4, 0x00, 0x00, 0x00, 0x00, 0x0d, 0xff, 0x80, 0x00, 0x00, 0x00, 0x00, 0x9f, 0xfa, 0x20,
    0x00, 0x00, 0x00, 0x00, 0x00, 0x00, 0x00, 0x00, 0x00, 0x00, 0x00, 0x0c, 0xff, 0xf8, 0x00, 0x00,
    0x00, 0x00, 0x8f, 0xff, 0xd0, 0x00, 0x00, 0x00, 0x03, 0xff, 0xff, 0x30, 0x00, 0x00, 0x00, 0x00,
    0x00, 0x00, 0x00, 0x00, 0x00, 0x00, 0x00, 0x6f, 0xff, 0xd1, 0x00, 0x00, 0x00, 0x02, 0xff, 0xff,
    0x40, 0x00, 0x00, 0x00, 0x0c, 0xff, 0xf8, 0x00, 0x00, 0x00, 0x00, 0x00, 0x00, 0x00, 0x00, 0x00,
    0x00, 0x00, 0x01, 0xef, 0xff, 0x50, 0x00, 0x00, 0x00, 0x0b, 0xff, 0xfa, 0x00, 0x00, 0x00, 0x00,
    0x6f, 0xff, 0xe1, 0x00, 0x00, 0x00, 0x00, 0x00, 0x00, 0x00, 0x00, 0x00, 0x00, 0x00, 0x03, 0xdf,
    0xfb, 0x00, 0x00, 0x00, 0x00, 0x1b, 0xff, 0xe2, 0x00, 0x00, 0x00, 0x00, 0x7f, 0xff, 0x60, 0x00,
    0x00, 0x00, 0x00, 0x00, 0x00, 0x00, 0x00, 0x00, 0x00, 0x00, 0x00, 0x08, 0xe3, 0x00, 0x00, 0x00,
    0x00, 0x00, 0x5e, 0x60, 0x00, 0x00, 0x00, 0x00, 0x02, 0xbc, 0x00, 0x00, 0x00, 0x00, 0x00, 0x00,
    0x00, 0x00, 0x00, 0x00, 0x00, 0x00, 0x00, 0x00, 0x10, 0x00, 0x00, 0x00, 0x00, 0x00, 0x01, 0x00,
    0x00, 0x00, 0x00, 0x00, 0x00, 0x01, 0x00, 0x00, 0x00, 0x00, 0x00, 0x00, 0x00, 0x00, 0x00, 0x00,
    0x00, 0x00, 0x00, 0x00, 0x00, 0x00, 0x00, 0x00, 0x00, 0x00, 0x00, 0x00, 0x00, 0x00, 0x00, 0x00,
    0x00, 0x00, 0x00, 0x00, 0x00, 0x00, 0x00, 0x00, 0x00, 0x00, 0x00, 0x00, 0x00, 0x00, 0x00, 0x00,
    0x00, 0x00, 0x00, 0x1c, 0x40, 0x00, 0x00, 0x00, 0x00, 0x00, 0x97, 0x00, 0x00, 0x00, 0x00, 0x00,
    0x00, 0x00, 0x00, 0x00, 0x00, 0x00, 0x00, 0x00, 0x00, 0x00, 0x00, 0x00, 0x00, 0x00, 0x00, 0x9f,
    0xfa, 0x20, 0x00, 0x00, 0x00, 0x04, 0xff, 0xd4, 0x00, 0x00, 0x00, 0x00, 0x00, 0x00, 0x00, 0x00,
    0x00, 0x00, 0x00, 0x00, 0x00, 0x00, 0x00, 0x00, 0x00, 0x00, 0x03, 0xff, 0xff, 0x30, 0x00, 0x00,
    0x00, 0x0c, 0xff, 0xf8, 0x00, 0x00, 0x00, 0x00, 0x00, 0x00, 0x00, 0x00, 0x00, 0x00, 0x00, 0x00,
    0x00, 0x00, 0x00, 0x00, 0x00, 0x00, 0x0c, 0xff, 0xf8, 0x00, 0x00, 0x00, 0x00, 0x6f, 0xff, 0xd1,
    0x00, 0x00, 0x00, 0x00, 0x00, 0x00, 0x00, 0x00, 0x00, 0x00, 0x00, 0x00, 0x00, 0x00, 0x00, 0x00,
    0x00, 0x00, 0x6f, 0xff, 0xe1, 0x00, 0x00, 0x00, 0x01, 0xef, 0xff, 0x50, 0x00, 0x00, 0x00, 0x00,
    0x00, 0x00, 0x00, 0x00, 0x00, 0x00, 0x00, 0x00, 0x00, 0x00, 0x00, 0x00, 0x00, 0x00, 0x7f, 0xff,
    0x60, 0x00, 0x00, 0x00, 0x03, 0xdf, 0xfb, 0x00, 0x00, 0x00, 0x00, 0x00, 0x00, 0x00, 0x00, 0x00,
};
static const uint8_t s_icon56_snow_p[] = {
    0x00, 0x00, 0x00, 0x00, 0x00, 0x00, 0x00, 0x00, 0x00, 0x00, 0x00, 0x00, 0x00, 0x00, 0x00, 0x00,
    0x00, 0x00, 0x00, 0x00, 0x00, 0x00, 0x00, 0x00, 0x00, 0x00, 0x00, 0x00, 0x00, 0x00, 0x00, 0x00,
    0x00, 0x00, 0x00, 0x00, 0x00, 0x00, 0x00, 0x00, 0x00, 0x00, 0x00, 0x00, 0x00, 0x00, 0x00, 0x00,
    0x00, 0x00, 0x00, 0x00, 0x00, 0x00, 0x00, 0x00, 0x00, 0x00, 0x00, 0x00, 0x00, 0x00, 0x00, 0x00,
    0x00, 0x00, 0x00, 0x00, 0x00, 0x00, 0x00, 0x00, 0x00, 0x00, 0x00, 0x00, 0x00, 0x00, 0x00, 0x00,
    0x00, 0x00, 0x00, 0x00, 0x00, 0x00, 0x00, 0x00, 0x00, 0x00, 0x00, 0x00, 0x00, 0x00, 0x00, 0x00,
    0x00, 0x00, 0x00, 0x00, 0x00, 0x00, 0x00, 0x00, 0x00, 0x00, 0x00, 0x00, 0x00, 0x00, 0x00, 0x00,
    0x00, 0x00, 0x00, 0x00, 0x00, 0x00, 0x00, 0x00, 0x00, 0x00, 0x00, 0x00, 0x00, 0x00, 0x00, 0x00,
    0x00, 0x00, 0x00, 0x00, 0x00, 0x00, 0x00, 0x00, 0x00, 0x00, 0x00, 0x00, 0x00, 0x00, 0x00, 0x00,
    0x00, 0x00, 0x00, 0x00, 0x00, 0x00, 0x00, 0x00, 0x00, 0x00, 0x02, 0x69, 0xbb, 0xb9, 0x73, 0x00,
    0x00, 0x00, 0x00, 0x00, 0x00, 0x00, 0x00, 0x00, 0x00, 0x00, 0x00, 0x00, 0x00, 0x00, 0x00, 0x00,
    0x00, 0x00, 0x00, 0x00, 0x00, 0x06, 0xcf, 0xff, 0xff, 0xff, 0xff, 0xd7, 0x10, 0x00, 0x00, 0x00,
    0x00, 0x00, 0x00, 0x00, 0x00, 0x00, 0x00, 0x00, 0x00, 0x00, 0x00, 0x00, 0x00, 0x00, 0x00, 0x00,
    0x03, 0xdf, 0xff, 0xff, 0xff, 0xff, 0xff, 0xff, 0xe6, 0x00, 0x00, 0x00, 0x00, 0x00, 0x00, 0x00,
    0x00, 0x00, 0x00, 0x00, 0x00, 0x00, 0x00, 0x00, 0x00, 0x00, 0x00, 0x00, 0x7f, 0xff, 0xff, 0xff,
    0xff, 0xff, 0xff, 0xff, 0xff, 0xa1, 0x00, 0x00, 0x00, 0x00, 0x00, 0x00, 0x00, 0x00, 0x00, 0x00,
    0x00, 0x00, 0x00, 0x00, 0x00, 0x00, 0x00, 0x08, 0xff, 0xff, 0xff, 0xff, 0xff, 0xff, 0xff, 0xff,
    0xff, 0xfb, 0x10, 0x00, 0x00, 0x00, 0x00, 0x00, 0x00, 0x00, 0x00, 0x00, 0x00, 0x00, 0x00, 0x00,
    0x00, 0x00, 0x00, 0x7f, 0xff, 0xff, 0xff, 0xff, 0xff, 0xff, 0xff, 0xff, 0xff, 0xff, 0xb0, 0x00,
    0x00, 0x00, 0x00, 0x00, 0x00, 0x00, 0x00, 0x00, 0x00, 0x00, 0x00, 0x00, 0x00, 0x00, 0x03, 0xff,
    0xff, 0xff, 0xff, 0xff, 0xff, 0xff, 0xff, 0xff, 0xff, 0xff, 0xf7, 0x00, 0x00, 0x00, 0x00, 0x00,
    0x00, 0x00, 0x00, 0x00, 0x00, 0x00, 0x00, 0x00, 0x00, 0x00, 0x0d, 0xff, 0xff, 0xff, 0xff, 0xff,
    0xff, 0xff, 0xff, 0xff, 0xff, 0xff, 0xff, 0x20, 0x00, 0x00, 0x00, 0x00, 0x00, 0x00, 0x00, 0x00,
    0x00, 0x00, 0x00, 0x00, 0x00, 0x00, 0x6f, 0xff, 0xff, 0xff, 0xff, 0xff, 0xff, 0xff, 0xff, 0xff,
    0xff, 0xff, 0xff, 0x90, 0x00, 0x00, 0x00, 0x00, 0x00, 0x00, 0x00, 0x00, 0x00, 0x00, 0x00, 0x00,
    0x00, 0x00, 0xcf, 0xff, 0xff, 0xff, 0xff, 0xff, 0xff, 0xff, 0xff, 0xff, 0xff, 0xff, 0xff, 0xf1,
    0x00, 0x00, 0x00, 0x00, 0x00, 0x00, 0x00, 0x00, 0x00, 0x00, 0x00, 0x00, 0x00, 0x02, 0xff, 0xff,
    0xff, 0xff, 0xff, 0xff, 0xff, 0xff, 0xff, 0xff, 0xff, 0xff, 0xff, 0xf6, 0x00, 0x00, 0x00, 0x00,
    0x00, 0x00, 0x00, 0x00, 0x00, 0x00, 0x00, 0x5a, 0xdf, 0xfe, 0xff, 0xff, 0xff, 0xff, 0xff, 0xff,
    0xff, 0xff, 0xff, 0xff, 0xff, 0xff, 0xff, 0xfa, 0x00, 0x00, 0x00, 0x00, 0x00, 0x00, 0x00, 0x00,
    0x00, 0x00, 0x5d, 0xff, 0xff, 0xff, 0xff, 0xff, 0xff, 0xff, 0xff, 0xff, 0xff, 0xff, 0xff, 0xff,
    0xff, 0xff, 0xff, 0xfc, 0x00, 0x00, 0x00, 0x00, 0x00, 0x00, 0x00, 0x00, 0x00, 0x09, 0xff, 0xff,
    0xff, 0xff, 0xff, 0xff, 0xff, 0xff, 0xff, 0xff, 0xff, 0xff, 0xff, 0xff, 0xff, 0xff, 0xff, 0xff,
    0x00, 0x00, 0x00, 0x00, 0x00, 0x00, 0x00, 0x00, 0x00, 0xaf, 0xff, 0xff, 0xff, 0xff, 0xff, 0xff,
    0xff, 0xff, 0xff, 0xff, 0xff, 0xff, 0xff, 0xff, 0xff, 0xff, 0xff, 0xff, 0x81, 0x00, 0x00, 0x00,
    0x00, 0x00, 0x00, 0x00, 0x07, 0xff, 0xff, 0xff, 0xff, 0xff, 0xff, 0xff, 0xff, 0xff, 0xff, 0xff,
    0xff, 0xff, 0xff, 0xff, 0xff, 0xff, 0xff, 0xff, 0xfe, 0x60, 0x00, 0x00, 0x00, 0x00, 0x00, 0x00,
    0x1f, 0xff, 0xff, 0xff, 0xff, 0xff, 0xff, 0xff, 0xff, 0xff, 0xff, 0xff, 0xff, 0xff, 0xff, 0xff,
    0xff, 0xff, 0xff, 0xff, 0xff, 0xf8, 0x00, 0x00, 0x00, 0x00, 0x00, 0x00, 0x8f, 0xff, 0xff, 0xff,
    0xff, 0xff, 0xff, 0xff, 0xff, 0xff, 0xff, 0xff, 0xff, 0xff, 0xff, 0xff, 0xff, 0xff, 0xff, 0xff,
    0xff, 0xff, 0x80, 0x00, 0x00, 0x00, 0x00, 0x00, 0xef, 0xff, 0xff, 0xff, 0xff, 0xff, 0xff, 0xff,
    0xff, 0xff, 0xff, 0xff, 0xff, 0xff, 0xff, 0xff, 0xff, 0xff, 0xff, 0xff, 0xff, 0xff, 0xf3, 0x00,
    0x00, 0x00, 0x00, 0x03, 0xff, 0xff, 0xff, 0xff, 0xff, 0xff, 0xff, 0xff, 0xff, 0xff, 0xff, 0xff,
    0xff, 0xff, 0xff, 0xff, 0xff, 0xff, 0xff, 0xff, 0xff, 0xff, 0xfa, 0x00, 0x00, 0x00, 0x00, 0x05,
    0xff, 0xff, 0xff, 0xff, 0xff, 0xff, 0xff, 0xff, 0xff, 0xff, 0xff, 0xff, 0xff, 0xff, 0xff, 0xff,
    0xff, 0xff, 0xff, 0xff, 0xff, 0xff, 0xff, 0x10, 0x00, 0x00, 0x00, 0x06, 0xff, 0xff, 0xff, 0xff,
    0xff, 0xff, 0xff, 0xff, 0xff, 0xff, 0xff, 0xff, 0xff, 0xff, 0xff, 0xff, 0xff, 0xff, 0xff, 0xff,
    0xff, 0xff, 0xff, 0x40, 0x00, 0x00, 0x00, 0x05, 0xff, 0xff, 0xff, 0xff, 0xff, 0xff, 0xff, 0xff,
    0xff, 0xff, 0xff, 0xff, 0xff, 0xff, 0xff, 0xff, 0xff, 0xff, 0xff, 0xff, 0xff, 0xff, 0xff, 0x60,
    0x00, 0x00, 0x00, 0x03, 0xff, 0xff, 0xff, 0xff, 0xff, 0xff, 0xff, 0xff, 0xff, 0xff, 0xff, 0xff,
    0xff, 0xff, 0xff, 0xff, 0xff, 0xff, 0xff, 0xff, 0xff, 0xff, 0xff, 0x60, 0x00, 0x00, 0x00, 0x00,
    0xef, 0xff, 0xff, 0xff, 0xff, 0xff, 0xff, 0xff, 0xff, 0xff, 0xff, 0xff, 0xff, 0xff, 0xff, 0xff,
    0xff, 0xff, 0xff, 0xff, 0xff, 0xff, 0xff, 0x40, 0x00, 0x00, 0x00, 0x01, 0xff, 0xff, 0xff, 0xff,
    0xff, 0xff, 0xff, 0xff, 0xff, 0xff, 0xff, 0xff, 0xff, 0xff, 0xff, 0xff, 0xff, 0xff, 0xff, 0xff,
    0xff, 0xff, 0xff, 0x30, 0x00, 0x00, 0x00, 0x04, 0xff, 0xff, 0xff, 0xff, 0xff, 0xff, 0xff, 0xff,
    0xff, 0xff, 0xff, 0xff, 0xff, 0xff, 0xff, 0xff, 0xff, 0xff, 0xff, 0xff, 0xff, 0xff, 0xff, 0x50,
    0x00, 0x00, 0x00, 0x03, 0xff, 0xff, 0xff, 0xff, 0xff, 0xff, 0xff, 0xff, 0xff, 0xff, 0xff, 0xff,
    0xff, 0xff, 0xff, 0xff, 0xff, 0xff, 0xff, 0xff, 0xff, 0xff, 0xff, 0x50, 0x00, 0x00, 0x00, 0x01,
    0xff, 0xff, 0xff, 0xff, 0xff, 0xff, 0xff, 0xff, 0xff, 0xff, 0xff, 0xff, 0xff, 0xff, 0xff, 0xff,
    0xff, 0xff, 0xff, 0xff, 0xff, 0xff, 0xff, 0x20, 0x00, 0x00, 0x00, 0x00, 0x8f, 0xff, 0xff, 0xff,
    0xff, 0xff, 0xff, 0xff, 0xff, 0xff, 0xff, 0xff, 0xff, 0xff, 0xff, 0xff, 0xff, 0xff, 0xff, 0xff,
    0xff, 0xff, 0xfa, 0x00, 0x00, 0x00, 0x00, 0x00, 0x1b, 0xff, 0xff, 0xff, 0xff, 0xff, 0xff, 0xff,
    0xff, 0xff, 0xff, 0xff, 0xff, 0xff, 0xff, 0xff, 0xff, 0xff, 0xff, 0xff, 0xff, 0xff, 0xd1, 0x00,
    0x00, 0x00, 0x00, 0x00, 0x01, 0x8f, 0xff, 0xff, 0xff, 0xff, 0xff, 0xff, 0xff, 0xff, 0xff, 0xff,
    0xff, 0xff, 0xff, 0xff, 0xff, 0xff, 0xff, 0xff, 0xff, 0xf9, 0x10, 0x00, 0x00, 0x00, 0x00, 0x00,
    0x00, 0x01, 0x34, 0x44, 0x44, 0x44, 0x44, 0x44, 0x44, 0x44, 0x44, 0x44, 0x44, 0x44, 0x44, 0x44,
    0x44, 0x44, 0x44, 0x44, 0x44, 0x10, 0x00, 0x00, 0x00, 0x00, 0x00, 0x00, 0x00, 0x00, 0x00, 0x00,
    0x00, 0x00, 0x00, 0x00, 0x00, 0x00, 0x00, 0x00, 0x00, 0x00, 0x00, 0x00, 0x00, 0x00, 0x00, 0x00,
    0x00, 0x00, 0x00, 0x00, 0x00, 0x00, 0x00, 0x00, 0x00, 0x00, 0x00, 0x00, 0x00, 0x00, 0x00, 0x00,
    0x00, 0x00, 0x00, 0x00, 0x00, 0x00, 0x00, 0x00, 0x00, 0x00, 0x00, 0x00, 0x00, 0x00, 0x00, 0x00,
    0x00, 0x00, 0x00, 0x00, 0x00, 0x00, 0x00, 0x00, 0x00, 0x00, 0x00, 0x00, 0x00, 0x00, 0x00, 0x00,
    0x00, 0x00, 0x00, 0x00, 0x00, 0x00, 0x00, 0x00, 0x00, 0x00, 0x00, 0x00, 0x00, 0x00, 0x00, 0x00,
    0x00, 0x00, 0x00, 0x00, 0x00, 0x00, 0x00, 0x00, 0x00, 0x00, 0x00, 0x00, 0x00, 0x00, 0x00, 0x00,
    0x00, 0x00, 0x00, 0x00, 0x00, 0x00, 0x00, 0x00, 0x00, 0x00, 0x00, 0x00, 0x00, 0x00, 0x00, 0x00,
    0x00, 0x00, 0x00, 0x00, 0x00, 0x00, 0x00, 0x00, 0x00, 0x00, 0x00, 0x00, 0x00, 0x00, 0x00, 0x00,
    0x00, 0x00, 0x00, 0x00, 0x00, 0x00, 0x00, 0x00, 0x00, 0x00, 0x00, 0x00, 0x00, 0x00, 0x00, 0x00,
    0x00, 0x00, 0x00, 0x00, 0x00, 0x00, 0x00, 0x00, 0x00, 0x00, 0x00, 0x00, 0x00, 0x00, 0x00, 0x00,
    0x00, 0x00, 0x00, 0x00, 0x00, 0x00, 0x00, 0x00, 0x00, 0x00, 0x00, 0x00, 0x00, 0x00, 0x00, 0x00,
    0x00, 0x00, 0x00, 0x00, 0x00, 0x00, 0x00, 0x00, 0x00, 0x00, 0x00, 0x00, 0x00, 0x00, 0x00, 0x00,
    0x00, 0x00, 0x00, 0x00, 0x00, 0x00, 0x00, 0x00, 0x00, 0x00, 0x00, 0x00, 0x00, 0x00, 0x00, 0x00,
    0x00, 0x00, 0x00, 0x00, 0x00, 0x00, 0x00, 0x00, 0x00, 0x00, 0x00, 0x00, 0x00, 0x00, 0x00, 0x00,
    0x00, 0x00, 0x00, 0x00, 0x00, 0x00, 0x00, 0x00, 0x00, 0x00, 0x00, 0x00, 0x00, 0x00, 0x00, 0x00,
    0x00, 0x00, 0x00, 0x00, 0x00, 0x00, 0x00, 0x00, 0x00, 0x00, 0x00, 0x00, 0x00, 0x00, 0x00, 0x00,
    0x00, 0x00, 0x00, 0x00, 0x00, 0x00, 0x00, 0x00, 0x00, 0x00, 0x00, 0x00, 0x00, 0x00, 0x00, 0x00,
    0x00, 0x00, 0x00, 0x00, 0x00, 0x00, 0x00, 0x00, 0x00, 0x00, 0x00, 0x00, 0x00, 0x00, 0x00, 0x00,
    0x00, 0x00, 0x00, 0x00, 0x00, 0x00, 0x00, 0x00, 0x00, 0x00, 0x00, 0x00, 0x00, 0x00, 0x00, 0x00,
    0x00, 0x00, 0x00, 0x00, 0x00, 0x00, 0x00, 0x00, 0x00, 0x00, 0x00, 0x00, 0x00, 0x00, 0x00, 0x00,
    0x00, 0x00, 0x00, 0x00, 0x00, 0x00, 0x00, 0x00, 0x00, 0x00, 0x00, 0x00, 0x00, 0x00, 0x00, 0x00,
    0x00, 0x00, 0x00, 0x00, 0x00, 0x00, 0x00, 0x00, 0x00, 0x00, 0x00, 0x00, 0x00, 0x00, 0x00, 0x00,
    0x00, 0x00, 0x00, 0x00, 0x00, 0x00, 0x00, 0x00, 0x00, 0x00, 0x00, 0x00, 0x00, 0x00, 0x00, 0x00,
    0x00, 0x00, 0x00, 0x00, 0x00, 0x00, 0x00, 0x00, 0x00, 0x00, 0x00, 0x00, 0x00, 0x00, 0x00, 0x00,
    0x00, 0x00, 0x00, 0x00, 0x00, 0x00, 0x00, 0x00, 0x00, 0x00, 0x00, 0x00, 0x00, 0x00, 0x00, 0x00,
    0x00, 0x00, 0x00, 0x00, 0x00, 0x00, 0x00, 0x00, 0x00, 0x00, 0x00, 0x00, 0x00, 0x00, 0x00, 0x00,
    0x00, 0x00, 0x00, 0x00, 0x00, 0x00, 0x00, 0x00, 0x00, 0x00, 0x00, 0x00, 0x00, 0x00, 0x00, 0x00,
    0x00, 0x00, 0x00, 0x00, 0x00, 0x00, 0x00, 0x00, 0x00, 0x00, 0x00, 0x00, 0x00, 0x00, 0x00, 0x00,
    0x00, 0x00, 0x00, 0x00, 0x00, 0x00, 0x00, 0x00, 0x00, 0x00, 0x00, 0x00, 0x00, 0x00, 0x00, 0x00,
    0x00, 0x00, 0x00, 0x00, 0x00, 0x00, 0x00, 0x00, 0x00, 0x00, 0x00, 0x00, 0x00, 0x00, 0x00, 0x00,
    0x00, 0x00, 0x00, 0x00, 0x00, 0x00, 0x00, 0x00, 0x00, 0x00, 0x00, 0x00, 0x00, 0x00, 0x00, 0x00,
};
static const uint8_t s_icon56_snow_q[] = {
    0x00, 0x00, 0x00, 0x00, 0x00, 0x00, 0x00, 0x00, 0x00, 0x00, 0x00, 0x00, 0x00, 0x00, 0x00, 0x00,
    0x00, 0x00, 0x00, 0x00, 0x00, 0x00, 0x00, 0x00, 0x00, 0x00, 0x00, 0x00, 0x00, 0x00, 0x00, 0x00,
    0x00, 0x00, 0x00, 0x00, 0x00, 0x00, 0x00, 0x00, 0x00, 0x00, 0x00, 0x00, 0x00, 0x00, 0x00, 0x00,
    0x00, 0x00, 0x00, 0x00, 0x00, 0x00, 0x00, 0x00, 0x00, 0x00, 0x00, 0x00, 0x00, 0x00, 0x00, 0x00,
    0x00, 0x00, 0x00, 0x00, 0x00, 0x00, 0x00, 0x00, 0x00, 0x00, 0x00, 0x00, 0x00, 0x00, 0x00, 0x00,
    0x00, 0x00, 0x00, 0x00, 0x00, 0x00, 0x00, 0x00, 0x00, 0x00, 0x00, 0x00, 0x00, 0x00, 0x00, 0x00,
    0x00, 0x00, 0x00, 0x00, 0x00, 0x00, 0x00, 0x00, 0x00, 0x00, 0x00, 0x00, 0x00, 0x00, 0x00, 0x00,
    0x00, 0x00, 0x00, 0x00, 0x00, 0x00, 0x00, 0x00, 0x00, 0x00, 0x00, 0x00, 0x00, 0x00, 0x00, 0x00,
    0x00, 0x00, 0x00, 0x00, 0x00, 0x00, 0x00, 0x00, 0x00, 0x00, 0x00, 0x00, 0x00, 0x00, 0x00, 0x00,
    0x00, 0x00, 0x00, 0x00, 0x00, 0x00, 0x00, 0x00, 0x00, 0x00, 0x00, 0x00, 0x00, 0x00, 0x00, 0x00,
    0x00, 0x00, 0x00, 0x00, 0x00, 0x00, 0x00, 0x00, 0x00, 0x00, 0x00, 0x00, 0x00, 0x00, 0x00, 0x00,
    0x00, 0x00, 0x00, 0x00, 0x00, 0x00, 0x00, 0x00, 0x00, 0x00, 0x00, 0x00, 0x00, 0x00, 0x00, 0x00,
    0x00, 0x00, 0x00, 0x00, 0x00, 0x00, 0x00, 0x00, 0x00, 0x00, 0x00, 0x00, 0x00, 0x00, 0x00, 0x00,
    0x00, 0x00, 0x00, 0x00, 0x00, 0x00, 0x00, 0x00, 0x00, 0x00, 0x00, 0x00, 0x00, 0x00, 0x00, 0x00,
    0x00, 0x00, 0x00, 0x00, 0x00, 0x00, 0x00, 0x00, 0x00, 0x00, 0x00, 0x00, 0x00, 0x00, 0x00, 0x00,
    0x00, 0x00, 0x00, 0x00, 0x00, 0x00, 0x00, 0x00, 0x00, 0x00, 0x00, 0x00, 0x00, 0x00, 0x00, 0x00,
    0x00, 0x00, 0x00, 0x00, 0x00, 0x00, 0x00, 0x00, 0x00, 0x00, 0x00, 0x00, 0x00, 0x00, 0x00, 0x00,
    0x00, 0x00, 0x00, 0x00, 0x00, 0x00, 0x00, 0x00, 0x00, 0x00, 0x00, 0x00, 0x00, 0x00, 0x00, 0x00,
    0x00, 0x00, 0x00, 0x00, 0x00, 0x00, 0x00, 0x00, 0x00, 0x00, 0x00, 0x00, 0x00, 0x00, 0x00, 0x00,
    0x00, 0x00, 0x00, 0x00, 0x00, 0x00, 0x00, 0x00, 0x00, 0x00, 0x00, 0x00, 0x00, 0x00, 0x00, 0x00,
    0x00, 0x00, 0x00, 0x00, 0x00, 0x00, 0x00, 0x00, 0x00, 0x00, 0x00, 0x00, 0x00, 0x00, 0x00, 0x00,
    0x00, 0x00, 0x00, 0x00, 0x00, 0x00, 0x00, 0x00, 0x00, 0x00, 0x00, 0x00, 0x00, 0x00, 0x00, 0x00,
    0x00, 0x00, 0x00, 0x00, 0x00, 0x00, 0x00, 0x00, 0x00, 0x00, 0x00, 0x00, 0x00, 0x00, 0x00, 0x00,
    0x00, 0x00, 0x00, 0x00, 0x00, 0x00, 0x00, 0x00, 0x00, 0x00, 0x00, 0x00, 0x00, 0x00, 0x00, 0x00,
    0x00, 0x00, 0x00, 0x00, 0x00, 0x00, 0x00, 0x00, 0x00, 0x00, 0x00, 0x00, 0x00, 0x00, 0x00, 0x00,
    0x00, 0x00, 0x00, 0x00, 0x00, 0x00, 0x00, 0x00, 0x00, 0x00, 0x00, 0x00, 0x00, 0x00, 0x00, 0x00,
    0x00, 0x00, 0x00, 0x00, 0x00, 0x00, 0x00, 0x00, 0x00, 0x00, 0x00, 0x00, 0x00, 0x00, 0x00, 0x00,
    0x00, 0x00, 0x00, 0x00, 0x00, 0x00, 0x00, 0x00, 0x00, 0x00, 0x00, 0x00, 0x00, 0x00, 0x00, 0x00,
    0x00, 0x00, 0x00, 0x00, 0x00, 0x00, 0x00, 0x00, 0x00, 0x00, 0x00, 0x00, 0x00, 0x00, 0x00, 0x00,
    0x00, 0x00, 0x00, 0x00, 0x00, 0x00, 0x00, 0x00, 0x00, 0x00, 0x00, 0x00, 0x00, 0x00, 0x00, 0x00,
    0x00, 0x00, 0x00, 0x00, 0x00, 0x00, 0x00, 0x00, 0x00, 0x00, 0x00, 0x00, 0x00, 0x00, 0x00, 0x00,
    0x00, 0x00, 0x00, 0x00, 0x00, 0x00, 0x00, 0x00, 0x00, 0x00, 0x00, 0x00, 0x00, 0x00, 0x00, 0x00,
    0x00, 0x00, 0x00, 0x00, 0x00, 0x00, 0x00, 0x00, 0x00, 0x00, 0x00, 0x00, 0x00, 0x00, 0x00, 0x00,
    0x00, 0x00, 0x00, 0x00, 0x00, 0x00, 0x00, 0x00, 0x00, 0x00, 0x00, 0x00, 0x00, 0x00, 0x00, 0x00,
    0x00, 0x00, 0x00, 0x00, 0x00, 0x00, 0x00, 0x00, 0x00, 0x00, 0x00, 0x00, 0x00, 0x00, 0x00, 0x00,
    0x00, 0x00, 0x00, 0x00, 0x00, 0x00, 0x00, 0x00, 0x00, 0x00, 0x00, 0x00, 0x00, 0x00, 0x00, 0x00,
    0x00, 0x00, 0x00, 0x00, 0x00, 0x00, 0x00, 0x00, 0x00, 0x00, 0x00, 0x00, 0x00, 0x00, 0x00, 0x00,
    0x00, 0x00, 0x00, 0x00, 0x00, 0x00, 0x00, 0x00, 0x00, 0x00, 0x00, 0x00, 0x00, 0x00, 0x00, 0x00,
    0x00, 0x00, 0x00, 0x00, 0x00, 0x00, 0x00, 0x00, 0x00, 0x00, 0x00, 0x00, 0x00, 0x00, 0x00, 0x00,
    0x00, 0x00, 0x00, 0x00, 0x00, 0x00, 0x00, 0x00, 0x00, 0x00, 0x00, 0x00, 0x00, 0x00, 0x00, 0x00,
    0x00, 0x00, 0x00, 0x00, 0x00, 0x00, 0x00, 0x00, 0x00, 0x00, 0x00, 0x00, 0x00, 0x00, 0x00, 0x00,
    0x00, 0x00, 0x00, 0x00, 0x00, 0x00, 0x00, 0x00, 0x00, 0x00, 0x00, 0x00, 0x00, 0x00, 0x00, 0x00,
    0x00, 0x00, 0x00, 0x00, 0x00, 0x00, 0x00, 0x00, 0x00, 0x00, 0x00, 0x00, 0x00, 0x00, 0x00, 0x00,
    0x00, 0x00, 0x00, 0x00, 0x00, 0x00, 0x00, 0x00, 0x00, 0x00, 0x00, 0x00, 0x00, 0x00, 0x00, 0x00,
    0x00, 0x00, 0x00, 0x00, 0x00, 0x00, 0x00, 0x00, 0x00, 0x00, 0x00, 0x00, 0x00, 0x00, 0x00, 0x00,
    0x00, 0x00, 0x00, 0x00, 0x00, 0x00, 0x00, 0x00, 0x00, 0x00, 0x00, 0x00, 0x00, 0x00, 0x00, 0x00,
    0x00, 0x00, 0x00, 0x00, 0x00, 0x00, 0x00, 0x00, 0x00, 0x00, 0x00, 0x00, 0x00, 0x00, 0x00, 0x00,
    0x00, 0x00, 0x00, 0x00, 0x00, 0x00, 0x00, 0x00, 0x00, 0x00, 0x00, 0x00, 0x00, 0x00, 0x00, 0x00,
    0x00, 0x00, 0x00, 0x00, 0x00, 0x00, 0x00, 0x00, 0x00, 0x00, 0x00, 0x00, 0x00, 0x00, 0x00, 0x00,
    0x00, 0x00, 0x00, 0x00, 0x00, 0x00, 0x00, 0x00, 0x00, 0x00, 0x00, 0x00, 0x00, 0x00, 0x00, 0x00,
    0x00, 0x00, 0x00, 0x00, 0x00, 0x00, 0x00, 0x00, 0x00, 0x00, 0x00, 0x00, 0x00, 0x00, 0x00, 0x00,
    0x00, 0x00, 0x00, 0x00, 0x00, 0x00, 0x00, 0x00, 0x00, 0x00, 0x00, 0x00, 0x00, 0x00, 0x00, 0x00,
    0x00, 0x00, 0x00, 0x00, 0x00, 0x00, 0x00, 0x00, 0x00, 0x00, 0x00, 0x00, 0x00, 0x00, 0x00, 0x00,
    0x00, 0x00, 0x00, 0x00, 0x00, 0x00, 0x00, 0x00, 0x00, 0x00, 0x00, 0x00, 0x00, 0x00, 0x00, 0x00,
    0x00, 0x00, 0x00, 0x00, 0x00, 0x00, 0x00, 0x00, 0x00, 0x00, 0x00, 0x00, 0x00, 0x00, 0x00, 0x00,
    0x00, 0x00, 0x00, 0x00, 0x00, 0x00, 0x00, 0x00, 0x00, 0x00, 0x00, 0x00, 0x00, 0x00, 0x00, 0x00,
    0x00, 0x00, 0x00, 0x00, 0x00, 0x00, 0x00, 0x00, 0x00, 0x00, 0x00, 0x00, 0x00, 0x00, 0x00, 0x00,
    0x00, 0x00, 0x00, 0x00, 0x00, 0x00, 0x00, 0x00, 0x00, 0x00, 0x00, 0x00, 0x00, 0x00, 0x00, 0x00,
    0x00, 0x00, 0x00, 0x00, 0x00, 0x00, 0x00, 0x00, 0x00, 0x00, 0x00, 0x00, 0x00, 0x00, 0x00, 0x00,
    0x00, 0x00, 0x00, 0x00, 0x00, 0x00, 0x00, 0x00, 0x00, 0x00, 0x00, 0x00, 0x00, 0x00, 0x00, 0x00,
    0x00, 0x00, 0x00, 0x00, 0x00, 0x00, 0x00, 0x00, 0x00, 0x00, 0x00, 0x00, 0x00, 0x00, 0x00, 0x00,
    0x00, 0x00, 0x00, 0x00, 0x00, 0x00, 0x00, 0x00, 0x00, 0x00, 0x00, 0x00, 0x00, 0x00, 0x00, 0x00,
    0x00, 0x00, 0x00, 0x00, 0x00, 0x00, 0x00, 0x00, 0x00, 0x00, 0x00, 0x00, 0x00, 0x00, 0x00, 0x00,
    0x00, 0x00, 0x00, 0x00, 0x00, 0x00, 0x00, 0x00, 0x00, 0x00, 0x00, 0x00, 0x00, 0x00, 0x00, 0x00,
    0x00, 0x00, 0x00, 0x00, 0x00, 0x00, 0x00, 0x00, 0x00, 0x00, 0x00, 0x00, 0x00, 0x00, 0x00, 0x00,
    0x00, 0x00, 0x00, 0x00, 0x00, 0x00, 0x00, 0x00, 0x00, 0x00, 0x00, 0x00, 0x00, 0x00, 0x00, 0x00,
    0x00, 0x00, 0x00, 0x00, 0x00, 0x00, 0x00, 0x00, 0x00, 0x00, 0x00, 0x00, 0x00, 0x00, 0x00, 0x00,
    0x00, 0x00, 0x00, 0x00, 0x00, 0x00, 0x00, 0x00, 0x00, 0x00, 0x00, 0x00, 0x00, 0x00, 0x00, 0x00,
    0x00, 0x00, 0x00, 0x00, 0x00, 0x00, 0x00, 0x00, 0x00, 0x00, 0x00, 0x00, 0x00, 0x00, 0x00, 0x00,
    0x00, 0x00, 0x00, 0x00, 0x00, 0x00, 0x00, 0x00, 0x00, 0x00, 0x00, 0x00, 0x00, 0x00, 0x00, 0x00,
    0x00, 0x00, 0x00, 0x00, 0x00, 0x00, 0x00, 0x04, 0x98, 0x20, 0x00, 0x00, 0x00, 0x00, 0x00, 0x00,
    0x00, 0x00, 0x00, 0x00, 0x01, 0x79, 0x60, 0x00, 0x00, 0x00, 0x00, 0x00, 0x00, 0x00, 0x00, 0x00,
    0x00, 0x00, 0x00, 0x8f, 0xff, 0xe3, 0x00, 0x00, 0x00, 0x00, 0x00, 0x00, 0x00, 0x00, 0x00, 0x00,
    0x1d, 0xff, 0xfb, 0x00, 0x00, 0x00, 0x00, 0x00, 0x00, 0x00, 0x00, 0x00, 0x00, 0x00, 0x01, 0xff,
    0xff, 0xfb, 0x00, 0x00, 0x00, 0x00, 0x00, 0x00, 0x00, 0x00, 0x00, 0x00, 0x7f, 0xff, 0xff, 0x50,
    0x00, 0x00, 0x00, 0x00, 0x00, 0x00, 0x00, 0x00, 0x00, 0x00, 0x04, 0xff, 0xff, 0xfd, 0x00, 0x00,
    0x00, 0x00, 0x5c, 0xd8, 0x00, 0x00, 0x00, 0x00, 0x9f, 0xff, 0xff, 0x80, 0x00, 0x00, 0x00, 0x00,
    0x00, 0x00, 0x00, 0x00, 0x00, 0x00, 0x01, 0xff, 0xff, 0xfa, 0x00, 0x00, 0x00, 0x05, 0xff, 0xff,
    0x90, 0x00, 0x00, 0x00, 0x6f, 0xff, 0xff, 0x40, 0x00, 0x00, 0x00, 0x00, 0x00, 0x00, 0x00, 0x00,
    0x00, 0x00, 0x00, 0x6f, 0xff, 0xd2, 0x00, 0x00, 0x00, 0x0c, 0xff, 0xff, 0xf1, 0x00, 0x00, 0x00,
    0x0b, 0xff, 0xfa, 0x00, 0x00, 0x00, 0x00, 0x00, 0x00, 0x00, 0x00, 0x00, 0x00, 0x00, 0x00, 0x03,
    0x76, 0x10, 0x00, 0x00, 0x00, 0x0d, 0xff, 0xff, 0xf1, 0x00, 0x00, 0x00, 0x00, 0x58, 0x40, 0x00,
    0x00, 0x00, 0x00, 0x00, 0x00, 0x00, 0x00, 0x00, 0x00, 0x00, 0x00, 0x00, 0x00, 0x00, 0x00, 0x00,
    0x00, 0x08, 0xff, 0xff, 0xc0, 0x00, 0x00, 0x00, 0x00, 0x00, 0x00, 0x00, 0x00, 0x00, 0x00, 0x00,
    0x00, 0x00, 0x00, 0x00, 0x00, 0x00, 0x00, 0x00, 0x00, 0x00, 0x00, 0x00, 0x00, 0x01, 0xbf, 0xfd,
    0x20, 0x00, 0x00, 0x00, 0x00, 0x00, 0x00, 0x00, 0x00, 0x00, 0x00, 0x00, 0x00, 0x00, 0x00, 0x00,
    0x00, 0x00, 0x00, 0x00, 0x00, 0x00, 0x00, 0x58, 0x40, 0x00, 0x03, 0x30, 0x00, 0x03, 0x76, 0x10,
    0x00, 0x00, 0x00, 0x00, 0x00, 0x00, 0x00, 0x00, 0x00, 0x00, 0x00, 0x00, 0x00, 0x00, 0x00, 0x00,
    0x00, 0x00, 0x0b, 0xff, 0xfa, 0x00, 0x00, 0x00, 0x00, 0x6f, 0xff, 0xd1, 0x00, 0x00, 0x00, 0x00,
    0x00, 0x00, 0x00, 0x00, 0x00, 0x00, 0x00, 0x00, 0x00, 0x00, 0x00, 0x00, 0x00, 0x00, 0x6f, 0xff,
    0xff, 0x40, 0x00, 0x00, 0x01, 0xff, 0xff, 0xf8, 0x00, 0x00, 0x00, 0x00, 0x00, 0x00, 0x00, 0x00,
    0x00, 0x00, 0x00, 0x00, 0x00, 0x00, 0x00, 0x00, 0x00, 0x00, 0x9f, 0xff, 0xff, 0x80, 0x00, 0x00,
    0x04, 0xff, 0xff, 0xfb, 0x00, 0x00, 0x00, 0x00, 0x00, 0x00, 0x00, 0x00, 0x00, 0x00, 0x00, 0x00,
    0x00, 0x00, 0x00, 0x00, 0x00, 0x00, 0x6f, 0xff, 0xff, 0x40, 0x00, 0x00, 0x01, 0xff, 0xff, 0xf8,
    0x00, 0x00, 0x00, 0x00, 0x00, 0x00, 0x00, 0x00, 0x00, 0x00, 0x00, 0x00, 0x00, 0x00, 0x00, 0x00,
    0x00, 0x00, 0x0b, 0xff, 0xfa, 0x00, 0x00, 0x00, 0x00, 0x6f, 0xff, 0xd1, 0x00, 0x00, 0x00, 0x00,
    0x00, 0x00, 0x00, 0x00, 0x00, 0x00, 0x00, 0x00, 0x00, 0x00, 0x00, 0x00, 0x00, 0x00, 0x00, 0x58,
    0x40, 0x00, 0x00, 0x00, 0x00, 0x03, 0x76, 0x10, 0x00, 0x00, 0x00, 0x00, 0x00, 0x00, 0x00, 0x00,
};
static const uint8_t s_icon56_thunder_p[] = {
    0x00, 0x00, 0x00, 0x00, 0x00, 0x00, 0x00, 0x00, 0x00, 0x00, 0x00, 0x00, 0x00, 0x00, 0x00, 0x00,
    0x00, 0x00, 0x00, 0x00, 0x00, 0x00, 0x00, 0x00, 0x00, 0x00, 0x00, 0x00, 0x00, 0x00, 0x00, 0x00,
    0x00, 0x00, 0x00, 0x00, 0x00, 0x00, 0x00, 0x00, 0x00, 0x00, 0x00, 0x00, 0x00, 0x00, 0x00, 0x00,
    0x00, 0x00, 0x00, 0x00, 0x00, 0x00, 0x00, 0x00, 0x00, 0x00, 0x00, 0x00, 0x00, 0x00, 0x00, 0x00,
    0x00, 0x00, 0x00, 0x00, 0x00, 0x00, 0x00, 0x00, 0x00, 0x00, 0x00, 0x00, 0x00, 0x00, 0x00, 0x00,
    0x00, 0x00, 0x00, 0x00, 0x00, 0x00, 0x00, 0x00, 0x00, 0x00, 0x00, 0x00, 0x00, 0x00, 0x00, 0x00,
    0x00, 0x00, 0x00, 0x00, 0x00, 0x00, 0x00, 0x00, 0x00, 0x00, 0x00, 0x00, 0x00, 0x00, 0x00, 0x00,
    0x00, 0x00, 0x00, 0x00, 0x00, 0x00, 0x00, 0x00, 0x00, 0x00, 0x00, 0x00, 0x00, 0x00, 0x00, 0x00,
    0x00, 0x00, 0x00, 0x00, 0x00, 0x00, 0x00, 0x00, 0x00, 0x00, 0x00, 0x00, 0x00, 0x00, 0x00, 0x00,
    0x00, 0x00, 0x00, 0x00, 0x00, 0x00, 0x00, 0x00, 0x00, 0x00, 0x02, 0x69, 0xbb, 0xb9, 0x73, 0x00,
    0x00, 0x00, 0x00, 0x00, 0x00, 0x00, 0x00, 0x00, 0x00, 0x00, 0x00, 0x00, 0x00, 0x00, 0x00, 0x00,
    0x00, 0x00, 0x00, 0x00, 0x00, 0x06, 0xcf, 0xff, 0xff, 0xff, 0xff, 0xd7, 0x10, 0x00, 0x00, 0x00,
    0x00, 0x00, 0x00, 0x00, 0x00, 0x00, 0x00, 0x00, 0x00, 0x00, 0x00, 0x00, 0x00, 0x00, 0x00, 0x00,
    0x03, 0xdf, 0xff, 0xff, 0xff, 0xff, 0xff, 0xff, 0xe6, 0x00, 0x00, 0x00, 0x00, 0x00, 0x00, 0x00,
    0x00, 0x00, 0x00, 0x00, 0x00, 0x00, 0x00, 0x00, 0x00, 0x00, 0x00, 0x00, 0x7f, 0xff, 0xff, 0xff,
    0xff, 0xff, 0xff, 0xff, 0xff, 0xa1, 0x00, 0x00, 0x00, 0x00, 0x00, 0x00, 0x00, 0x00, 0x00, 0x00,
    0x00, 0x00, 0x00, 0x00, 0x00, 0x00, 0x00, 0x08, 0xff, 0xff, 0xff, 0xff, 0xff, 0xff, 0xff, 0xff,
    0xff, 0xfb, 0x10, 0x00, 0x00, 0x00, 0x00, 0x00, 0x00, 0x00, 0x00, 0x00, 0x00, 0x00, 0x00, 0x00,
    0x00, 0x00, 0x00, 0x7f, 0xff, 0xff, 0xff, 0xff, 0xff, 0xff, 0xff, 0xff, 0xff, 0xff, 0xb0, 0x00,
    0x00, 0x00, 0x00, 0x00, 0x00, 0x00, 0x00, 0x00, 0x00, 0x00, 0x00, 0x00, 0x00, 0x00, 0x03, 0xff,
    0xff, 0xff, 0xff, 0xff, 0xff, 0xff, 0xff, 0xff, 0xff, 0xff, 0xf7, 0x00, 0x00, 0x00, 0x00, 0x00,
    0x00, 0x00, 0x00, 0x00, 0x00, 0x00, 0x00, 0x00, 0x00, 0x00, 0x0d, 0xff, 0xff, 0xff, 0xff, 0xff,
    0xff, 0xff, 0xff, 0xff, 0xff, 0xff, 0xff, 0x20, 0x00, 0x00, 0x00, 0x00, 0x00, 0x00, 0x00, 0x00,
    0x00, 0x00, 0x00, 0x00, 0x00, 0x00, 0x6f, 0xff, 0xff, 0xff, 0xff, 0xff, 0xff, 0xff, 0xff, 0xff,
    0xff, 0xff, 0xff, 0x90, 0x00, 0x00, 0x00, 0x00, 0x00, 0x00, 0x00, 0x00, 0x00, 0x00, 0x00, 0x00,
    0x00, 0x00, 0xcf, 0xff, 0xff, 0xff, 0xff, 0xff, 0xff, 0xff, 0xff, 0xff, 0xff, 0xff, 0xff, 0xf1,
    0x00, 0x00, 0x00, 0x00, 0x00, 0x00, 0x00, 0x00, 0x00, 0x00, 0x00, 0x00, 0x00, 0x02, 0xff, 0xff,
    0xff, 0xff, 0xff, 0xff, 0xff, 0xff, 0xff, 0xff, 0xff, 0xff, 0xff, 0xf6, 0x00, 0x00, 0x00, 0x00,
    0x00, 0x00, 0x00, 0x00, 0x00, 0x00, 0x00, 0x5a, 0xdf, 0xfe, 0xff, 0xff, 0xff, 0xff, 0xff, 0xff,
    0xff, 0xff, 0xff, 0xff, 0xff, 0xff, 0xff, 0xfa, 0x00, 0x00, 0x00, 0x00, 0x00, 0x00, 0x00, 0x00,
    0x00, 0x00, 0x5d, 0xff, 0xff, 0xff, 0xff, 0xff, 0xff, 0xff, 0xff, 0xff, 0xff, 0xff, 0xff, 0xff,
    0xff, 0xff, 0xff, 0xfc, 0x00, 0x00, 0x00, 0x00, 0x00, 0x00, 0x00, 0x00, 0x00, 0x09, 0xff, 0xff,
    0xff, 0xff, 0xff, 0xff, 0xff, 0xff, 0xff, 0xff, 0xff, 0xff, 0xff, 0xff, 0xff, 0xff, 0xff, 0xff,
    0x00, 0x00, 0x00, 0x00, 0x00, 0x00, 0x00, 0x00, 0x00, 0xaf, 0xff, 0xff, 0xff, 0xff, 0xff, 0xff,
    0xff, 0xff, 0xff, 0xff, 0xff, 0xff, 0xff, 0xff, 0xff, 0xff, 0xff, 0xff, 0x81, 0x00, 0x00, 0x00,
    0x00, 0x00, 0x00, 0x00, 0x07, 0xff, 0xff, 0xff, 0xff, 0xff, 0xff, 0xff, 0xff, 0xff, 0xff, 0xff,
    0xff, 0xff, 0xff, 0xff, 0xff, 0xff, 0xff, 0xff, 0xfe, 0x60, 0x00, 0x00, 0x00, 0x00, 0x00, 0x00,
    0x1f, 0xff, 0xff, 0xff, 0xff, 0xff, 0xff, 0xff, 0xff, 0xff, 0xff, 0xff, 0xff, 0xff, 0xff, 0xff,
    0xff, 0xff, 0xff, 0xff, 0xff, 0xf8, 0x00, 0x00, 0x00, 0x00, 0x00, 0x00, 0x8f, 0xff, 0xff, 0xff,
    0xff, 0xff, 0xff, 0xff, 0xff, 0xff, 0xff, 0xff, 0xff, 0xff, 0xff, 0xff, 0xff, 0xff, 0xff, 0xff,
    0xff, 0xff, 0x80, 0x00, 0x00, 0x00, 0x00, 0x00, 0xef, 0xff, 0xff, 0xff, 0xff, 0xff, 0xff, 0xff,
    0xff, 0xff, 0xff, 0xff, 0xff, 0xff, 0xff, 0xff, 0xff, 0xff, 0xff, 0xff, 0xff, 0xff, 0xf3, 0x00,
    0x00, 0x00, 0x00, 0x03, 0xff, 0xff, 0xff, 0xff, 0xff, 0xff, 0xff, 0xff, 0xff, 0xff, 0xff, 0xff,
    0xfe, 0xdd, 0xdd, 0xff, 0xff, 0xff, 0xff, 0xff, 0xff, 0xff, 0xfa, 0x00, 0x00, 0x00, 0x00, 0x05,
    0xff, 0xff, 0xff, 0xff, 0xff, 0xff, 0xff, 0xff, 0xff, 0xff, 0xff, 0xff, 0xf8, 0x00, 0x02, 0xff,
    0xff, 0xff, 0xff, 0xff, 0xff, 0xff, 0xff, 0x10, 0x00, 0x00, 0x00, 0x06, 0xff, 0xff, 0xff, 0xff,
    0xff, 0xff, 0xff, 0xff, 0xff, 0xff, 0xff, 0xf4, 0x77, 0x00, 0x02, 0xff, 0xff, 0xff, 0xff, 0xff,
    0xff, 0xff, 0xff, 0x40, 0x00, 0x00, 0x00, 0x05, 0xff, 0xff, 0xff, 0xff, 0xff, 0xff, 0xff, 0xff,
    0xff, 0xff, 0xff, 0x70, 0x00, 0x00, 0x01, 0xbf, 0xff, 0xff, 0xff, 0xff, 0xff, 0xff, 0xff, 0x60,
    0x00, 0x00, 0x00, 0x03, 0xff, 0xff, 0xff, 0xff, 0xff, 0xff, 0xff, 0xff, 0xff, 0xff, 0xfb, 0x00,
    0x00, 0x00, 0x00, 0x07, 0xff, 0xff, 0xff, 0xff, 0xff, 0xff, 0xff, 0x60, 0x00, 0x00, 0x00, 0x00,
    0xef, 0xff, 0xff, 0xff, 0xff, 0xff, 0xff, 0xff, 0xff, 0xff, 0xe1, 0x00, 0x00, 0x00, 0x00, 0x0b,
    0xff, 0xff, 0xff, 0xff, 0xff, 0xff, 0xff, 0x40, 0x00, 0x00, 0x00, 0x01, 0xff, 0xff, 0xff, 0xff,
    0xff, 0xff, 0xff, 0xff, 0xff, 0xff, 0x40, 0x00, 0x00, 0x00, 0x00, 0x6f, 0xff, 0xff, 0xff, 0xff,
    0xff, 0xff, 0xff, 0x30, 0x00, 0x00, 0x00, 0x04, 0xff, 0xff, 0xff, 0xff, 0xff, 0xff, 0xff, 0xff,
    0xff, 0xf8, 0x00, 0x00, 0x00, 0x00, 0x01, 0xef, 0xff, 0xff, 0xff, 0xff, 0xff, 0xff, 0xff, 0x50,
    0x00, 0x00, 0x00, 0x03, 0xff, 0xff, 0xff, 0xff, 0xff, 0xff, 0xff, 0xff, 0xff, 0xb0, 0x00, 0x00,
    0x00, 0x00, 0x0a, 0xff, 0xff, 0xff, 0xff, 0xff, 0xff, 0xff, 0xff, 0x50, 0x00, 0x00, 0x00, 0x01,
    0xff, 0xff, 0xff, 0xff, 0xff, 0xff, 0xff, 0xff, 0xfe, 0x20, 0x00, 0x00, 0x00, 0x00, 0x4f, 0xff,
    0xff, 0xff, 0xff, 0xff, 0xff, 0xff, 0xff, 0x20, 0x00, 0x00, 0x00, 0x00, 0x8f, 0xff, 0xff, 0xff,
    0xff, 0xff, 0xff, 0xff, 0xf5, 0x00, 0x00, 0x00, 0x00, 0x00, 0x79, 0x99, 0xff, 0xff, 0xff, 0xff,
    0xff, 0xff, 0xfa, 0x00, 0x00, 0x00, 0x00, 0x00, 0x1b, 0xff, 0xff, 0xff, 0xff, 0xff, 0xff, 0xff,
    0x90, 0x00, 0x00, 0x00, 0x00, 0x00, 0x00, 0x00, 0xff, 0xff, 0xff, 0xff, 0xff, 0xff, 0xd1, 0x00,
    0x00, 0x00, 0x00, 0x00, 0x01, 0x8f, 0xff, 0xff, 0xff, 0xff, 0xff, 0xfc, 0x00, 0x00, 0x00, 0x00,
    0x00, 0x00, 0x00, 0x00, 0xff, 0xff, 0xff, 0xff, 0xff, 0xf9, 0x10, 0x00, 0x00, 0x00, 0x00, 0x00,
    0x00, 0x01, 0x34, 0x44, 0x44, 0x44, 0x44, 0x41, 0x00, 0x00, 0x00, 0x00, 0x00, 0x00, 0x00, 0x00,
    0x44, 0x44, 0x44, 0x44, 0x44, 0x10, 0x00, 0x00, 0x00, 0x00, 0x00, 0x00, 0x00, 0x00, 0x00, 0x00,
    0x00, 0x00, 0x00, 0x00, 0x00, 0x00, 0x00, 0x00, 0x00, 0x00, 0x00, 0x00, 0x00, 0x00, 0x00, 0x00,
    0x00, 0x00, 0x00, 0x00, 0x00, 0x00, 0x00, 0x00, 0x00, 0x00, 0x00, 0x00, 0x00, 0x00, 0x00, 0x00,
    0x00, 0x00, 0x00, 0x00, 0x00, 0x00, 0x00, 0x00, 0x00, 0x00, 0x00, 0x00, 0x00, 0x00, 0x00, 0x00,
    0x00, 0x00, 0x00, 0x00, 0x00, 0x00, 0x00, 0x00, 0x00, 0x00, 0x00, 0x00, 0x00, 0x00, 0x00, 0x00,
    0x00, 0x00, 0x00, 0x00, 0x00, 0x00, 0x00, 0x00, 0x00, 0x00, 0x00, 0x00, 0x00, 0x00, 0x00, 0x00,
    0x00, 0x00, 0x00, 0x00, 0x00, 0x00, 0x00, 0x00, 0x00, 0x00, 0x00, 0x00, 0x00, 0x00, 0x00, 0x00,
    0x00, 0x00, 0x00, 0x00, 0x00, 0x00, 0x00, 0x00, 0x00, 0x00, 0x00, 0x00, 0x00, 0x00, 0x00, 0x00,
    0x00, 0x00, 0x00, 0x00, 0x00, 0x00, 0x00, 0x00, 0x00, 0x00, 0x00, 0x00, 0x00, 0x00, 0x00, 0x00,
    0x00, 0x00, 0x00, 0x00, 0x00, 0x00, 0x00, 0x00, 0x00, 0x00, 0x00, 0x00, 0x00, 0x00, 0x00, 0x00,
    0x00, 0x00, 0x00, 0x00, 0x00, 0x00, 0x00, 0x00, 0x00, 0x00, 0x00, 0x00, 0x00, 0x00, 0x00, 0x00,
    0x00, 0x00, 0x00, 0x00, 0x00, 0x00, 0x00, 0x00, 0x00, 0x00, 0x00, 0x00, 0x00, 0x00, 0x00, 0x00,
    0x00, 0x00, 0x00, 0x00, 0x00, 0x00, 0x00, 0x00, 0x00, 0x00, 0x00, 0x00, 0x00, 0x00, 0x00, 0x00,
    0x00, 0x00, 0x00, 0x00, 0x00, 0x00, 0x00, 0x00, 0x00, 0x00, 0x00, 0x00, 0x00, 0x00, 0x00, 0x00,
    0x00, 0x00, 0x00, 0x00, 0x00, 0x00, 0x00, 0x00, 0x00, 0x00, 0x00, 0x00, 0x00, 0x00, 0x00, 0x00,
    0x00, 0x00, 0x00, 0x00, 0x00, 0x00, 0x00, 0x00, 0x00, 0x00, 0x00, 0x00, 0x00, 0x00, 0x00, 0x00,
    0x00, 0x00, 0x00, 0x00, 0x00, 0x00, 0x00, 0x00, 0x00, 0x00, 0x00, 0x00, 0x00, 0x00, 0x00, 0x00,
    0x00, 0x00, 0x00, 0x00, 0x00, 0x00, 0x00, 0x00, 0x00, 0x00, 0x00, 0x00, 0x00, 0x00, 0x00, 0x00,
    0x00, 0x00, 0x00, 0x00, 0x00, 0x00, 0x00, 0x00, 0x00, 0x00, 0x00, 0x00, 0x00, 0x00, 0x00, 0x00,
    0x00, 0x00, 0x00, 0x00, 0x00, 0x00, 0x00, 0x00, 0x00, 0x00, 0x00, 0x00, 0x00, 0x00, 0x00, 0x00,
    0x00, 0x00, 0x00, 0x00, 0x00, 0x00, 0x00, 0x00, 0x00, 0x00, 0x00, 0x00, 0x00, 0x00, 0x00, 0x00,
    0x00, 0x00, 0x00, 0x00, 0x00, 0x00, 0x00, 0x00, 0x00, 0x00, 0x00, 0x00, 0x00, 0x00, 0x00, 0x00,
    0x00, 0x00, 0x00, 0x00, 0x00, 0x00, 0x00, 0x00, 0x00, 0x00, 0x00, 0x00, 0x00, 0x00, 0x00, 0x00,
    0x00, 0x00, 0x00, 0x00, 0x00, 0x00, 0x00, 0x00, 0x00, 0x00, 0x00, 0x00, 0x00, 0x00, 0x00, 0x00,
    0x00, 0x00, 0x00, 0x00, 0x00, 0x00, 0x00, 0x00, 0x00, 0x00, 0x00, 0x00, 0x00, 0x00, 0x00, 0x00,
    0x00, 0x00, 0x00, 0x00, 0x00, 0x00, 0x00, 0x00, 0x00, 0x00, 0x00, 0x00, 0x00, 0x00, 0x00, 0x00,
    0x00, 0x00, 0x00, 0x00, 0x00, 0x00, 0x00, 0x00, 0x00, 0x00, 0x00, 0x00, 0x00, 0x00, 0x00, 0x00,
    0x00, 0x00, 0x00, 0x00, 0x00, 0x00, 0x00, 0x00, 0x00, 0x00, 0x00, 0x00, 0x00, 0x00, 0x00, 0x00,
    0x00, 0x00, 0x00, 0x00, 0x00, 0x00, 0x00, 0x00, 0x00, 0x00, 0x00, 0x00, 0x00, 0x00, 0x00, 0x00,
    0x00, 0x00, 0x00, 0x00, 0x00, 0x00, 0x00, 0x00, 0x00, 0x00, 0x00, 0x00, 0x00, 0x00, 0x00, 0x00,
    0x00, 0x00, 0x00, 0x00, 0x00, 0x00, 0x00, 0x00, 0x00, 0x00, 0x00, 0x00, 0x00, 0x00, 0x00, 0x00,
    0x00, 0x00, 0x00, 0x00, 0x00, 0x00, 0x00, 0x00, 0x00, 0x00, 0x00, 0x00, 0x00, 0x00, 0x00, 0x00,
};
static const uint8_t s_icon56_thunder_q[] = {
    0x00, 0x00, 0x00, 0x00, 0x00, 0x00, 0x00, 0x00, 0x00, 0x00, 0x00, 0x00, 0x00, 0x00, 0x00, 0x00,
    0x00, 0x00, 0x00, 0x00, 0x00, 0x00, 0x00, 0x00, 0x00, 0x00, 0x00, 0x00, 0x00, 0x00, 0x00, 0x00,
    0x00, 0x00, 0x00, 0x00, 0x00, 0x00, 0x00, 0x00, 0x00, 0x00, 0x00, 0x00, 0x00, 0x00, 0x00, 0x00,
    0x00, 0x00, 0x00, 0x00, 0x00, 0x00, 0x00, 0x00, 0x00, 0x00, 0x00, 0x00, 0x00, 0x00, 0x00, 0x00,
    0x00, 0x00, 0x00, 0x00, 0x00, 0x00, 0x00, 0x00, 0x00, 0x00, 0x00, 0x00, 0x00, 0x00, 0x00, 0x00,
    0x00, 0x00, 0x00, 0x00, 0x00, 0x00, 0x00, 0x00, 0x00, 0x00, 0x00, 0x00, 0x00, 0x00, 0x00, 0x00,
    0x00, 0x00, 0x00, 0x00, 0x00, 0x00, 0x00, 0x00, 0x00, 0x00, 0x00, 0x00, 0x00, 0x00, 0x00, 0x00,
    0x00, 0x00, 0x00, 0x00, 0x00, 0x00, 0x00, 0x00, 0x00, 0x00, 0x00, 0x00, 0x00, 0x00, 0x00, 0x00,
    0x00, 0x00, 0x00, 0x00, 0x00, 0x00, 0x00, 0x00, 0x00, 0x00, 0x00, 0x00, 0x00, 0x00, 0x00, 0x00,
    0x00, 0x00, 0x00, 0x00, 0x00, 0x00, 0x00, 0x00, 0x00, 0x00, 0x00, 0x00, 0x00, 0x00, 0x00, 0x00,
    0x00, 0x00, 0x00, 0x00, 0x00, 0x00, 0x00, 0x00, 0x00, 0x00, 0x00, 0x00, 0x00, 0x00, 0x00, 0x00,
    0x00, 0x00, 0x00, 0x00, 0x00, 0x00, 0x00, 0x00, 0x00, 0x00, 0x00, 0x00, 0x00, 0x00, 0x00, 0x00,
    0x00, 0x00, 0x00, 0x00, 0x00, 0x00, 0x00, 0x00, 0x00, 0x00, 0x00, 0x00, 0x00, 0x00, 0x00, 0x00,
    0x00, 0x00, 0x00, 0x00, 0x00, 0x00, 0x00, 0x00, 0x00, 0x00, 0x00, 0x00, 0x00, 0x00, 0x00, 0x00,
    0x00, 0x00, 0x00, 0x00, 0x00, 0x00, 0x00, 0x00, 0x00, 0x00, 0x00, 0x00, 0x00, 0x00, 0x00, 0x00,
    0x00, 0x00, 0x00, 0x00, 0x00, 0x00, 0x00, 0x00, 0x00, 0x00, 0x00, 0x00, 0x00, 0x00, 0x00, 0x00,
    0x00, 0x00, 0x00, 0x00, 0x00, 0x00, 0x00, 0x00, 0x00, 0x00, 0x00, 0x00, 0x00, 0x00, 0x00, 0x00,
    0x00, 0x00, 0x00, 0x00, 0x00, 0x00, 0x00, 0x00, 0x00, 0x00, 0x00, 0x00, 0x00, 0x00, 0x00, 0x00,
    0x00, 0x00, 0x00, 0x00, 0x00, 0x00, 0x00, 0x00, 0x00, 0x00, 0x00, 0x00, 0x00, 0x00, 0x00, 0x00,
    0x00, 0x00, 0x00, 0x00, 0x00, 0x00, 0x00, 0x00, 0x00, 0x00, 0x00, 0x00, 0x00, 0x00, 0x00, 0x00,
    0x00, 0x00, 0x00, 0x00, 0x00, 0x00, 0x00, 0x00, 0x00, 0x00, 0x00, 0x00, 0x00, 0x00, 0x00, 0x00,
    0x00, 0x00, 0x00, 0x00, 0x00, 0x00, 0x00, 0x00, 0x00, 0x00, 0x00, 0x00, 0x00, 0x00, 0x00, 0x00,
    0x00, 0x00, 0x00, 0x00, 0x00, 0x00, 0x00, 0x00, 0x00, 0x00, 0x00, 0x00, 0x00, 0x00, 0x00, 0x00,
    0x00, 0x00, 0x00, 0x00, 0x00, 0x00, 0x00, 0x00, 0x00, 0x00, 0x00, 0x00, 0x00, 0x00, 0x00, 0x00,
    0x00, 0x00, 0x00, 0x00, 0x00, 0x00, 0x00, 0x00, 0x00, 0x00, 0x00, 0x00, 0x00, 0x00, 0x00, 0x00,
    0x00, 0x00, 0x00, 0x00, 0x00, 0x00, 0x00, 0x00, 0x00, 0x00, 0x00, 0x00, 0x00, 0x00, 0x00, 0x00,
    0x00, 0x00, 0x00, 0x00, 0x00, 0x00, 0x00, 0x00, 0x00, 0x00, 0x00, 0x00, 0x00, 0x00, 0x00, 0x00,
    0x00, 0x00, 0x00, 0x00, 0x00, 0x00, 0x00, 0x00, 0x00, 0x00, 0x00, 0x00, 0x00, 0x00, 0x00, 0x00,
    0x00, 0x00, 0x00, 0x00, 0x00, 0x00, 0x00, 0x00, 0x00, 0x00, 0x00, 0x00, 0x00, 0x00, 0x00, 0x00,
    0x00, 0x00, 0x00, 0x00, 0x00, 0x00, 0x00, 0x00, 0x00, 0x00, 0x00, 0x00, 0x00, 0x00, 0x00, 0x00,
    0x00, 0x00, 0x00, 0x00, 0x00, 0x00, 0x00, 0x00, 0x00, 0x00, 0x00, 0x00, 0x00, 0x00, 0x00, 0x00,
    0x00, 0x00, 0x00, 0x00, 0x00, 0x00, 0x00, 0x00, 0x00, 0x00, 0x00, 0x00, 0x00, 0x00, 0x00, 0x00,
    0x00, 0x00, 0x00, 0x00, 0x00, 0x00, 0x00, 0x00, 0x00, 0x00, 0x00, 0x00, 0x00, 0x00, 0x00, 0x00,
    0x00, 0x00, 0x00, 0x00, 0x00, 0x00, 0x00, 0x00, 0x00, 0x00, 0x00, 0x00, 0x00, 0x00, 0x00, 0x00,
    0x00, 0x00, 0x00, 0x00, 0x00, 0x00, 0x00, 0x00, 0x00, 0x00, 0x00, 0x00, 0x00, 0x00, 0x00, 0x00,
    0x00, 0x00, 0x00, 0x00, 0x00, 0x00, 0x00, 0x00, 0x00, 0x00, 0x00, 0x00, 0x00, 0x00, 0x00, 0x00,
    0x00, 0x00, 0x00, 0x00, 0x00, 0x00, 0x00, 0x00, 0x00, 0x00, 0x00, 0x00, 0x00, 0x00, 0x00, 0x00,
    0x00, 0x00, 0x00, 0x00, 0x00, 0x00, 0x00, 0x00, 0x00, 0x00, 0x00, 0x00, 0x00, 0x00, 0x00, 0x00,
    0x00, 0x00, 0x00, 0x00, 0x00, 0x00, 0x00, 0x00, 0x00, 0x00, 0x00, 0x00, 0x00, 0x00, 0x00, 0x00,
    0x00, 0x00, 0x00, 0x00, 0x00, 0x00, 0x00, 0x00, 0x00, 0x00, 0x00, 0x00, 0x00, 0x00, 0x00, 0x00,
    0x00, 0x00, 0x00, 0x00, 0x00, 0x00, 0x00, 0x00, 0x00, 0x00, 0x00, 0x00, 0x00, 0x00, 0x00, 0x00,
    0x00, 0x00, 0x00, 0x00, 0x00, 0x00, 0x00, 0x00, 0x00, 0x00, 0x00, 0x00, 0x00, 0x00, 0x00, 0x00,
    0x00, 0x00, 0x00, 0x00, 0x00, 0x00, 0x00, 0x00, 0x00, 0x00, 0x00, 0x00, 0x00, 0x00, 0x00, 0x00,
    0x00, 0x00, 0x00, 0x00, 0x00, 0x00, 0x00, 0x00, 0x00, 0x00, 0x00, 0x00, 0x00, 0x00, 0x00, 0x00,
    0x00, 0x00, 0x00, 0x00, 0x00, 0x00, 0x00, 0x00, 0x00, 0x00, 0x00, 0x00, 0x00, 0x00, 0x00, 0x00,
    0x00, 0x00, 0x00, 0x00, 0x00, 0x00, 0x00, 0x00, 0x00, 0x00, 0x00, 0x00, 0x00, 0x00, 0x00, 0x00,
    0x00, 0x00, 0x00, 0x00, 0x00, 0x00, 0x00, 0x00, 0x00, 0x00, 0x00, 0x00, 0x00, 0x00, 0x00, 0x00,
    0x00, 0x00, 0x00, 0x00, 0x00, 0x00, 0x00, 0x00, 0x00, 0x00, 0x00, 0x00, 0x00, 0x00, 0x00, 0x00,
    0x00, 0x00, 0x00, 0x00, 0x08, 0xbb, 0xb8, 0x00, 0x00, 0x00, 0x00, 0x00, 0x00, 0x00, 0x00, 0x00,
    0x00, 0x00, 0x00, 0x00, 0x00, 0x00, 0x00, 0x00, 0x00, 0x00, 0x00, 0x00, 0x00, 0x00, 0x00, 0x00,
    0x6f, 0xff, 0xf2, 0x00, 0x00, 0x00, 0x00, 0x00, 0x00, 0x00, 0x00, 0x00, 0x00, 0x00, 0x00, 0x00,
    0x00, 0x00, 0x00, 0x00, 0x00, 0x00, 0x00, 0x00, 0x00, 0x00, 0x00, 0x02, 0xef, 0xff, 0x70, 0x00,
    0x00, 0x00, 0x00, 0x00, 0x00, 0x00, 0x00, 0x00, 0x00, 0x00, 0x00, 0x00, 0x00, 0x00, 0x00, 0x00,
    0x00, 0x00, 0x00, 0x00, 0x00, 0x00, 0x00, 0x0c, 0xff, 0xfc, 0x00, 0x00, 0x00, 0x00, 0x00, 0x00,
    0x00, 0x00, 0x00, 0x00, 0x00, 0x00, 0x00, 0x00, 0x00, 0x00, 0x00, 0x00, 0x00, 0x00, 0x00, 0x00,
    0x00, 0x00, 0x00, 0x9f, 0xff, 0xf3, 0x00, 0x00, 0x00, 0x00, 0x00, 0x00, 0x00, 0x00, 0x00, 0x00,
    0x00, 0x00, 0x00, 0x00, 0x00, 0x00, 0x00, 0x00, 0x00, 0x00, 0x00, 0x00, 0x00, 0x00, 0x05, 0xff,
    0xff, 0x80, 0x00, 0x00, 0x00, 0x00, 0x00, 0x00, 0x00, 0x00, 0x00, 0x00, 0x00, 0x00, 0x00, 0x00,
    0x00, 0x00, 0x00, 0x00, 0x00, 0x00, 0x00, 0x00, 0x00, 0x00, 0x2e, 0xff, 0xfd, 0x10, 0x00, 0x00,
    0x00, 0x00, 0x00, 0x00, 0x00, 0x00, 0x00, 0x00, 0x00, 0x00, 0x00, 0x00, 0x00, 0x00, 0x00, 0x00,
    0x00, 0x00, 0x00, 0x00, 0x00, 0x00, 0xcf, 0xff, 0xf4, 0x00, 0x00, 0x00, 0x00, 0x00, 0x00, 0x00,
    0x00, 0x00, 0x00, 0x00, 0x00, 0x00, 0x00, 0x00, 0x00, 0x00, 0x00, 0x00, 0x00, 0x00, 0x00, 0x00,
    0x00, 0x08, 0xff, 0xff, 0x90, 0x00, 0x00, 0x00, 0x00, 0x00, 0x00, 0x00, 0x00, 0x00, 0x00, 0x00,
    0x00, 0x00, 0x00, 0x00, 0x00, 0x00, 0x00, 0x00, 0x00, 0x00, 0x00, 0x00, 0x00, 0x4f, 0xff, 0xfe,
    0x10, 0x00, 0x00, 0x00, 0x00, 0x00, 0x00, 0x00, 0x00, 0x00, 0x00, 0x00, 0x00, 0x00, 0x00, 0x00,
    0x00, 0x00, 0x00, 0x00, 0x00, 0x00, 0x00, 0x00, 0x01, 0xef, 0xff, 0xff, 0xff, 0xff, 0xff, 0xfa,
    0x00, 0x00, 0x00, 0x00, 0x00, 0x00, 0x00, 0x00, 0x00, 0x00, 0x00, 0x00, 0x00, 0x00, 0x00, 0x00,
    0x00, 0x00, 0x00, 0x00, 0x0b, 0xff, 0xff, 0xff, 0xff, 0xff, 0xff, 0xc1, 0x00, 0x00, 0x00, 0x00,
    0x00, 0x00, 0x00, 0x00, 0x00, 0x00, 0x00, 0x00, 0x00, 0x00, 0x00, 0x00, 0x00, 0x00, 0x00, 0x00,
    0x7f, 0xff, 0xff, 0xff, 0xff, 0xff, 0xfe, 0x20, 0x00, 0x00, 0x00, 0x00, 0x00, 0x00, 0x00, 0x00,
    0x00, 0x00, 0x00, 0x00, 0x00, 0x00, 0x00, 0x00, 0x00, 0x00, 0x00, 0x04, 0xff, 0xff, 0xff, 0xff,
    0xff, 0xff, 0xf4, 0x00, 0x00, 0x00, 0x00, 0x00, 0x00, 0x00, 0x00, 0x00, 0x00, 0x00, 0x00, 0x00,
    0x00, 0x00, 0x00, 0x00, 0x00, 0x00, 0x00, 0x1d, 0xff, 0xff, 0xff, 0xff, 0xff, 0xff, 0x60, 0x00,
    0x00, 0x00, 0x00, 0x00, 0x00, 0x00, 0x00, 0x00, 0x00, 0x00, 0x00, 0x00, 0x00, 0x00, 0x00, 0x00,
    0x00, 0x00, 0x00, 0xaf, 0xff, 0xff, 0xff, 0xff, 0xff, 0xf9, 0x00, 0x00, 0x00, 0x00, 0x00, 0x00,
    0x00, 0x00, 0x00, 0x00, 0x00, 0x00, 0x00, 0x00, 0x00, 0x00, 0x00, 0x00, 0x00, 0x00, 0x02, 0x88,
    0x88, 0x88, 0x8d, 0xff, 0xff, 0xb0, 0x00, 0x00, 0x00, 0x00, 0x00, 0x00, 0x00, 0x00, 0x00, 0x00,
    0x00, 0x00, 0x00, 0x00, 0x00, 0x00, 0x00, 0x00, 0x00, 0x00, 0x00, 0x00, 0x00, 0x00, 0x1f, 0xff,
    0xfd, 0x10, 0x00, 0x00, 0x00, 0x00, 0x00, 0x00, 0x00, 0x00, 0x00, 0x00, 0x00, 0x00, 0x00, 0x00,
    0x00, 0x00, 0x00, 0x00, 0x00, 0x00, 0x00, 0x00, 0x00, 0x00, 0x6f, 0xff, 0xf3, 0x00, 0x00, 0x00,
    0x00, 0x00, 0x00, 0x00, 0x00, 0x00, 0x00, 0x00, 0x00, 0x00, 0x00, 0x00, 0x00, 0x00, 0x00, 0x00,
    0x00, 0x00, 0x00, 0x00, 0x00, 0x00, 0xcf, 0xff, 0x50, 0x00, 0x00, 0x00, 0x00, 0x00, 0x00, 0x00,
    0x00, 0x00, 0x00, 0x00, 0x00, 0x00, 0x00, 0x00, 0x00, 0x00, 0x00, 0x00, 0x00, 0x00, 0x00, 0x00,
    0x00, 0x03, 0xff, 0xf8, 0x00, 0x00, 0x00, 0x00, 0x00, 0x00, 0x00, 0x00, 0x00, 0x00, 0x00, 0x00,
    0x00, 0x00, 0x00, 0x00, 0x00, 0x00, 0x00, 0x00, 0x00, 0x00, 0x00, 0x00, 0x00, 0x09, 0xff, 0xb0,
    0x00, 0x00, 0x00, 0x00, 0x00, 0x00, 0x00, 0x00, 0x00, 0x00, 0x00, 0x00, 0x00, 0x00, 0x00, 0x00,
    0x00, 0x00, 0x00, 0x00, 0x00, 0x00, 0x00, 0x00, 0x00, 0x0e, 0xfd, 0x10, 0x00, 0x00, 0x00, 0x00,
    0x00, 0x00, 0x00, 0x00, 0x00, 0x00, 0x00, 0x00, 0x00, 0x00, 0x00, 0x00, 0x00, 0x00, 0x00, 0x00,
    0x00, 0x00, 0x00, 0x00, 0x00, 0x5f, 0xe3, 0x00, 0x00, 0x00, 0x00, 0x00, 0x00, 0x00, 0x00, 0x00,
    0x00, 0x00, 0x00, 0x00, 0x00, 0x00, 0x00, 0x00, 0x00, 0x00, 0x00, 0x00, 0x00, 0x00, 0x00, 0x00,
    0x00, 0xbf, 0x50, 0x00, 0x00, 0x00, 0x00, 0x00, 0x00, 0x00, 0x00, 0x00, 0x00, 0x00, 0x00, 0x00,
    0x00, 0x00, 0x00, 0x00, 0x00, 0x00, 0x00, 0x00, 0x00, 0x00, 0x00, 0x00, 0x02, 0xf8, 0x00, 0x00,
    0x00, 0x00, 0x00, 0x00, 0x00, 0x00, 0x00, 0x00, 0x00, 0x00, 0x00, 0x00, 0x00, 0x00, 0x00, 0x00,
    0x00, 0x00, 0x00, 0x00, 0x00, 0x00, 0x00, 0x00, 0x08, 0xb0, 0x00, 0x00, 0x00, 0x00, 0x00, 0x00,
    0x00, 0x00, 0x00, 0x00, 0x00, 0x00, 0x00, 0x00, 0x00, 0x00, 0x00, 0x00, 0x00, 0x00, 0x00, 0x00,
    0x00, 0x00, 0x00, 0x00, 0x0b, 0x10, 0x00, 0x00, 0x00, 0x00, 0x00, 0x00, 0x00, 0x00, 0x00, 0x00,
    0x00, 0x00, 0x00, 0x00, 0x00, 0x00, 0x00, 0x00, 0x00, 0x00, 0x00, 0x00, 0x00, 0x00, 0x00, 0x00,
    0x32, 0x00, 0x00, 0x00, 0x00, 0x00, 0x00, 0x00, 0x00, 0x00, 0x00, 0x00, 0x00, 0x00, 0x00, 0x00,
};
const dash_icon_img_t dash_icons56[DASH_ICON_COUNT] = {
    {56, s_icon56_sun_p, s_icon56_sun_q},
    {56, s_icon56_partly_p, s_icon56_partly_q},
    {56, s_icon56_cloud_p, s_icon56_cloud_q},
    {56, s_icon56_fog_p, s_icon56_fog_q},
    {56, s_icon56_rain_p, s_icon56_rain_q},
    {56, s_icon56_snow_p, s_icon56_snow_q},
    {56, s_icon56_thunder_p, s_icon56_thunder_q},
};

static const uint8_t s_icon24_sun_p[] = {
    0x00, 0x00, 0x00, 0x00, 0x00, 0x00, 0x00, 0x00, 0x00, 0x00, 0x00, 0x00, 0x00, 0x00, 0x00, 0x00,
    0x00, 0x06, 0x50, 0x00, 0x00, 0x00, 0x00, 0x00, 0x00, 0x00, 0x00, 0x00, 0x00, 0x0f, 0xd0, 0x00,
    0x00, 0x00, 0x00, 0x00, 0x00, 0x00, 0x00, 0x00, 0x00, 0x0f, 0xd0, 0x00, 0x00, 0x00, 0x00, 0x00,
    0x00, 0x00, 0x4b, 0x10, 0x00, 0x09, 0x80, 0x00, 0x01, 0xb4, 0x00, 0x00, 0x00, 0x00, 0xbf, 0xb1,
    0x00, 0x00, 0x00, 0x00, 0x1b, 0xfb, 0x00, 0x00, 0x00, 0x00, 0x1b, 0xd1, 0x00, 0x01, 0x10, 0x00,
    0x1d, 0xb1, 0x00, 0x00, 0x00, 0x00, 0x01, 0x10, 0x07, 0xdf, 0xfd, 0x70, 0x01, 0x10, 0x00, 0x00,
    0x00, 0x00, 0x00, 0x00, 0xaf, 0xff, 0xff, 0xfa, 0x00, 0x00, 0x00, 0x00, 0x00, 0x00, 0x00, 0x07,
    0xff, 0xff, 0xff, 0xff, 0x70, 0x00, 0x00, 0x00, 0x00, 0x00, 0x00, 0x0d, 0xff, 0xff, 0xff, 0xff,
    0xd0, 0x00, 0x00, 0x00, 0x05, 0xdd, 0x80, 0x1f, 0xff, 0xff, 0xff, 0xff, 0xf1, 0x07, 0xdd, 0x50,
    0x06, 0xff, 0x90, 0x1f, 0xff, 0xff, 0xff, 0xff, 0xf1, 0x08, 0xff, 0x60, 0x00, 0x00, 0x00, 0x0d,
    0xff, 0xff, 0xff, 0xff, 0xd0, 0x00, 0x00, 0x00, 0x00, 0x00, 0x00, 0x07, 0xff, 0xff, 0xff, 0xff,
    0x70, 0x00, 0x00, 0x00, 0x00, 0x00, 0x00, 0x00, 0xaf, 0xff, 0xff, 0xfa, 0x00, 0x00, 0x00, 0x00,
    0x00, 0x00, 0x01, 0x10, 0x07, 0xdf, 0xfd, 0x70, 0x01, 0x10, 0x00, 0x00, 0x00, 0x00, 0x1b, 0xd1,
    0x00, 0x01, 0x10, 0x00, 0x1d, 0xb1, 0x00, 0x00, 0x00, 0x00, 0xbf, 0xb1, 0x00, 0x00, 0x00, 0x00,
    0x1b, 0xfb, 0x00, 0x00, 0x00, 0x00, 0x4b, 0x10, 0x00, 0x07, 0x80, 0x00, 0x01, 0xb4, 0x00, 0x00,
    0x00, 0x00, 0x00, 0x00, 0x00, 0x0d, 0xf0, 0x00, 0x00, 0x00, 0x00, 0x00, 0x00, 0x00, 0x00, 0x00,
    0x00, 0x0d, 0xf0, 0x00, 0x00, 0x00, 0x00, 0x00, 0x00, 0x00, 0x00, 0x00, 0x00, 0x05, 0x60, 0x00,
    0x00, 0x00, 0x00, 0x00, 0x00, 0x00, 0x00, 0x00, 0x00, 0x00, 0x00, 0x00, 0x00, 0x00, 0x00, 0x00,
};
static const uint8_t s_icon24_sun_q[] = {
    0x00, 0x00, 0x00, 0x00, 0x00, 0x00, 0x00, 0x00, 0x00, 0x00, 0x00, 0x00, 0x00, 0x00, 0x00, 0x00,
    0x00, 0x00, 0x00, 0x00, 0x00, 0x00, 0x00, 0x00, 0x00, 0x00, 0x00, 0x00, 0x00, 0x00, 0x00, 0x00,
    0x00, 0x00, 0x00, 0x00, 0x00, 0x00, 0x00, 0x00, 0x00, 0x00, 0x00, 0x00, 0x00, 0x00, 0x00, 0x00,
    0x00, 0x00, 0x00, 0x00, 0x00, 0x00, 0x00, 0x00, 0x00, 0x00, 0x00, 0x00, 0x00, 0x00, 0x00, 0x00,
    0x00, 0x00, 0x00, 0x00, 0x00, 0x00, 0x00, 0x00, 0x00, 0x00, 0x00, 0x00, 0x00, 0x00, 0x00, 0x00,
    0x00, 0x00, 0x00, 0x00, 0x00, 0x00, 0x00, 0x00, 0x00, 0x00, 0x00, 0x00, 0x00, 0x00, 0x00, 0x00,
    0x00, 0x00, 0x00, 0x00, 0x00, 0x00, 0x00, 0x00, 0x00, 0x00, 0x00, 0x00, 0x00, 0x00, 0x00, 0x00,
    0x00, 0x00, 0x00, 0x00, 0x00, 0x00, 0x00, 0x00, 0x00, 0x00, 0x00, 0x00, 0x00, 0x00, 0x00, 0x00,
    0x00, 0x00, 0x00, 0x00, 0x00, 0x00, 0x00, 0x00, 0x00, 0x00, 0x00, 0x00, 0x00, 0x00, 0x00, 0x00,
    0x00, 0x00, 0x00, 0x00, 0x00, 0x00, 0x00, 0x00, 0x00, 0x00, 0x00, 0x00, 0x00, 0x00, 0x00, 0x00,
    0x00, 0x00, 0x00, 0x00, 0x00, 0x00, 0x00, 0x00, 0x00, 0x00, 0x00, 0x00, 0x00, 0x00, 0x00, 0x00,
    0x00, 0x00, 0x00, 0x00, 0x00, 0x00, 0x00, 0x00, 0x00, 0x00, 0x00, 0x00, 0x00, 0x00, 0x00, 0x00,
    0x00, 0x00, 0x00, 0x00, 0x00, 0x00, 0x00, 0x00, 0x00, 0x00, 0x00, 0x00, 0x00, 0x00, 0x00, 0x00,
    0x00, 0x00, 0x00, 0x00, 0x00, 0x00, 0x00, 0x00, 0x00, 0x00, 0x00, 0x00, 0x00, 0x00, 0x00, 0x00,
    0x00, 0x00, 0x00, 0x00, 0x00, 0x00, 0x00, 0x00, 0x00, 0x00, 0x00, 0x00, 0x00, 0x00, 0x00, 0x00,
    0x00, 0x00, 0x00, 0x00, 0x00, 0x00, 0x00, 0x00, 0x00, 0x00, 0x00, 0x00, 0x00, 0x00, 0x00, 0x00,
    0x00, 0x00, 0x00, 0x00, 0x00, 0x00, 0x00, 0x00, 0x00, 0x00, 0x00, 0x00, 0x00, 0x00, 0x00, 0x00,
    0x00, 0x00, 0x00, 0x00, 0x00, 0x00, 0x00, 0x00, 0x00, 0x00, 0x00, 0x00, 0x00, 0x00, 0x00, 0x00,
};
static const uint8_t s_icon24_partly_p[] = {
    0x00, 0x00, 0x00, 0x00, 0x00, 0x00, 0x00, 0x00, 0x00, 0x00, 0x00, 0x00, 0x00, 0x00, 0x00, 0x00,
    0x00, 0x00, 0x00, 0x00, 0x00, 0x00, 0x00, 0x00, 0x00, 0x00, 0x00, 0x00, 0x00, 0x00, 0x00, 0x00,
    0x00, 0x00, 0x00, 0x00, 0x00, 0x00, 0x00, 0x00, 0x00, 0x00, 0x00, 0x00, 0x00, 0x00, 0x00, 0x00,
    0x00, 0x00, 0x00, 0x00, 0x00, 0x00, 0x00, 0x00, 0x00, 0x00, 0x00, 0x00, 0x00, 0x00, 0x00, 0x00,
    0x00, 0x00, 0x00, 0x00, 0x00, 0x00, 0x00, 0x00, 0x00, 0x00, 0x00, 0x00, 0x00, 0x00, 0x00, 0x00,
    0x00, 0x00, 0x00, 0x00, 0x00, 0x00, 0x00, 0x00, 0x00, 0x00, 0x00, 0x00, 0x00, 0x00, 0x00, 0x00,
    0x00, 0x00, 0x00, 0x00, 0x00, 0x00, 0x00, 0x00, 0x00, 0x00, 0x00, 0x00, 0x00, 0x00, 0x00, 0x00,
    0x00, 0x00, 0x04, 0x77, 0x40, 0x00, 0x00, 0x00, 0x00, 0x00, 0x00, 0x00, 0x00, 0x04, 0xdf, 0xff,
    0xfe, 0x50, 0x00, 0x00, 0x00, 0x00, 0x00, 0x00, 0x00, 0x4f, 0xff, 0xff, 0xff, 0xf6, 0x00, 0x00,
    0x00, 0x00, 0x00, 0x00, 0x00, 0xdf, 0xff, 0xff, 0xff, 0xfe, 0x10, 0x00, 0x00, 0x00, 0x00, 0x00,
    0x37, 0xff, 0xff, 0xff, 0xff, 0xff, 0x70, 0x00, 0x00, 0x00, 0x00, 0x7e, 0xff, 0xff, 0xff, 0xff,
    0xff, 0xff, 0xb0, 0x00, 0x00, 0x00, 0x07, 0xff, 0xff, 0xff, 0xff, 0xff, 0xff, 0xff, 0xf9, 0x00,
    0x00, 0x00, 0x0e, 0xff, 0xff, 0xff, 0xff, 0xff, 0xff, 0xff, 0xff, 0x90, 0x00, 0x00, 0x3f, 0xff,
    0xff, 0xff, 0xff, 0xff, 0xff, 0xff, 0xff, 0xf1, 0x00, 0x00, 0x3f, 0xff, 0xff, 0xff, 0xff, 0xff,
    0xff, 0xff, 0xff, 0xf4, 0x00, 0x00, 0x1f, 0xff, 0xff, 0xff, 0xff, 0xff, 0xff, 0xff, 0xff, 0xf4,
    0x00, 0x00, 0x1f, 0xff, 0xff, 0xff, 0xff, 0xff, 0xff, 0xff, 0xff, 0xf5, 0x00, 0x00, 0x08, 0xff,
    0xff, 0xff, 0xff, 0xff, 0xff, 0xff, 0xff, 0xb0, 0x00, 0x00, 0x00, 0x34, 0x44, 0x44, 0x44, 0x44,
    0x44, 0x44, 0x43, 0x00, 0x00, 0x00, 0x00, 0x00, 0x00, 0x00, 0x00, 0x00, 0x00, 0x00, 0x00, 0x00,
};
static const uint8_t s_icon24_partly_q[] = {
    0x00, 0x00, 0x00, 0x00, 0x00, 0x00, 0x00, 0x00, 0x00, 0x00, 0x00, 0x00, 0x00, 0x00, 0x00, 0x00,
    0xdb, 0x00, 0x00, 0x00, 0x00, 0x00, 0x00, 0x00, 0x00, 0x00, 0x00, 0x00, 0xdb, 0x00, 0x00, 0x00,
    0x00, 0x00, 0x00, 0x00, 0x00, 0x1c, 0x50, 0x00, 0x54, 0x00, 0x05, 0xc1, 0x00, 0x00, 0x00, 0x00,
    0x00, 0x1b, 0xf2, 0x00, 0x00, 0x00, 0x2f, 0xb1, 0x00, 0x00, 0x00, 0x00, 0x00, 0x01, 0x50, 0x17,
    0xbb, 0x71, 0x05, 0x10, 0x00, 0x00, 0x00, 0x00, 0x00, 0x00, 0x01, 0xdf, 0xff, 0xfd, 0x10, 0x00,
    0x00, 0x00, 0x00, 0x00, 0x00, 0x00, 0x0a, 0xff, 0xff, 0xff, 0xa0, 0x00, 0x00, 0x00, 0x00, 0x00,
    0x28, 0x81, 0x1f, 0xff, 0xff, 0xff, 0xf1, 0x08, 0x83, 0x00, 0x00, 0x00, 0x4f, 0xf2, 0x2f, 0xff,
    0xff, 0xff, 0xf1, 0x06, 0x84, 0x00, 0x00, 0x00, 0x02, 0x20, 0x0e, 0xff, 0xff, 0xfb, 0x20, 0x00,
    0x00, 0x00, 0x00, 0x00, 0x00, 0x00, 0x07, 0xff, 0xff, 0xb0, 0x00, 0x00, 0x00, 0x00, 0x00, 0x00,
    0x00, 0x00, 0x00, 0x8f, 0xfe, 0x10, 0x00, 0x00, 0x00, 0x00, 0x00, 0x00, 0x00, 0x04, 0xb1, 0x02,
    0x54, 0x00, 0x00, 0x00, 0x00, 0x00, 0x00, 0x00, 0x00, 0x2e, 0xd1, 0x00, 0x00, 0x00, 0x00, 0x00,
    0x00, 0x00, 0x00, 0x00, 0x00, 0x07, 0x10, 0x00, 0x00, 0x00, 0x00, 0x00, 0x00, 0x00, 0x00, 0x00,
    0x00, 0x00, 0x00, 0x00, 0x00, 0x00, 0x00, 0x00, 0x00, 0x00, 0x00, 0x00, 0x00, 0x00, 0x00, 0x00,
    0x00, 0x00, 0x00, 0x00, 0x00, 0x00, 0x00, 0x00, 0x00, 0x00, 0x00, 0x00, 0x00, 0x00, 0x00, 0x00,
    0x00, 0x00, 0x00, 0x00, 0x00, 0x00, 0x00, 0x00, 0x00, 0x00, 0x00, 0x00, 0x00, 0x00, 0x00, 0x00,
    0x00, 0x00, 0x00, 0x00, 0x00, 0x00, 0x00, 0x00, 0x00, 0x00, 0x00, 0x00, 0x00, 0x00, 0x00, 0x00,
    0x00, 0x00, 0x00, 0x00, 0x00, 0x00, 0x00, 0x00, 0x00, 0x00, 0x00, 0x00, 0x00, 0x00, 0x00, 0x00,
    0x00, 0x00, 0x00, 0x00, 0x00, 0x00, 0x00, 0x00, 0x00, 0x00, 0x00, 0x00, 0x00, 0x00, 0x00, 0x00,
};
static const uint8_t s_icon24_cloud_p[] = {
    0x00, 0x00, 0x00, 0x00, 0x00, 0x00, 0x00, 0x00, 0x00, 0x00, 0x00, 0x00, 0x00, 0x00, 0x00, 0x00,
    0x00, 0x00, 0x00, 0x00, 0x00, 0x00, 0x00, 0x00, 0x00, 0x00, 0x00, 0x00, 0x00, 0x00, 0x00, 0x00,
    0x00, 0x00, 0x00, 0x00, 0x00, 0x00, 0x00, 0x00, 0x00, 0x00, 0x00, 0x00, 0x00, 0x00, 0x00, 0x00,
    0x00, 0x00, 0x00, 0x00, 0x00, 0x00, 0x00, 0x00, 0x00, 0x00, 0x00, 0x00, 0x00, 0x00, 0x00, 0x00,
    0x00, 0x00, 0x00, 0x00, 0x00, 0x00, 0x00, 0x00, 0x00, 0x00, 0x00, 0x00, 0x00, 0x00, 0x00, 0x00,
    0x00, 0x00, 0x00, 0x00, 0x00, 0x00, 0x00, 0x00, 0x00, 0x04, 0xae, 0xfe, 0xa3, 0x00, 0x00, 0x00,
    0x00, 0x00, 0x00, 0x00, 0x00, 0x8f, 0xff, 0xff, 0xff, 0x60, 0x00, 0x00, 0x00, 0x00, 0x00, 0x00,
    0x08, 0xff, 0xff, 0xff, 0xff, 0xf6, 0x00, 0x00, 0x00, 0x00, 0x00, 0x00, 0x2f, 0xff, 0xff, 0xff,
    0xff, 0xfe, 0x10, 0x00, 0x00, 0x00, 0x00, 0x35, 0xaf, 0xff, 0xff, 0xff, 0xff, 0xff, 0x60, 0x00,
    0x00, 0x00, 0x1b, 0xff, 0xff, 0xff, 0xff, 0xff, 0xff, 0xff, 0x90, 0x00, 0x00, 0x00, 0xcf, 0xff,
    0xff, 0xff, 0xff, 0xff, 0xff, 0xff, 0xe8, 0x00, 0x00, 0x06, 0xff, 0xff, 0xff, 0xff, 0xff, 0xff,
    0xff, 0xff, 0xff, 0x90, 0x00, 0x0a, 0xff, 0xff, 0xff, 0xff, 0xff, 0xff, 0xff, 0xff, 0xff, 0xf2,
    0x00, 0x0b, 0xff, 0xff, 0xff, 0xff, 0xff, 0xff, 0xff, 0xff, 0xff, 0xf5, 0x00, 0x09, 0xff, 0xff,
    0xff, 0xff, 0xff, 0xff, 0xff, 0xff, 0xff, 0xf5, 0x00, 0x0b, 0xff, 0xff, 0xff, 0xff, 0xff, 0xff,
    0xff, 0xff, 0xff, 0xf6, 0x00, 0x08, 0xff, 0xff, 0xff, 0xff, 0xff, 0xff, 0xff, 0xff, 0xff, 0xf3,
    0x00, 0x00, 0x9d, 0xdd, 0xdd, 0xdd, 0xdd, 0xdd, 0xdd, 0xdd, 0xdc, 0x50, 0x00, 0x00, 0x00, 0x00,
    0x00, 0x00, 0x00, 0x00, 0x00, 0x00, 0x00, 0x00, 0x00, 0x00, 0x00, 0x00, 0x00, 0x00, 0x00, 0x00,
    0x00, 0x00, 0x00, 0x00, 0x00, 0x00, 0x00, 0x00, 0x00, 0x00, 0x00, 0x00, 0x00, 0x00, 0x00, 0x00,
};
static const uint8_t s_icon24_cloud_q[] = {
    0x00, 0x00, 0x00, 0x00, 0x00, 0x00, 0x00, 0x00, 0x00, 0x00, 0x00, 0x00, 0x00, 0x00, 0x00, 0x00,
    0x00, 0x00, 0x00, 0x00, 0x00, 0x00, 0x00, 0x00, 0x00, 0x00, 0x00, 0x00, 0x00, 0x00, 0x00, 0x00,
    0x00, 0x00, 0x00, 0x00, 0x00, 0x00, 0x00, 0x00, 0x00, 0x00, 0x00, 0x00, 0x00, 0x00, 0x00, 0x00,
    0x00, 0x00, 0x00, 0x00, 0x00, 0x00, 0x00, 0x00, 0x00, 0x00, 0x00, 0x00, 0x00, 0x00, 0x00, 0x00,
    0x00, 0x00, 0x00, 0x00, 0x00, 0x00, 0x00, 0x00, 0x00, 0x00, 0x00, 0x00, 0x00, 0x00, 0x00, 0x00,
    0x00, 0x00, 0x00, 0x00, 0x00, 0x00, 0x00, 0x00, 0x00, 0x00, 0x00, 0x00, 0x00, 0x00, 0x00, 0x00,
    0x00, 0x00, 0x00, 0x00, 0x00, 0x00, 0x00, 0x00, 0x00, 0x00, 0x00, 0x00, 0x00, 0x00, 0x00, 0x00,
    0x00, 0x00, 0x00, 0x00, 0x00, 0x00, 0x00, 0x00, 0x00, 0x00, 0x00, 0x00, 0x00, 0x00, 0x00, 0x00,
    0x00, 0x00, 0x00, 0x00, 0x00, 0x00, 0x00, 0x00, 0x00, 0x00, 0x00, 0x00, 0x00, 0x00, 0x00, 0x00,
    0x00, 0x00, 0x00, 0x00, 0x00, 0x00, 0x00, 0x00, 0x00, 0x00, 0x00, 0x00, 0x00, 0x00, 0x00, 0x00,
    0x00, 0x00, 0x00, 0x00, 0x00, 0x00, 0x00, 0x00, 0x00, 0x00, 0x00, 0x00, 0x00, 0x00, 0x00, 0x00,
    0x00, 0x00, 0x00, 0x00, 0x00, 0x00, 0x00, 0x00, 0x00, 0x00, 0x00, 0x00, 0x00, 0x00, 0x00, 0x00,
    0x00, 0x00, 0x00, 0x00, 0x00, 0x00, 0x00, 0x00, 0x00, 0x00, 0x00, 0x00, 0x00, 0x00, 0x00, 0x00,
    0x00, 0x00, 0x00, 0x00, 0x00, 0x00, 0x00, 0x00, 0x00, 0x00, 0x00, 0x00, 0x00, 0x00, 0x00, 0x00,
    0x00, 0x00, 0x00, 0x00, 0x00, 0x00, 0x00, 0x00, 0x00, 0x00, 0x00, 0x00, 0x00, 0x00, 0x00, 0x00,
    0x00, 0x00, 0x00, 0x00, 0x00, 0x00, 0x00, 0x00, 0x00, 0x00, 0x00, 0x00, 0x00, 0x00, 0x00, 0x00,
    0x00, 0x00, 0x00, 0x00, 0x00, 0x00, 0x00, 0x00, 0x00, 0x00, 0x00, 0x00, 0x00, 0x00, 0x00, 0x00,
    0x00, 0x00, 0x00, 0x00, 0x00, 0x00, 0x00, 0x00, 0x00, 0x00, 0x00, 0x00, 0x00, 0x00, 0x00, 0x00,
};
static const uint8_t s_icon24_fog_p[] = {
    0x00, 0x00, 0x00, 0x00, 0x00, 0x00, 0x00, 0x00, 0x00, 0x00, 0x00, 0x00, 0x00, 0x00, 0x00, 0x00,
    0x00, 0x00, 0x00, 0x00, 0x00, 0x00, 0x00, 0x00, 0x00, 0x00, 0x00, 0x00, 0x00, 0x00, 0x00, 0x00,
    0x00, 0x00, 0x00, 0x00, 0x00, 0x00, 0x00, 0x00, 0x00, 0x00, 0x00, 0x00, 0x00, 0x00, 0x00, 0x00,
    0x00, 0x00, 0x12, 0x22, 0x22, 0x22, 0x22, 0x22, 0x22, 0x21, 0x00, 0x00, 0x00, 0x01, 0xef, 0xff,
    0xff, 0xff, 0xff, 0xff, 0xff, 0xff, 0x30, 0x00, 0x00, 0x02, 0xff, 0xff, 0xff, 0xff, 0xff, 0xff,
    0xff, 0xff, 0x40, 0x00, 0x00, 0x00, 0x24, 0x44, 0x44, 0x44, 0x44, 0x44, 0x44, 0x42, 0x00, 0x00,
    0x00, 0x00, 0x00, 0x00, 0x00, 0x00, 0x00, 0x00, 0x00, 0x00, 0x00, 0x00, 0x00, 0x00, 0x00, 0x59,
    0x99, 0x99, 0x99, 0x99, 0x99, 0x99, 0x99, 0x20, 0x00, 0x00, 0x00, 0xef, 0xff, 0xff, 0xff, 0xff,
    0xff, 0xff, 0xff, 0x90, 0x00, 0x00, 0x00, 0x7b, 0xbb, 0xbb, 0xbb, 0xbb, 0xbb, 0xbb, 0xbb, 0x30,
    0x00, 0x00, 0x00, 0x00, 0x00, 0x00, 0x00, 0x00, 0x00, 0x00, 0x00, 0x00, 0x00, 0x12, 0x22, 0x22,
    0x22, 0x22, 0x22, 0x21, 0x00, 0x00, 0x00, 0x00, 0x04, 0xff, 0xff, 0xff, 0xff, 0xff, 0xff, 0xff,
    0x60, 0x00, 0x00, 0x00, 0x05, 0xff, 0xff, 0xff, 0xff, 0xff, 0xff, 0xff, 0x70, 0x00, 0x00, 0x00,
    0x00, 0x34, 0x44, 0x44, 0x44, 0x44, 0x44, 0x43, 0x00, 0x00, 0x00, 0x00, 0x00, 0x00, 0x00, 0x00,
    0x00, 0x00, 0x00, 0x00, 0x00, 0x00, 0x00, 0x00, 0x00, 0x00, 0x03, 0x99, 0x99, 0x99, 0x99, 0x99,
    0x99, 0x99, 0x60, 0x00, 0x00, 0x00, 0x0b, 0xff, 0xff, 0xff, 0xff, 0xff, 0xff, 0xff, 0xf1, 0x00,
    0x00, 0x00, 0x04, 0xbb, 0xbb, 0xbb, 0xbb, 0xbb, 0xbb, 0xbb, 0x80, 0x00, 0x00, 0x00, 0x00, 0x00,
    0x00, 0x00, 0x00, 0x00, 0x00, 0x00, 0x00, 0x00, 0x00, 0x00, 0x00, 0x00, 0x00, 0x00, 0x00, 0x00,
    0x00, 0x00, 0x00, 0x00, 0x00, 0x00, 0x00, 0x00, 0x00, 0x00, 0x00, 0x00, 0x00, 0x00, 0x00, 0x00,
};
static const uint8_t s_icon24_fog_q[] = {
    0x00, 0x00, 0x00, 0x00, 0x00, 0x00, 0x00, 0x00, 0x00, 0x00, 0x00, 0x00, 0x00, 0x00, 0x00, 0x00,
    0x00, 0x00, 0x00, 0x00, 0x00, 0x00, 0x00, 0x00, 0x00, 0x00, 0x00, 0x00, 0x00, 0x00, 0x00, 0x00,
    0x00, 0x00, 0x00, 0x00, 0x00, 0x00, 0x00, 0x00, 0x00, 0x00, 0x00, 0x00, 0x00, 0x00, 0x00, 0x00,
    0x00, 0x00, 0x00, 0x00, 0x00, 0x00, 0x00, 0x00, 0x00, 0x00, 0x00, 0x00, 0x00, 0x00, 0x00, 0x00,
    0x00, 0x00, 0x00, 0x00, 0x00, 0x00, 0x00, 0x00, 0x00, 0x00, 0x00, 0x00, 0x00, 0x00, 0x00, 0x00,
    0x00, 0x00, 0x00, 0x00, 0x00, 0x00, 0x00, 0x00, 0x00, 0x00, 0x00, 0x00, 0x00, 0x00, 0x00, 0x00,
    0x00, 0x00, 0x00, 0x00, 0x00, 0x00, 0x00, 0x00, 0x00, 0x00, 0x00, 0x00, 0x00, 0x00, 0x00, 0x00,
    0x00, 0x00, 0x00, 0x00, 0x00, 0x00, 0x00, 0x00, 0x00, 0x00, 0x00, 0x00, 0x00, 0x00, 0x00, 0x00,
    0x00, 0x00, 0x00, 0x00, 0x00, 0x00, 0x00, 0x00, 0x00, 0x00, 0x00, 0x00, 0x00, 0x00, 0x00, 0x00,
    0x00, 0x00, 0x00, 0x00, 0x00, 0x00, 0x00, 0x00, 0x00, 0x00, 0x00, 0x00, 0x00, 0x00, 0x00, 0x00,
    0x00, 0x00, 0x00, 0x00, 0x00, 0x00, 0x00, 0x00, 0x00, 0x00, 0x00, 0x00, 0x00, 0x00, 0x00, 0x00,
    0x00, 0x00, 0x00, 0x00, 0x00, 0x00, 0x00, 0x00, 0x00, 0x00, 0x00, 0x00, 0x00, 0x00, 0x00, 0x00,
    0x00, 0x00, 0x00, 0x00, 0x00, 0x00, 0x00, 0x00, 0x00, 0x00, 0x00, 0x00, 0x00, 0x00, 0x00, 0x00,
    0x00, 0x00, 0x00, 0x00, 0x00, 0x00, 0x00, 0x00, 0x00, 0x00, 0x00, 0x00, 0x00, 0x00, 0x00, 0x00,
    0x00, 0x00, 0x00, 0x00, 0x00, 0x00, 0x00, 0x00, 0x00, 0x00, 0x00, 0x00, 0x00, 0x00, 0x00, 0x00,
    0x00, 0x00, 0x00, 0x00, 0x00, 0x00, 0x00, 0x00, 0x00, 0x00, 0x00, 0x00, 0x00, 0x00, 0x00, 0x00,
    0x00, 0x00, 0x00, 0x00, 0x00, 0x00, 0x00, 0x00, 0x00, 0x00, 0x00, 0x00, 0x00, 0x00, 0x00, 0x00,
    0x00, 0x00, 0x00, 0x00, 0x00, 0x00, 0x00, 0x00, 0x00, 0x00, 0x00, 0x00, 0x00, 0x00, 0x00, 0x00,
};
static const uint8_t s_icon24_rain_p[] = {
    0x00, 0x00, 0x00, 0x00, 0x00, 0x00, 0x00, 0x00, 0x00, 0x00, 0x00, 0x00, 0x00, 0x00, 0x00, 0x00,
    0x00, 0x00, 0x00, 0x00, 0x00, 0x00, 0x00, 0x00, 0x00, 0x00, 0x00, 0x00, 0x00, 0x02, 0x8c, 0xdb,
    0x81, 0x00, 0x00, 0x00, 0x00, 0x00, 0x00, 0x00, 0x00, 0x6f, 0xff, 0xff, 0xfe, 0x50, 0x00, 0x00,
    0x00, 0x00, 0x00, 0x00, 0x06, 0xff, 0xff, 0xff, 0xff, 0xf4, 0x00, 0x00, 0x00, 0x00, 0x00, 0x00,
    0x1e, 0xff, 0xff, 0xff, 0xff, 0xfd, 0x00, 0x00, 0x00, 0x00, 0x00, 0x02, 0x8f, 0xff, 0xff, 0xff,
    0xff, 0xff, 0x50, 0x00, 0x00, 0x00, 0x07, 0xef, 0xff, 0xff, 0xff, 0xff, 0xff, 0xff, 0x80, 0x00,
    0x00, 0x00, 0xaf, 0xff, 0xff, 0xff, 0xff, 0xff, 0xff, 0xff, 0xd5, 0x00, 0x00, 0x05, 0xff, 0xff,
    0xff, 0xff, 0xff, 0xff, 0xff, 0xff, 0xff, 0x70, 0x00, 0x0a, 0xff, 0xff, 0xff, 0xff, 0xff, 0xff,
    0xff, 0xff, 0xff, 0xf1, 0x00, 0x0b, 0xff, 0xff, 0xff, 0xff, 0xff, 0xff, 0xff, 0xff, 0xff, 0xf5,
    0x00, 0x0a, 0xff, 0xff, 0xff, 0xff, 0xff, 0xff, 0xff, 0xff, 0xff, 0xf5, 0x00, 0x0b, 0xff, 0xff,
    0xff, 0xff, 0xff, 0xff, 0xff, 0xff, 0xff, 0xf5, 0x00, 0x09, 0xff, 0xff, 0xff, 0xff, 0xff, 0xff,
    0xff, 0xff, 0xff, 0xf3, 0x00, 0x01, 0xbf, 0xff, 0xff, 0xff, 0xff, 0xff, 0xff, 0xff, 0xfe, 0x60,
    0x00, 0x00, 0x00, 0x00, 0x00, 0x00, 0x00, 0x00, 0x00, 0x00, 0x00, 0x00, 0x00, 0x00, 0x00, 0x00,
    0x00, 0x00, 0x00, 0x00, 0x00, 0x00, 0x00, 0x00, 0x00, 0x00, 0x00, 0x00, 0x00, 0x00, 0x00, 0x00,
    0x00, 0x00, 0x00, 0x00, 0x00, 0x00, 0x00, 0x00, 0x00, 0x00, 0x00, 0x00, 0x00, 0x00, 0x00, 0x00,
    0x00, 0x00, 0x00, 0x00, 0x00, 0x00, 0x00, 0x00, 0x00, 0x00, 0x00, 0x00, 0x00, 0x00, 0x00, 0x00,
    0x00, 0x00, 0x00, 0x00, 0x00, 0x00, 0x00, 0x00, 0x00, 0x00, 0x00, 0x00, 0x00, 0x00, 0x00, 0x00,
    0x00, 0x00, 0x00, 0x00, 0x00, 0x00, 0x00, 0x00, 0x00, 0x00, 0x00, 0x00, 0x00, 0x00, 0x00, 0x00,
};
static const uint8_t s_icon24_rain_q[] = {
    0x00, 0x00, 0x00, 0x00, 0x00, 0x00, 0x00, 0x00, 0x00, 0x00, 0x00, 0x00, 0x00, 0x00, 0x00, 0x00,
    0x00, 0x00, 0x00, 0x00, 0x00, 0x00, 0x00, 0x00, 0x00, 0x00, 0x00, 0x00, 0x00, 0x00, 0x00, 0x00,
    0x00, 0x00, 0x00, 0x00, 0x00, 0x00, 0x00, 0x00, 0x00, 0x00, 0x00, 0x00, 0x00, 0x00, 0x00, 0x00,
    0x00, 0x00, 0x00, 0x00, 0x00, 0x00, 0x00, 0x00, 0x00, 0x00, 0x00, 0x00, 0x00, 0x00, 0x00, 0x00,
    0x00, 0x00, 0x00, 0x00, 0x00, 0x00, 0x00, 0x00, 0x00, 0x00, 0x00, 0x00, 0x00, 0x00, 0x00, 0x00,
    0x00, 0x00, 0x00, 0x00, 0x00, 0x00, 0x00, 0x00, 0x00, 0x00, 0x00, 0x00, 0x00, 0x00, 0x00, 0x00,
    0x00, 0x00, 0x00, 0x00, 0x00, 0x00, 0x00, 0x00, 0x00, 0x00, 0x00, 0x00, 0x00, 0x00, 0x00, 0x00,
    0x00, 0x00, 0x00, 0x00, 0x00, 0x00, 0x00, 0x00, 0x00, 0x00, 0x00, 0x00, 0x00, 0x00, 0x00, 0x00,
    0x00, 0x00, 0x00, 0x00, 0x00, 0x00, 0x00, 0x00, 0x00, 0x00, 0x00, 0x00, 0x00, 0x00, 0x00, 0x00,
    0x00, 0x00, 0x00, 0x00, 0x00, 0x00, 0x00, 0x00, 0x00, 0x00, 0x00, 0x00, 0x00, 0x00, 0x00, 0x00,
    0x00, 0x00, 0x00, 0x00, 0x00, 0x00, 0x00, 0x00, 0x00, 0x00, 0x00, 0x00, 0x00, 0x00, 0x00, 0x00,
    0x00, 0x00, 0x00, 0x00, 0x00, 0x00, 0x00, 0x00, 0x00, 0x00, 0x00, 0x00, 0x00, 0x00, 0x00, 0x00,
    0x00, 0x00, 0x00, 0x00, 0x00, 0x00, 0x00, 0x00, 0x00, 0x00, 0x00, 0x00, 0x00, 0x00, 0x00, 0x02,
    0x00, 0x00, 0x11, 0x00, 0x00, 0x20, 0x00, 0x00, 0x00, 0x00, 0x00, 0x5f, 0x40, 0x00, 0x9e, 0x10,
    0x01, 0xe9, 0x00, 0x00, 0x00, 0x00, 0x01, 0xec, 0x00, 0x04, 0xf9, 0x00, 0x09, 0xf3, 0x00, 0x00,
    0x00, 0x00, 0x00, 0x64, 0x00, 0x01, 0x81, 0x00, 0x03, 0x70, 0x00, 0x00, 0x00, 0x00, 0x00, 0x00,
    0x01, 0x30, 0x00, 0x03, 0x10, 0x00, 0x00, 0x00, 0x00, 0x00, 0x00, 0x00, 0x08, 0xf2, 0x00, 0x0d,
    0xc0, 0x00, 0x00, 0x00, 0x00, 0x00, 0x00, 0x00, 0x2f, 0xa0, 0x00, 0x6f, 0x50, 0x00, 0x00, 0x00,
};
static const uint8_t s_icon24_snow_p[] = {
    0x00, 0x00, 0x00, 0x00, 0x00, 0x00, 0x00, 0x00, 0x00, 0x00, 0x00, 0x00, 0x00, 0x00, 0x00, 0x00,
    0x00, 0x00, 0x00, 0x00, 0x00, 0x00, 0x00, 0x00, 0x00, 0x00, 0x00, 0x00, 0x00, 0x02, 0x8c, 0xdb,
    0x81, 0x00, 0x00, 0x00, 0x00, 0x00, 0x00, 0x00, 0x00, 0x6f, 0xff, 0xff, 0xfe, 0x50, 0x00, 0x00,
    0x00, 0x00, 0x00, 0x00, 0x06, 0xff, 0xff, 0xff, 0xff, 0xf4, 0x00, 0x00, 0x00, 0x00, 0x00, 0x00,
    0x1e, 0xff, 0xff, 0xff, 0xff, 0xfd, 0x00, 0x00, 0x00, 0x00, 0x00, 0x02, 0x8f, 0xff, 0xff, 0xff,
    0xff, 0xff, 0x50, 0x00, 0x00, 0x00, 0x07, 0xef, 0xff, 0xff, 0xff, 0xff, 0xff, 0xff, 0x80, 0x00,
    0x00, 0x00, 0xaf, 0xff, 0xff, 0xff, 0xff, 0xff, 0xff, 0xff, 0xd5, 0x00, 0x00, 0x05, 0xff, 0xff,
    0xff, 0xff, 0xff, 0xff, 0xff, 0xff, 0xff, 0x70, 0x00, 0x0a, 0xff, 0xff, 0xff, 0xff, 0xff, 0xff,
    0xff, 0xff, 0xff, 0xf1, 0x00, 0x0b, 0xff, 0xff, 0xff, 0xff, 0xff, 0xff, 0xff, 0xff, 0xff, 0xf5,
    0x00, 0x0a, 0xff, 0xff, 0xff, 0xff, 0xff, 0xff, 0xff, 0xff, 0xff, 0xf5, 0x00, 0x0b, 0xff, 0xff,
    0xff, 0xff, 0xff, 0xff, 0xff, 0xff, 0xff, 0xf5, 0x00, 0x09, 0xff, 0xff, 0xff, 0xff, 0xff, 0xff,
    0xff, 0xff, 0xff, 0xf3, 0x00, 0x01, 0xbf, 0xff, 0xff, 0xff, 0xff, 0xff, 0xff, 0xff, 0xfe, 0x60,
    0x00, 0x00, 0x00, 0x00, 0x00, 0x00, 0x00, 0x00, 0x00, 0x00, 0x00, 0x00, 0x00, 0x00, 0x00, 0x00,
    0x00, 0x00, 0x00, 0x00, 0x00, 0x00, 0x00, 0x00, 0x00, 0x00, 0x00, 0x00, 0x00, 0x00, 0x00, 0x00,
    0x00, 0x00, 0x00, 0x00, 0x00, 0x00, 0x00, 0x00, 0x00, 0x00, 0x00, 0x00, 0x00, 0x00, 0x00, 0x00,
    0x00, 0x00, 0x00, 0x00, 0x00, 0x00, 0x00, 0x00, 0x00, 0x00, 0x00, 0x00, 0x00, 0x00, 0x00, 0x00,
    0x00, 0x00, 0x00, 0x00, 0x00, 0x00, 0x00, 0x00, 0x00, 0x00, 0x00, 0x00, 0x00, 0x00, 0x00, 0x00,
    0x00, 0x00, 0x00, 0x00, 0x00, 0x00, 0x00, 0x00, 0x00, 0x00, 0x00, 0x00, 0x00, 0x00, 0x00, 0x00,
};
static const uint8_t s_icon24_snow_q[] = {
    0x00, 0x00, 0x00, 0x00, 0x00, 0x00, 0x00, 0x00, 0x00, 0x00, 0x00, 0x00, 0x00, 0x00, 0x00, 0x00,
    0x00, 0x00, 0x00, 0x00, 0x00, 0x00, 0x00, 0x00, 0x00, 0x00, 0x00, 0x00, 0x00, 0x00, 0x00, 0x00,
    0x00, 0x00, 0x00, 0x00, 0x00, 0x00, 0x00, 0x00, 0x00, 0x00, 0x00, 0x00, 0x00, 0x00, 0x00, 0x00,
    0x00, 0x00, 0x00, 0x00, 0x00, 0x00, 0x00, 0x00, 0x00, 0x00, 0x00, 0x00, 0x00, 0x00, 0x00, 0x00,
    0x00, 0x00, 0x00, 0x00, 0x00, 0x00, 0x00, 0x00, 0x00, 0x00, 0x00, 0x00, 0x00, 0x00, 0x00, 0x00,
    0x00, 0x00, 0x00, 0x00, 0x00, 0x00, 0x00, 0x00, 0x00, 0x00, 0x00, 0x00, 0x00, 0x00, 0x00, 0x00,
    0x00, 0x00, 0x00, 0x00, 0x00, 0x00, 0x00, 0x00, 0x00, 0x00, 0x00, 0x00, 0x00, 0x00, 0x00, 0x00,
    0x00, 0x00, 0x00, 0x00, 0x00, 0x00, 0x00, 0x00, 0x00, 0x00, 0x00, 0x00, 0x00, 0x00, 0x00, 0x00,
    0x00, 0x00, 0x00, 0x00, 0x00, 0x00, 0x00, 0x00, 0x00, 0x00, 0x00, 0x00, 0x00, 0x00, 0x00, 0x00,
    0x00, 0x00, 0x00, 0x00, 0x00, 0x00, 0x00, 0x00, 0x00, 0x00, 0x00, 0x00, 0x00, 0x00, 0x00, 0x00,
    0x00, 0x00, 0x00, 0x00, 0x00, 0x00, 0x00, 0x00, 0x00, 0x00, 0x00, 0x00, 0x00, 0x00, 0x00, 0x00,
    0x00, 0x00, 0x00, 0x00, 0x00, 0x00, 0x00, 0x00, 0x00, 0x00, 0x00, 0x00, 0x00, 0x00, 0x00, 0x00,
    0x00, 0x00, 0x00, 0x00, 0x00, 0x00, 0x00, 0x00, 0x00, 0x00, 0x00, 0x00, 0x00, 0x00, 0x00, 0x8a,
    0x10, 0x00, 0x00, 0x00, 0x03, 0xb5, 0x00, 0x00, 0x00, 0x00, 0x01, 0xff, 0x70, 0x00, 0x65, 0x00,
    0x0b, 0xff, 0x00, 0x00, 0x00, 0x00, 0x00, 0xbe, 0x30, 0x05, 0xff, 0x30, 0x05, 0xf9, 0x00, 0x00,
    0x00, 0x00, 0x00, 0x00, 0x00, 0x03, 0xee, 0x10, 0x00, 0x00, 0x00, 0x00, 0x00, 0x00, 0x00, 0x00,
    0x0b, 0xb1, 0x11, 0x3c, 0x90, 0x00, 0x00, 0x00, 0x00, 0x00, 0x00, 0x00, 0x3f, 0xf5, 0x00, 0x9f,
    0xf1, 0x00, 0x00, 0x00, 0x00, 0x00, 0x00, 0x00, 0x0b, 0xb1, 0x00, 0x3c, 0x90, 0x00, 0x00, 0x00,
};
static const uint8_t s_icon24_thunder_p[] = {
    0x00, 0x00, 0x00, 0x00, 0x00, 0x00, 0x00, 0x00, 0x00, 0x00, 0x00, 0x00, 0x00, 0x00, 0x00, 0x00,
    0x00, 0x00, 0x00, 0x00, 0x00, 0x00, 0x00, 0x00, 0x00, 0x00, 0x00, 0x00, 0x00, 0x02, 0x8c, 0xdb,
    0x81, 0x00, 0x00, 0x00, 0x00, 0x00, 0x00, 0x00, 0x00, 0x6f, 0xff, 0xff, 0xfe, 0x50, 0x00, 0x00,
    0x00, 0x00, 0x00, 0x00, 0x06, 0xff, 0xff, 0xff, 0xff, 0xf4, 0x00, 0x00, 0x00, 0x00, 0x00, 0x00,
    0x1e, 0xff, 0xff, 0xff, 0xff, 0xfd, 0x00, 0x00, 0x00, 0x00, 0x00, 0x02, 0x8f, 0xff, 0xff, 0xff,
    0xff, 0xff, 0x50, 0x00, 0x00, 0x00, 0x07, 0xef, 0xff, 0xff, 0xff, 0xff, 0xff, 0xff, 0x80, 0x00,
    0x00, 0x00, 0xaf, 0xff, 0xff, 0xff, 0xff, 0xff, 0xff, 0xff, 0xd5, 0x00, 0x00, 0x05, 0xff, 0xff,
    0xff, 0xff, 0xff, 0xff, 0xff, 0xff, 0xff, 0x70, 0x00, 0x0a, 0xff, 0xff, 0xff, 0xff, 0xff, 0xb9,
    0xef, 0xff, 0xff, 0xf1, 0x00, 0x0b, 0xff, 0xff, 0xff, 0xff, 0xf5, 0x20, 0xaf, 0xff, 0xff, 0xf5,
    0x00, 0x0a, 0xff, 0xff, 0xff, 0xff, 0x80, 0x00, 0x4f, 0xff, 0xff, 0xf5, 0x00, 0x0b, 0xff, 0xff,
    0xff, 0xfc, 0x00, 0x00, 0xcf, 0xff, 0xff, 0xf5, 0x00, 0x09, 0xff, 0xff, 0xff, 0xe2, 0x00, 0x05,
    0xdf, 0xff, 0xff, 0xf3, 0x00, 0x01, 0xbf, 0xff, 0xff, 0x50, 0x00, 0x00, 0x0d, 0xff, 0xfe, 0x60,
    0x00, 0x00, 0x00, 0x00, 0x00, 0x00, 0x00, 0x00, 0x00, 0x00, 0x00, 0x00, 0x00, 0x00, 0x00, 0x00,
    0x00, 0x00, 0x00, 0x00, 0x00, 0x00, 0x00, 0x00, 0x00, 0x00, 0x00, 0x00, 0x00, 0x00, 0x00, 0x00,
    0x00, 0x00, 0x00, 0x00, 0x00, 0x00, 0x00, 0x00, 0x00, 0x00, 0x00, 0x00, 0x00, 0x00, 0x00, 0x00,
    0x00, 0x00, 0x00, 0x00, 0x00, 0x00, 0x00, 0x00, 0x00, 0x00, 0x00, 0x00, 0x00, 0x00, 0x00, 0x00,
    0x00, 0x00, 0x00, 0x00, 0x00, 0x00, 0x00, 0x00, 0x00, 0x00, 0x00, 0x00, 0x00, 0x00, 0x00, 0x00,
    0x00, 0x00, 0x00, 0x00, 0x00, 0x00, 0x00, 0x00, 0x00, 0x00, 0x00, 0x00, 0x00, 0x00, 0x00, 0x00,
};
static const uint8_t s_icon24_thunder_q[] = {
    0x00, 0x00, 0x00, 0x00, 0x00, 0x00, 0x00, 0x00, 0x00, 0x00, 0x00, 0x00, 0x00, 0x00, 0x00, 0x00,
    0x00, 0x00, 0x00, 0x00, 0x00, 0x00, 0x00, 0x00, 0x00, 0x00, 0x00, 0x00, 0x00, 0x00, 0x00, 0x00,
    0x00, 0x00, 0x00, 0x00, 0x00, 0x00, 0x00, 0x00, 0x00, 0x00, 0x00, 0x00, 0x00, 0x00, 0x00, 0x00,
    0x00, 0x00, 0x00, 0x00, 0x00, 0x00, 0x00, 0x00, 0x00, 0x00, 0x00, 0x00, 0x00, 0x00, 0x00, 0x00,
    0x00, 0x00, 0x00, 0x00, 0x00, 0x00, 0x00, 0x00, 0x00, 0x00, 0x00, 0x00, 0x00, 0x00, 0x00, 0x00,
    0x00, 0x00, 0x00, 0x00, 0x00, 0x00, 0x00, 0x00, 0x00, 0x00, 0x00, 0x00, 0x00, 0x00, 0x00, 0x00,
    0x00, 0x00, 0x00, 0x00, 0x00, 0x00, 0x00, 0x00, 0x00, 0x00, 0x00, 0x00, 0x00, 0x00, 0x00, 0x00,
    0x00, 0x00, 0x00, 0x00, 0x00, 0x00, 0x00, 0x00, 0x00, 0x00, 0x00, 0x00, 0x00, 0x00, 0x00, 0x00,
    0x00, 0x00, 0x00, 0x00, 0x00, 0x00, 0x00, 0x00, 0x00, 0x00, 0x00, 0x46, 0x10, 0x00, 0x00, 0x00,
    0x00, 0x00, 0x00, 0x00, 0x00, 0x00, 0x04, 0xfb, 0x00, 0x00, 0x00, 0x00, 0x00, 0x00, 0x00, 0x00,
    0x00, 0x00, 0x1d, 0xf2, 0x00, 0x00, 0x00, 0x00, 0x00, 0x00, 0x00, 0x00, 0x00, 0x00, 0xbf, 0x80,
    0x00, 0x00, 0x00, 0x00, 0x00, 0x00, 0x00, 0x00, 0x00, 0x07, 0xfe, 0x22, 0x20, 0x00, 0x00, 0x00,
    0x00, 0x00, 0x00, 0x00, 0x00, 0x4f, 0xff, 0xff, 0xa0, 0x00, 0x00, 0x00, 0x00, 0x00, 0x00, 0x00,
    0x01, 0xdf, 0xff, 0xfc, 0x10, 0x00, 0x00, 0x00, 0x00, 0x00, 0x00, 0x00, 0x05, 0x99, 0xdf, 0xe2,
    0x00, 0x00, 0x00, 0x00, 0x00, 0x00, 0x00, 0x00, 0x00, 0x00, 0xdf, 0x40, 0x00, 0x00, 0x00, 0x00,
    0x00, 0x00, 0x00, 0x00, 0x00, 0x03, 0xf7, 0x00, 0x00, 0x00, 0x00, 0x00, 0x00, 0x00, 0x00, 0x00,
    0x00, 0x08, 0xa0, 0x00, 0x00, 0x00, 0x00, 0x00, 0x00, 0x00, 0x00, 0x00, 0x00, 0x0b, 0x10, 0x00,
    0x00, 0x00, 0x00, 0x00, 0x00, 0x00, 0x00, 0x00, 0x00, 0x42, 0x00, 0x00, 0x00, 0x00, 0x00, 0x00,
};
const dash_icon_img_t dash_icons24[DASH_ICON_COUNT] = {
    {24, s_icon24_sun_p, s_icon24_sun_q},
    {24, s_icon24_partly_p, s_icon24_partly_q},
    {24, s_icon24_cloud_p, s_icon24_cloud_q},
    {24, s_icon24_fog_p, s_icon24_fog_q},
    {24, s_icon24_rain_p, s_icon24_rain_q},
    {24, s_icon24_snow_p, s_icon24_snow_q},
    {24, s_icon24_thunder_p, s_icon24_thunder_q},
};

// 53907 bytes of asset data.
